2026-05-15 02:36:09,559:DEBUG:certbot._internal.main:certbot version: 3.1.0
2026-05-15 02:36:09,559:DEBUG:certbot._internal.main:Location of certbot entry point: /bin/certbot
2026-05-15 02:36:09,559:DEBUG:certbot._internal.main:Arguments: ['--nginx', '-d', 'aildev.com.tr', '-d', 'www.aildev.com.tr', '--non-interactive', '--agree-tos', '-m', 'admin@aildev.com.tr']
2026-05-15 02:36:09,559:DEBUG:certbot._internal.main:Discovered plugins: PluginsRegistry(PluginEntryPoint#manual,PluginEntryPoint#nginx,PluginEntryPoint#null,PluginEntryPoint#standalone,PluginEntryPoint#webroot)
2026-05-15 02:36:09,567:DEBUG:certbot._internal.log:Root logging level set at 30
2026-05-15 02:36:09,569:DEBUG:certbot._internal.plugins.selection:Requested authenticator nginx and installer nginx
2026-05-15 02:36:09,674:DEBUG:certbot._internal.plugins.selection:Single candidate plugin: * nginx
Description: Nginx Web Server plugin
Interfaces: Authenticator, Installer, Plugin
Entry point: EntryPoint(name='nginx', value='certbot_nginx._internal.configurator:NginxConfigurator', group='certbot.plugins')
Initialized: <certbot_nginx._internal.configurator.NginxConfigurator object at 0x7f2c87c67f70>
Prep: True
2026-05-15 02:36:09,675:DEBUG:certbot._internal.plugins.selection:Selected authenticator <certbot_nginx._internal.configurator.NginxConfigurator object at 0x7f2c87c67f70> and installer <certbot_nginx._internal.configurator.NginxConfigurator object at 0x7f2c87c67f70>
2026-05-15 02:36:09,675:INFO:certbot._internal.plugins.selection:Plugins selected: Authenticator nginx, Installer nginx
2026-05-15 02:36:09,802:DEBUG:acme.client:Sending GET request to https://acme-v02.api.letsencrypt.org/directory.
2026-05-15 02:36:09,803:DEBUG:urllib3.connectionpool:Starting new HTTPS connection (1): acme-v02.api.letsencrypt.org:443
2026-05-15 02:36:10,348:DEBUG:urllib3.connectionpool:https://acme-v02.api.letsencrypt.org:443 "GET /directory HTTP/1.1" 200 1033
2026-05-15 02:36:10,349:DEBUG:acme.client:Received response:
HTTP 200
Server: nginx
Date: Thu, 14 May 2026 23:36:10 GMT
Content-Type: application/json
Content-Length: 1033
Connection: keep-alive
Cache-Control: public, max-age=0, no-cache
X-Frame-Options: DENY
Strict-Transport-Security: max-age=604800

{
  "keyChange": "https://acme-v02.api.letsencrypt.org/acme/key-change",
  "meta": {
    "caaIdentities": [
      "letsencrypt.org"
    ],
    "profiles": {
      "classic": "https://letsencrypt.org/docs/profiles#classic",
      "shortlived": "https://letsencrypt.org/docs/profiles#shortlived",
      "tlsclient": "https://letsencrypt.org/docs/profiles#tlsclient",
      "tlsserver": "https://letsencrypt.org/docs/profiles#tlsserver"
    },
    "termsOfService": "https://letsencrypt.org/documents/LE-SA-v1.6-August-18-2025.pdf",
    "website": "https://letsencrypt.org"
  },
  "newAccount": "https://acme-v02.api.letsencrypt.org/acme/new-acct",
  "newNonce": "https://acme-v02.api.letsencrypt.org/acme/new-nonce",
  "newOrder": "https://acme-v02.api.letsencrypt.org/acme/new-order",
  "renewalInfo": "https://acme-v02.api.letsencrypt.org/acme/renewal-info",
  "revokeCert": "https://acme-v02.api.letsencrypt.org/acme/revoke-cert",
  "vja5Wu9tQmE": "https://community.letsencrypt.org/t/adding-random-entries-to-the-directory/33417"
}
2026-05-15 02:36:10,349:DEBUG:acme.client:Requesting fresh nonce
2026-05-15 02:36:10,349:DEBUG:acme.client:Sending HEAD request to https://acme-v02.api.letsencrypt.org/acme/new-nonce.
2026-05-15 02:36:10,527:DEBUG:urllib3.connectionpool:https://acme-v02.api.letsencrypt.org:443 "HEAD /acme/new-nonce HTTP/1.1" 200 0
2026-05-15 02:36:10,527:DEBUG:acme.client:Received response:
HTTP 200
Server: nginx
Date: Thu, 14 May 2026 23:36:10 GMT
Connection: keep-alive
Cache-Control: public, max-age=0, no-cache
Link: <https://acme-v02.api.letsencrypt.org/directory>;rel="index"
Replay-Nonce: xoZfuRf-zbG2-RXqpzlVR8Iwq8GCEVwUwwJ5ycTMk--R74LW99s
X-Frame-Options: DENY
Strict-Transport-Security: max-age=604800


2026-05-15 02:36:10,527:DEBUG:acme.client:Storing nonce: xoZfuRf-zbG2-RXqpzlVR8Iwq8GCEVwUwwJ5ycTMk--R74LW99s
2026-05-15 02:36:10,528:DEBUG:acme.client:JWS payload:
b'{\n  "contact": [\n    "mailto:admin@aildev.com.tr"\n  ],\n  "termsOfServiceAgreed": true\n}'
2026-05-15 02:36:10,530:DEBUG:acme.client:Sending POST request to https://acme-v02.api.letsencrypt.org/acme/new-acct:
{
  "protected": "eyJhbGciOiAiUlMyNTYiLCAiandrIjogeyJuIjogInc5WnJkTm9DVFAtUnRMSDVobTBTUmo3aDhhazUxUENzdWkxOTdUM3ZUcmdILWRMc29JcmRhSXpIQ1VCa3JtQ3RtYkZMM3lKOUFpVjFXNk9ZSER1VmJ2N3VOVU1qVV9DcGY1OHRPY3VkdWZMUmtqN1dSZVVTbVhQTzZJMEVkUEx0RUYwMG9fbHdNOWF4dVN4YlNLenVyRnJjVm1nUnNfakxfZS1aNDFnY2hZNElJRGM5eF9kQ2UyZXUwNjZjZ01LTkpxN0ZKWnlka3VBdlVybTJCRzRockpZUEE3YzdoZE1uUHIwXzJzYWRhN0o4UklEbDZtclJDX0xGbHlheHNDaGVUbEpyZHkyNVlybFh4bGItb1dKTkFYckd6OEhFc1ZwRVZjemt1aHlPWE92RE5Pc0hvQ2RNZzhlU1dIbjlNQlN6WnVCUzZIN3J4Qi16SU51TlowWnYwdyIsICJlIjogIkFRQUIiLCAia3R5IjogIlJTQSJ9LCAibm9uY2UiOiAieG9aZnVSZi16YkcyLVJYcXB6bFZSOEl3cThHQ0VWd1V3d0o1eWNUTWstLVI3NExXOTlzIiwgInVybCI6ICJodHRwczovL2FjbWUtdjAyLmFwaS5sZXRzZW5jcnlwdC5vcmcvYWNtZS9uZXctYWNjdCJ9",
  "signature": "S9alD_-Oc9Ddt9YJkURCsPHGvroGulSYAYwFwA8ulTrYnmB4JTN_JBPp-Itle9DYmQz6dxQSQy2zfrKrBNjX77V8lPpezCeYQa0TMAopMYg2oGAUqJCpm8oJ3nG6iFqNnFMMvVSatd8Xa-WJxb_yOkeKqOfD0WlUWrftrIZYX2t_5ZP1w5NJBz2GBwygI9r5DY5xeeMFvJ1gMaF-fSi21SsJU-Gbs_Z9x-ebQ2J935ttWj4y_Vvz4IwzFcT3NgmAKE9XOlRA8By2c5MVne7do8CPkwSEdkRExw_VHjiYZlwriPopWH2w3YiPRpSBDvgMKzgw6mzy1iXDBob97VHYiQ",
  "payload": "ewogICJjb250YWN0IjogWwogICAgIm1haWx0bzphZG1pbkBhaWxkZXYuY29tLnRyIgogIF0sCiAgInRlcm1zT2ZTZXJ2aWNlQWdyZWVkIjogdHJ1ZQp9"
}
2026-05-15 02:36:10,716:DEBUG:urllib3.connectionpool:https://acme-v02.api.letsencrypt.org:443 "POST /acme/new-acct HTTP/1.1" 201 477
2026-05-15 02:36:10,716:DEBUG:acme.client:Received response:
HTTP 201
Server: nginx
Date: Thu, 14 May 2026 23:36:10 GMT
Content-Type: application/json
Content-Length: 477
Connection: keep-alive
Boulder-Requester: 3335975146
Cache-Control: public, max-age=0, no-cache
Link: <https://acme-v02.api.letsencrypt.org/directory>;rel="index", <https://letsencrypt.org/documents/LE-SA-v1.6-August-18-2025.pdf>;rel="terms-of-service"
Location: https://acme-v02.api.letsencrypt.org/acme/acct/3335975146
Replay-Nonce: xoZfuRf-xyGUjVfMlkgc5sfPHukGKazOCOFUsxt4TMMD0TJPv68
X-Frame-Options: DENY
Strict-Transport-Security: max-age=604800

{
  "key": {
    "kty": "RSA",
    "n": "w9ZrdNoCTP-RtLH5hm0SRj7h8ak51PCsui197T3vTrgH-dLsoIrdaIzHCUBkrmCtmbFL3yJ9AiV1W6OYHDuVbv7uNUMjU_Cpf58tOcudufLRkj7WReUSmXPO6I0EdPLtEF00o_lwM9axuSxbSKzurFrcVmgRs_jL_e-Z41gchY4IIDc9x_dCe2eu066cgMKNJq7FJZydkuAvUrm2BG4hrJYPA7c7hdMnPr0_2sada7J8RIDl6mrRC_LFlyaxsCheTlJrdy25YrlXxlb-oWJNAXrGz8HEsVpEVczkuhyOXOvDNOsHoCdMg8eSWHn9MBSzZuBS6H7rxB-zINuNZ0Zv0w",
    "e": "AQAB"
  },
  "createdAt": "2026-05-14T23:36:10.622516651Z",
  "status": "valid"
}
2026-05-15 02:36:10,716:DEBUG:acme.client:Storing nonce: xoZfuRf-xyGUjVfMlkgc5sfPHukGKazOCOFUsxt4TMMD0TJPv68
2026-05-15 02:36:10,717:DEBUG:certbot._internal.display.obj:Notifying user: Account registered.
2026-05-15 02:36:10,718:DEBUG:certbot._internal.main:Picked account: <Account(RegistrationResource(body=Registration(key=JWKRSA(key=<ComparableRSAKey(<cryptography.hazmat.backends.openssl.rsa._RSAPublicKey object at 0x7f2c85b67040>)>), contact=(), agreement=None, status='valid', terms_of_service_agreed=None, only_return_existing=None, external_account_binding=None), uri='https://acme-v02.api.letsencrypt.org/acme/acct/3335975146', new_authzr_uri=None, terms_of_service='https://letsencrypt.org/documents/LE-SA-v1.6-August-18-2025.pdf'), 06ef36118767e1490ef59f11e24adcd8, Meta(creation_dt=datetime.datetime(2026, 5, 14, 23, 36, 10, tzinfo=<UTC>), creation_host='localhost.localdomain', register_to_eff=None))>
2026-05-15 02:36:10,719:DEBUG:certbot._internal.display.obj:Notifying user: Requesting a certificate for aildev.com.tr and www.aildev.com.tr
2026-05-15 02:36:10,721:DEBUG:acme.client:JWS payload:
b'{\n  "identifiers": [\n    {\n      "type": "dns",\n      "value": "aildev.com.tr"\n    },\n    {\n      "type": "dns",\n      "value": "www.aildev.com.tr"\n    }\n  ]\n}'
2026-05-15 02:36:10,723:DEBUG:acme.client:Sending POST request to https://acme-v02.api.letsencrypt.org/acme/new-order:
{
  "protected": "eyJhbGciOiAiUlMyNTYiLCAia2lkIjogImh0dHBzOi8vYWNtZS12MDIuYXBpLmxldHNlbmNyeXB0Lm9yZy9hY21lL2FjY3QvMzMzNTk3NTE0NiIsICJub25jZSI6ICJ4b1pmdVJmLXh5R1VqVmZNbGtnYzVzZlBIdWtHS2F6T0NPRlVzeHQ0VE1NRDBUSlB2NjgiLCAidXJsIjogImh0dHBzOi8vYWNtZS12MDIuYXBpLmxldHNlbmNyeXB0Lm9yZy9hY21lL25ldy1vcmRlciJ9",
  "signature": "QY4tRNr5RGq0JIZS_lzAw-dpCdSfhWkg7Y3FTwPCZmMS2Fam5ybN0aKkb9kqCaJrHbEhFlez60AyGhjkoxfpqAlPvzncXxjNRIh2RwbXiNHM22SJHe04NLKiCG1x6Z1NmQXK1t5fGc4sCBbH9qJR3q-THrc0SYPXSXR1s6EdBw4ba8FQzb8znYkDTNgdtaWhKMGGLL_AYDwqK51AfVeK8lhx_bjSLnmYs8CEDgxwFZ3LeKkBvzJqo-_HMw06UAM6e1Bq5F94lal90i5v1bahjJEhhLTYOHbgQ4TS0Ul-XGRk5-I9YIqPJGJ9tkAYcR1J6GWkrTT6QskppEKD_jWKWA",
  "payload": "ewogICJpZGVudGlmaWVycyI6IFsKICAgIHsKICAgICAgInR5cGUiOiAiZG5zIiwKICAgICAgInZhbHVlIjogImFpbGRldi5jb20udHIiCiAgICB9LAogICAgewogICAgICAidHlwZSI6ICJkbnMiLAogICAgICAidmFsdWUiOiAid3d3LmFpbGRldi5jb20udHIiCiAgICB9CiAgXQp9"
}
2026-05-15 02:36:10,940:DEBUG:urllib3.connectionpool:https://acme-v02.api.letsencrypt.org:443 "POST /acme/new-order HTTP/1.1" 201 495
2026-05-15 02:36:10,940:DEBUG:acme.client:Received response:
HTTP 201
Server: nginx
Date: Thu, 14 May 2026 23:36:10 GMT
Content-Type: application/json
Content-Length: 495
Connection: keep-alive
Boulder-Requester: 3335975146
Cache-Control: public, max-age=0, no-cache
Link: <https://acme-v02.api.letsencrypt.org/directory>;rel="index"
Location: https://acme-v02.api.letsencrypt.org/acme/order/3335975146/510910294966
Replay-Nonce: xoZfuRf-yyWzLzYX9oiL6mzOMv6b1bIIFUeksZ4AxASOLJxxGFo
X-Frame-Options: DENY
Strict-Transport-Security: max-age=604800

{
  "status": "pending",
  "expires": "2026-05-21T23:36:10Z",
  "identifiers": [
    {
      "type": "dns",
      "value": "aildev.com.tr"
    },
    {
      "type": "dns",
      "value": "www.aildev.com.tr"
    }
  ],
  "authorizations": [
    "https://acme-v02.api.letsencrypt.org/acme/authz/3335975146/704288081606",
    "https://acme-v02.api.letsencrypt.org/acme/authz/3335975146/704288081616"
  ],
  "finalize": "https://acme-v02.api.letsencrypt.org/acme/finalize/3335975146/510910294966"
}
2026-05-15 02:36:10,940:DEBUG:acme.client:Storing nonce: xoZfuRf-yyWzLzYX9oiL6mzOMv6b1bIIFUeksZ4AxASOLJxxGFo
2026-05-15 02:36:10,941:DEBUG:acme.client:JWS payload:
b''
2026-05-15 02:36:10,943:DEBUG:acme.client:Sending POST request to https://acme-v02.api.letsencrypt.org/acme/authz/3335975146/704288081606:
{
  "protected": "eyJhbGciOiAiUlMyNTYiLCAia2lkIjogImh0dHBzOi8vYWNtZS12MDIuYXBpLmxldHNlbmNyeXB0Lm9yZy9hY21lL2FjY3QvMzMzNTk3NTE0NiIsICJub25jZSI6ICJ4b1pmdVJmLXl5V3pMellYOW9pTDZtek9NdjZiMWJJSUZVZWtzWjRBeEFTT0xKeHhHRm8iLCAidXJsIjogImh0dHBzOi8vYWNtZS12MDIuYXBpLmxldHNlbmNyeXB0Lm9yZy9hY21lL2F1dGh6LzMzMzU5NzUxNDYvNzA0Mjg4MDgxNjA2In0",
  "signature": "rxx35ceNj-0T9aPpAz7368nGImeuFR_NZrPJT7yYe_OSN6idD6JTdFVrrLjhvdsfWzGlzbbB9npminxeU8sGc7_5uFBPoVlpPmfwmUau7Myji0TG1IOuz9wdEr2XYroutEXOhHHxMR2XOL15_JO8z97_aDH28UNL2tP8xtTRmSXodn35YisJll6zgEoYLyDMOOzPnTRpUdu6tMbMFf0ea_YnB2G24OqbU2DslZXFrDvT7lCDRE1YWgL1FGICyayvbYqzwu8-qAbLQLq7ihAtLQ63C5DyCaXTvPSHi1J753GL0e1gGiU2UoFi2iEvXRVRmMVx-opFb-28BCr8WzF54Q",
  "payload": ""
}
2026-05-15 02:36:11,137:DEBUG:urllib3.connectionpool:https://acme-v02.api.letsencrypt.org:443 "POST /acme/authz/3335975146/704288081606 HTTP/1.1" 200 821
2026-05-15 02:36:11,137:DEBUG:acme.client:Received response:
HTTP 200
Server: nginx
Date: Thu, 14 May 2026 23:36:11 GMT
Content-Type: application/json
Content-Length: 821
Connection: keep-alive
Boulder-Requester: 3335975146
Cache-Control: public, max-age=0, no-cache
Link: <https://acme-v02.api.letsencrypt.org/directory>;rel="index"
Replay-Nonce: CqJAX5X92o-PryU--sIKcVMfLyevRyfSjpbLS7P31LgDEgtK3tA
X-Frame-Options: DENY
Strict-Transport-Security: max-age=604800

{
  "identifier": {
    "type": "dns",
    "value": "aildev.com.tr"
  },
  "status": "pending",
  "expires": "2026-05-21T23:36:10Z",
  "challenges": [
    {
      "type": "tls-alpn-01",
      "url": "https://acme-v02.api.letsencrypt.org/acme/chall/3335975146/704288081606/vIiB7w",
      "status": "pending",
      "token": "jZN8yC8Uv6nUCAwwYUGzq_8-FgT5d_Eq4snHfhBrfiw"
    },
    {
      "type": "http-01",
      "url": "https://acme-v02.api.letsencrypt.org/acme/chall/3335975146/704288081606/egzj8g",
      "status": "pending",
      "token": "jZN8yC8Uv6nUCAwwYUGzq_8-FgT5d_Eq4snHfhBrfiw"
    },
    {
      "type": "dns-01",
      "url": "https://acme-v02.api.letsencrypt.org/acme/chall/3335975146/704288081606/fmDHuw",
      "status": "pending",
      "token": "jZN8yC8Uv6nUCAwwYUGzq_8-FgT5d_Eq4snHfhBrfiw"
    }
  ]
}
2026-05-15 02:36:11,137:DEBUG:acme.client:Storing nonce: CqJAX5X92o-PryU--sIKcVMfLyevRyfSjpbLS7P31LgDEgtK3tA
2026-05-15 02:36:11,138:DEBUG:acme.client:JWS payload:
b''
2026-05-15 02:36:11,139:DEBUG:acme.client:Sending POST request to https://acme-v02.api.letsencrypt.org/acme/authz/3335975146/704288081616:
{
  "protected": "eyJhbGciOiAiUlMyNTYiLCAia2lkIjogImh0dHBzOi8vYWNtZS12MDIuYXBpLmxldHNlbmNyeXB0Lm9yZy9hY21lL2FjY3QvMzMzNTk3NTE0NiIsICJub25jZSI6ICJDcUpBWDVYOTJvLVByeVUtLXNJS2NWTWZMeWV2UnlmU2pwYkxTN1AzMUxnREVndEszdEEiLCAidXJsIjogImh0dHBzOi8vYWNtZS12MDIuYXBpLmxldHNlbmNyeXB0Lm9yZy9hY21lL2F1dGh6LzMzMzU5NzUxNDYvNzA0Mjg4MDgxNjE2In0",
  "signature": "pDdkSzVnvDQT6TiqkvX9C9wAiyp8Hq7DrjIXSscjabfsPvvZenr-xBE8A51_rqoY71nrawTIbJtTIZEW6TZLKWwaaEhtpnqup0uV9nWyouMuS4QQIqcn-1uZbAsVKfIDeY-EVybb-RHD61MR8wgv04q5rRXYLNfjctWhExFJQOT9-OXHlRaDXC71toztdQoWZJyofF-TpbWYqxwwi4OkPvccTcbdGg-JHJ080eCYzVyDnDBUuUXtqkR4XAGo9VjeiMwzDOTi6Dx-w1nbJD1wXxHVibOpP9FrfcB37O5edwZi6QFgYHy5rYQ9XvZIC0idokBI1zbeNVkoZGvIlLbR6Q",
  "payload": ""
}
2026-05-15 02:36:11,320:DEBUG:urllib3.connectionpool:https://acme-v02.api.letsencrypt.org:443 "POST /acme/authz/3335975146/704288081616 HTTP/1.1" 200 825
2026-05-15 02:36:11,320:DEBUG:acme.client:Received response:
HTTP 200
Server: nginx
Date: Thu, 14 May 2026 23:36:11 GMT
Content-Type: application/json
Content-Length: 825
Connection: keep-alive
Boulder-Requester: 3335975146
Cache-Control: public, max-age=0, no-cache
Link: <https://acme-v02.api.letsencrypt.org/directory>;rel="index"
Replay-Nonce: CqJAX5X9Q3oAVtmlIpoDIh3b3D5LKpT1ZHVqbGevHzpDXMqN82E
X-Frame-Options: DENY
Strict-Transport-Security: max-age=604800

{
  "identifier": {
    "type": "dns",
    "value": "www.aildev.com.tr"
  },
  "status": "pending",
  "expires": "2026-05-21T23:36:10Z",
  "challenges": [
    {
      "type": "dns-01",
      "url": "https://acme-v02.api.letsencrypt.org/acme/chall/3335975146/704288081616/0ibKzg",
      "status": "pending",
      "token": "CNkqK3sONrGXLaq5YLaPuoeokZCjPgJOVN8MopLqHb8"
    },
    {
      "type": "tls-alpn-01",
      "url": "https://acme-v02.api.letsencrypt.org/acme/chall/3335975146/704288081616/IFxlmg",
      "status": "pending",
      "token": "CNkqK3sONrGXLaq5YLaPuoeokZCjPgJOVN8MopLqHb8"
    },
    {
      "type": "http-01",
      "url": "https://acme-v02.api.letsencrypt.org/acme/chall/3335975146/704288081616/9gQw5Q",
      "status": "pending",
      "token": "CNkqK3sONrGXLaq5YLaPuoeokZCjPgJOVN8MopLqHb8"
    }
  ]
}
2026-05-15 02:36:11,320:DEBUG:acme.client:Storing nonce: CqJAX5X9Q3oAVtmlIpoDIh3b3D5LKpT1ZHVqbGevHzpDXMqN82E
2026-05-15 02:36:11,321:INFO:certbot._internal.auth_handler:Performing the following challenges:
2026-05-15 02:36:11,321:INFO:certbot._internal.auth_handler:http-01 challenge for aildev.com.tr
2026-05-15 02:36:11,321:INFO:certbot._internal.auth_handler:http-01 challenge for www.aildev.com.tr
2026-05-15 02:36:11,330:DEBUG:certbot_nginx._internal.http_01:Generated server block:
[]
2026-05-15 02:36:11,330:DEBUG:certbot.reverter:Creating backup of /etc/nginx/conf.d/aildev.com.tr.conf
2026-05-15 02:36:11,331:DEBUG:certbot.reverter:Creating backup of /etc/nginx/nginx.conf
2026-05-15 02:36:11,331:DEBUG:certbot.reverter:Creating backup of /etc/nginx/mime.types
2026-05-15 02:36:11,332:DEBUG:certbot_nginx._internal.parser:Writing nginx conf tree to /etc/nginx/nginx.conf:
# For more information on configuration, see:
#   * Official English Documentation: http://nginx.org/en/docs/
#   * Official Russian Documentation: http://nginx.org/ru/docs/

user nginx;
worker_processes auto;
error_log /var/log/nginx/error.log;
pid /run/nginx.pid;

# Load dynamic modules. See /usr/share/doc/nginx/README.dynamic.
include /usr/share/nginx/modules/*.conf;

events {
    worker_connections 1024;
}

http {
server_names_hash_bucket_size 128;
include /etc/letsencrypt/le_http_01_cert_challenge.conf;
    log_format  main  '$remote_addr - $remote_user [$time_local] "$request" '
                      '$status $body_bytes_sent "$http_referer" '
                      '"$http_user_agent" "$http_x_forwarded_for"';

    access_log  /var/log/nginx/access.log  main;

    sendfile            on;
    tcp_nopush          on;
    tcp_nodelay         on;
    keepalive_timeout   65;
    types_hash_max_size 4096;

    include             /etc/nginx/mime.types;
    default_type        application/octet-stream;

    # Load modular configuration files from the /etc/nginx/conf.d directory.
    # See http://nginx.org/en/docs/ngx_core_module.html#include
    # for more information.
    include /etc/nginx/conf.d/*.conf;

    server {
        listen       80;
        listen       [::]:80;
        server_name  _;
        root         /usr/share/nginx/html;

        # Load configuration files for the default server block.
        include /etc/nginx/default.d/*.conf;

        error_page 404 /404.html;
        location = /404.html {
        }

        error_page 500 502 503 504 /50x.html;
        location = /50x.html {
        }
    }

# Settings for a TLS enabled server.
#
#    server {
#        listen       443 ssl http2;
#        listen       [::]:443 ssl http2;
#        server_name  _;
#        root         /usr/share/nginx/html;
#
#        ssl_certificate "/etc/pki/nginx/server.crt";
#        ssl_certificate_key "/etc/pki/nginx/private/server.key";
#        ssl_session_cache shared:SSL:1m;
#        ssl_session_timeout  10m;
#        ssl_ciphers PROFILE=SYSTEM;
#        ssl_prefer_server_ciphers on;
#
#        # Load configuration files for the default server block.
#        include /etc/nginx/default.d/*.conf;
#
#        error_page 404 /404.html;
#            location = /40x.html {
#        }
#
#        error_page 500 502 503 504 /50x.html;
#            location = /50x.html {
#        }
#    }

}


2026-05-15 02:36:11,332:DEBUG:certbot_nginx._internal.parser:Writing nginx conf tree to /etc/nginx/conf.d/aildev.com.tr.conf:
server {rewrite ^(/.well-known/acme-challenge/.*) $1 break; # managed by Certbot

rewrite ^(/.well-known/acme-challenge/.*) $1 break; # managed by Certbot


	listen 80;
	server_name aildev.com.tr www.aildev.com.tr;
	root /var/www/aildev.com.tr/public_html;
	index index.html;
location = /.well-known/acme-challenge/jZN8yC8Uv6nUCAwwYUGzq_8-FgT5d_Eq4snHfhBrfiw{default_type text/plain;return 200 jZN8yC8Uv6nUCAwwYUGzq_8-FgT5d_Eq4snHfhBrfiw.xdposO9b9Wh_xtPi8Sv_WipAv9HlWmCZhJFBxeXjIWY;} # managed by Certbot

location = /.well-known/acme-challenge/CNkqK3sONrGXLaq5YLaPuoeokZCjPgJOVN8MopLqHb8{default_type text/plain;return 200 CNkqK3sONrGXLaq5YLaPuoeokZCjPgJOVN8MopLqHb8.xdposO9b9Wh_xtPi8Sv_WipAv9HlWmCZhJFBxeXjIWY;} # managed by Certbot

}

2026-05-15 02:36:12,340:DEBUG:acme.client:JWS payload:
b'{}'
2026-05-15 02:36:12,342:DEBUG:acme.client:Sending POST request to https://acme-v02.api.letsencrypt.org/acme/chall/3335975146/704288081606/egzj8g:
{
  "protected": "eyJhbGciOiAiUlMyNTYiLCAia2lkIjogImh0dHBzOi8vYWNtZS12MDIuYXBpLmxldHNlbmNyeXB0Lm9yZy9hY21lL2FjY3QvMzMzNTk3NTE0NiIsICJub25jZSI6ICJDcUpBWDVYOVEzb0FWdG1sSXBvREloM2IzRDVMS3BUMVpIVnFiR2V2SHpwRFhNcU44MkUiLCAidXJsIjogImh0dHBzOi8vYWNtZS12MDIuYXBpLmxldHNlbmNyeXB0Lm9yZy9hY21lL2NoYWxsLzMzMzU5NzUxNDYvNzA0Mjg4MDgxNjA2L2Vnemo4ZyJ9",
  "signature": "qpcGjcAD6TozPy3BcZ6dWEQbEiDDZfWnZkYlev7cTIpyFhJ5a4I_aRH5g9rJhnAdbXNS84h3dgTrOJn06WtSnxNpjJyWdBw0L6HaeHMZzY22L8VARYYYH0aZ9hIFtZyFHsYXsEFwQYC65h8CChx7HwF9XN_hSgC4Dwfmpncvqc52IJebtMUpXnYlLI0R_UZVAXLJsAfpmXs8Y6yzuihTWhMblOiqflWYtmigxfQBoqM34nrHIaRwlVdCSbMxo1OqGmGmNdReyw_BARDh9fFS4-eAhCMF4mqGI5n3VPYu02mq2NxOHRZf84FBCSJr5CoR231u_EtFtCadtWI-MUQtVQ",
  "payload": "e30"
}
2026-05-15 02:36:12,525:DEBUG:urllib3.connectionpool:https://acme-v02.api.letsencrypt.org:443 "POST /acme/chall/3335975146/704288081606/egzj8g HTTP/1.1" 200 195
2026-05-15 02:36:12,526:DEBUG:acme.client:Received response:
HTTP 200
Server: nginx
Date: Thu, 14 May 2026 23:36:12 GMT
Content-Type: application/json
Content-Length: 195
Connection: keep-alive
Boulder-Requester: 3335975146
Cache-Control: public, max-age=0, no-cache
Link: <https://acme-v02.api.letsencrypt.org/directory>;rel="index", <https://acme-v02.api.letsencrypt.org/acme/authz/3335975146/704288081606>;rel="up"
Location: https://acme-v02.api.letsencrypt.org/acme/chall/3335975146/704288081606/egzj8g
Replay-Nonce: CqJAX5X9nvEbkgJb75EZ_qwNBNTisePB5rMlcCyKPINLCQ072iQ
X-Frame-Options: DENY
Strict-Transport-Security: max-age=604800

{
  "type": "http-01",
  "url": "https://acme-v02.api.letsencrypt.org/acme/chall/3335975146/704288081606/egzj8g",
  "status": "pending",
  "token": "jZN8yC8Uv6nUCAwwYUGzq_8-FgT5d_Eq4snHfhBrfiw"
}
2026-05-15 02:36:12,526:DEBUG:acme.client:Storing nonce: CqJAX5X9nvEbkgJb75EZ_qwNBNTisePB5rMlcCyKPINLCQ072iQ
2026-05-15 02:36:12,526:DEBUG:acme.client:JWS payload:
b'{}'
2026-05-15 02:36:12,527:DEBUG:acme.client:Sending POST request to https://acme-v02.api.letsencrypt.org/acme/chall/3335975146/704288081616/9gQw5Q:
{
  "protected": "eyJhbGciOiAiUlMyNTYiLCAia2lkIjogImh0dHBzOi8vYWNtZS12MDIuYXBpLmxldHNlbmNyeXB0Lm9yZy9hY21lL2FjY3QvMzMzNTk3NTE0NiIsICJub25jZSI6ICJDcUpBWDVYOW52RWJrZ0piNzVFWl9xd05CTlRpc2VQQjVyTWxjQ3lLUElOTENRMDcyaVEiLCAidXJsIjogImh0dHBzOi8vYWNtZS12MDIuYXBpLmxldHNlbmNyeXB0Lm9yZy9hY21lL2NoYWxsLzMzMzU5NzUxNDYvNzA0Mjg4MDgxNjE2LzlnUXc1USJ9",
  "signature": "dl97ZQ093_M7BnA-BIZaRp2SchCwqNpj437SWgpdqYFLftPCp8mKrabKi3jvNmIHCOAfLDdOVj176iLZQf6V6R-BT5_6E7k8gbK45QO0_TzQfvkzq2y3NR-esF3ACP40AM5wfmkQAly-iOV1WV9JaHSa5OKF4TfZgdm8ZpUEok_3pnkfKfZCZKd_d8JTln4OQoiTpUpYwnNkq0Fo8kQwHkGMnACYmEhUHzTbCImO_uhkvcPcSWIAxgxHckiurO-T5pNh4KtIo0-ex1EreFJU2aCNVNrtTnEnNMOExOrG7MyMo2FncqkWbtLODkauCBC_uWqhik3-VLTQRy7wNC0P8Q",
  "payload": "e30"
}
2026-05-15 02:36:12,709:DEBUG:urllib3.connectionpool:https://acme-v02.api.letsencrypt.org:443 "POST /acme/chall/3335975146/704288081616/9gQw5Q HTTP/1.1" 200 195
2026-05-15 02:36:12,709:DEBUG:acme.client:Received response:
HTTP 200
Server: nginx
Date: Thu, 14 May 2026 23:36:12 GMT
Content-Type: application/json
Content-Length: 195
Connection: keep-alive
Boulder-Requester: 3335975146
Cache-Control: public, max-age=0, no-cache
Link: <https://acme-v02.api.letsencrypt.org/directory>;rel="index", <https://acme-v02.api.letsencrypt.org/acme/authz/3335975146/704288081616>;rel="up"
Location: https://acme-v02.api.letsencrypt.org/acme/chall/3335975146/704288081616/9gQw5Q
Replay-Nonce: xoZfuRf-6TV2KZjqqVONLyj3vq5_pyDZ9ZYncfzeFX7FZs6xQXQ
X-Frame-Options: DENY
Strict-Transport-Security: max-age=604800

{
  "type": "http-01",
  "url": "https://acme-v02.api.letsencrypt.org/acme/chall/3335975146/704288081616/9gQw5Q",
  "status": "pending",
  "token": "CNkqK3sONrGXLaq5YLaPuoeokZCjPgJOVN8MopLqHb8"
}
2026-05-15 02:36:12,709:DEBUG:acme.client:Storing nonce: xoZfuRf-6TV2KZjqqVONLyj3vq5_pyDZ9ZYncfzeFX7FZs6xQXQ
2026-05-15 02:36:12,709:INFO:certbot._internal.auth_handler:Waiting for verification...
2026-05-15 02:36:13,711:DEBUG:acme.client:JWS payload:
b''
2026-05-15 02:36:13,712:DEBUG:acme.client:Sending POST request to https://acme-v02.api.letsencrypt.org/acme/authz/3335975146/704288081606:
{
  "protected": "eyJhbGciOiAiUlMyNTYiLCAia2lkIjogImh0dHBzOi8vYWNtZS12MDIuYXBpLmxldHNlbmNyeXB0Lm9yZy9hY21lL2FjY3QvMzMzNTk3NTE0NiIsICJub25jZSI6ICJ4b1pmdVJmLTZUVjJLWmpxcVZPTkx5ajN2cTVfcHlEWjlaWW5jZnplRlg3RlpzNnhRWFEiLCAidXJsIjogImh0dHBzOi8vYWNtZS12MDIuYXBpLmxldHNlbmNyeXB0Lm9yZy9hY21lL2F1dGh6LzMzMzU5NzUxNDYvNzA0Mjg4MDgxNjA2In0",
  "signature": "LP_IsU6_oaDobPZcFcGa6vLT0gtVDtucccB4nbTWoWr2NNSuItSgwSHh_TI70GAGeES3BOeIbqsoHJuYFAw2yV2G3TyXLXh-iULrVNFPsczEitGw0uBhmlfcYmccYDesTsVW2iF1LdxglSDHbCLTKocXdR7CF_6NNgQpTmv41chiuJaHGt4oQdRJi4g-PqxYAEPYihvQaPgEiuIn0nyeYBNcUDS1yEc9od1qjJF0NOgiXEzM0b6BNx1PVfWNJJPHJqH_k-1IB5LU7W_ceki54zyJOaZcReOxYgguEcml5rwTNZOo7ec4ykiMKWEtYSc3ixfbtmLb7dvaytmnZ9nm7w",
  "payload": ""
}
2026-05-15 02:36:13,893:DEBUG:urllib3.connectionpool:https://acme-v02.api.letsencrypt.org:443 "POST /acme/authz/3335975146/704288081606 HTTP/1.1" 200 821
2026-05-15 02:36:13,893:DEBUG:acme.client:Received response:
HTTP 200
Server: nginx
Date: Thu, 14 May 2026 23:36:13 GMT
Content-Type: application/json
Content-Length: 821
Connection: keep-alive
Boulder-Requester: 3335975146
Cache-Control: public, max-age=0, no-cache
Link: <https://acme-v02.api.letsencrypt.org/directory>;rel="index"
Replay-Nonce: xoZfuRf-t2vWgUrCNbg8u_sPaM3yO6SzfbP2DIOkir8ccGpsmxM
X-Frame-Options: DENY
Strict-Transport-Security: max-age=604800

{
  "identifier": {
    "type": "dns",
    "value": "aildev.com.tr"
  },
  "status": "pending",
  "expires": "2026-05-21T23:36:10Z",
  "challenges": [
    {
      "type": "http-01",
      "url": "https://acme-v02.api.letsencrypt.org/acme/chall/3335975146/704288081606/egzj8g",
      "status": "pending",
      "token": "jZN8yC8Uv6nUCAwwYUGzq_8-FgT5d_Eq4snHfhBrfiw"
    },
    {
      "type": "tls-alpn-01",
      "url": "https://acme-v02.api.letsencrypt.org/acme/chall/3335975146/704288081606/vIiB7w",
      "status": "pending",
      "token": "jZN8yC8Uv6nUCAwwYUGzq_8-FgT5d_Eq4snHfhBrfiw"
    },
    {
      "type": "dns-01",
      "url": "https://acme-v02.api.letsencrypt.org/acme/chall/3335975146/704288081606/fmDHuw",
      "status": "pending",
      "token": "jZN8yC8Uv6nUCAwwYUGzq_8-FgT5d_Eq4snHfhBrfiw"
    }
  ]
}
2026-05-15 02:36:13,893:DEBUG:acme.client:Storing nonce: xoZfuRf-t2vWgUrCNbg8u_sPaM3yO6SzfbP2DIOkir8ccGpsmxM
2026-05-15 02:36:13,894:DEBUG:acme.client:JWS payload:
b''
2026-05-15 02:36:13,895:DEBUG:acme.client:Sending POST request to https://acme-v02.api.letsencrypt.org/acme/authz/3335975146/704288081616:
{
  "protected": "eyJhbGciOiAiUlMyNTYiLCAia2lkIjogImh0dHBzOi8vYWNtZS12MDIuYXBpLmxldHNlbmNyeXB0Lm9yZy9hY21lL2FjY3QvMzMzNTk3NTE0NiIsICJub25jZSI6ICJ4b1pmdVJmLXQydldnVXJDTmJnOHVfc1BhTTN5TzZTemZiUDJESU9raXI4Y2NHcHNteE0iLCAidXJsIjogImh0dHBzOi8vYWNtZS12MDIuYXBpLmxldHNlbmNyeXB0Lm9yZy9hY21lL2F1dGh6LzMzMzU5NzUxNDYvNzA0Mjg4MDgxNjE2In0",
  "signature": "aa6cECfOiJPc6hOqIzzn-mLBPjp-E_2jiOrLKIip15ycC0zXOU4be7ypE4VK5AAh8BO1cNBQCfswG77I1sbDm1epT25WdV_NkTTKOVczo33TKAIwoQobanVyHwhvUMsF6JpzToIoOPMI1OCi4MOe9cO-3dH6SURzd_AHdE5c4UP4XclK9FWg8u7lr-5eTJEPvJO16BAEu_kvNOeQeuvGQh1WXPop_YOCgMHiuAkvt7Lq6BQomQb2z37e0pGbNjJxyIFGtDvoh7wPfxT6J7MKQg22xRIXRrvAvOglckoJGFLjRg0jMBJRMO-zapeQrbWED4qoG6YF3wQbLhdpE2bqmg",
  "payload": ""
}
2026-05-15 02:36:14,076:DEBUG:urllib3.connectionpool:https://acme-v02.api.letsencrypt.org:443 "POST /acme/authz/3335975146/704288081616 HTTP/1.1" 200 825
2026-05-15 02:36:14,076:DEBUG:acme.client:Received response:
HTTP 200
Server: nginx
Date: Thu, 14 May 2026 23:36:13 GMT
Content-Type: application/json
Content-Length: 825
Connection: keep-alive
Boulder-Requester: 3335975146
Cache-Control: public, max-age=0, no-cache
Link: <https://acme-v02.api.letsencrypt.org/directory>;rel="index"
Replay-Nonce: xoZfuRf-vgF_1kPgo9-ypuTORDELzwCcD5oEFleI_Mv2UKDSI18
X-Frame-Options: DENY
Strict-Transport-Security: max-age=604800

{
  "identifier": {
    "type": "dns",
    "value": "www.aildev.com.tr"
  },
  "status": "pending",
  "expires": "2026-05-21T23:36:10Z",
  "challenges": [
    {
      "type": "tls-alpn-01",
      "url": "https://acme-v02.api.letsencrypt.org/acme/chall/3335975146/704288081616/IFxlmg",
      "status": "pending",
      "token": "CNkqK3sONrGXLaq5YLaPuoeokZCjPgJOVN8MopLqHb8"
    },
    {
      "type": "http-01",
      "url": "https://acme-v02.api.letsencrypt.org/acme/chall/3335975146/704288081616/9gQw5Q",
      "status": "pending",
      "token": "CNkqK3sONrGXLaq5YLaPuoeokZCjPgJOVN8MopLqHb8"
    },
    {
      "type": "dns-01",
      "url": "https://acme-v02.api.letsencrypt.org/acme/chall/3335975146/704288081616/0ibKzg",
      "status": "pending",
      "token": "CNkqK3sONrGXLaq5YLaPuoeokZCjPgJOVN8MopLqHb8"
    }
  ]
}
2026-05-15 02:36:14,077:DEBUG:acme.client:Storing nonce: xoZfuRf-vgF_1kPgo9-ypuTORDELzwCcD5oEFleI_Mv2UKDSI18
2026-05-15 02:36:17,080:DEBUG:acme.client:JWS payload:
b''
2026-05-15 02:36:17,082:DEBUG:acme.client:Sending POST request to https://acme-v02.api.letsencrypt.org/acme/authz/3335975146/704288081606:
{
  "protected": "eyJhbGciOiAiUlMyNTYiLCAia2lkIjogImh0dHBzOi8vYWNtZS12MDIuYXBpLmxldHNlbmNyeXB0Lm9yZy9hY21lL2FjY3QvMzMzNTk3NTE0NiIsICJub25jZSI6ICJ4b1pmdVJmLXZnRl8xa1BnbzkteXB1VE9SREVMendDY0Q1b0VGbGVJX012MlVLRFNJMTgiLCAidXJsIjogImh0dHBzOi8vYWNtZS12MDIuYXBpLmxldHNlbmNyeXB0Lm9yZy9hY21lL2F1dGh6LzMzMzU5NzUxNDYvNzA0Mjg4MDgxNjA2In0",
  "signature": "QVZOPQCt9YsOLOOtRsD1_XzA2g6sXXWN3h_O6P4gC-vXQoz_1dVbF5tUJP5CcCFeNxavLFQKzDPRIjBuoegl8YV_Ao9XMM9dWe42BnRT9f26KlTt__6K69cHQJcczMOKRxdS89myeGt02eWUz6dRJSuxxpWXW2IM0BYOmlx49X1WXIPqx51N-s-RcIFP-zwP2B6_E03cr5RVSLH12cnsdlTjGAIrExfE_pUeMwP8H2C6wvq6MwyLCwaI2XYuA1Iujs2G7E8_Tit-as-BUiwYawD_spa7hirpUrhy5ga6yDR43AwJU0Dsh4U9r5fpkP8PGJNJGoW2FT51CXPXPOEX_g",
  "payload": ""
}
2026-05-15 02:36:17,262:DEBUG:urllib3.connectionpool:https://acme-v02.api.letsencrypt.org:443 "POST /acme/authz/3335975146/704288081606 HTTP/1.1" 200 821
2026-05-15 02:36:17,262:DEBUG:acme.client:Received response:
HTTP 200
Server: nginx
Date: Thu, 14 May 2026 23:36:17 GMT
Content-Type: application/json
Content-Length: 821
Connection: keep-alive
Boulder-Requester: 3335975146
Cache-Control: public, max-age=0, no-cache
Link: <https://acme-v02.api.letsencrypt.org/directory>;rel="index"
Replay-Nonce: xoZfuRf-NCnjArdAhBDlRfZ2eIYGvasRLAIiMV-hCllb3HHHFBs
X-Frame-Options: DENY
Strict-Transport-Security: max-age=604800

{
  "identifier": {
    "type": "dns",
    "value": "aildev.com.tr"
  },
  "status": "pending",
  "expires": "2026-05-21T23:36:10Z",
  "challenges": [
    {
      "type": "http-01",
      "url": "https://acme-v02.api.letsencrypt.org/acme/chall/3335975146/704288081606/egzj8g",
      "status": "pending",
      "token": "jZN8yC8Uv6nUCAwwYUGzq_8-FgT5d_Eq4snHfhBrfiw"
    },
    {
      "type": "tls-alpn-01",
      "url": "https://acme-v02.api.letsencrypt.org/acme/chall/3335975146/704288081606/vIiB7w",
      "status": "pending",
      "token": "jZN8yC8Uv6nUCAwwYUGzq_8-FgT5d_Eq4snHfhBrfiw"
    },
    {
      "type": "dns-01",
      "url": "https://acme-v02.api.letsencrypt.org/acme/chall/3335975146/704288081606/fmDHuw",
      "status": "pending",
      "token": "jZN8yC8Uv6nUCAwwYUGzq_8-FgT5d_Eq4snHfhBrfiw"
    }
  ]
}
2026-05-15 02:36:17,262:DEBUG:acme.client:Storing nonce: xoZfuRf-NCnjArdAhBDlRfZ2eIYGvasRLAIiMV-hCllb3HHHFBs
2026-05-15 02:36:17,262:DEBUG:acme.client:JWS payload:
b''
2026-05-15 02:36:17,264:DEBUG:acme.client:Sending POST request to https://acme-v02.api.letsencrypt.org/acme/authz/3335975146/704288081616:
{
  "protected": "eyJhbGciOiAiUlMyNTYiLCAia2lkIjogImh0dHBzOi8vYWNtZS12MDIuYXBpLmxldHNlbmNyeXB0Lm9yZy9hY21lL2FjY3QvMzMzNTk3NTE0NiIsICJub25jZSI6ICJ4b1pmdVJmLU5DbmpBcmRBaEJEbFJmWjJlSVlHdmFzUkxBSWlNVi1oQ2xsYjNISEhGQnMiLCAidXJsIjogImh0dHBzOi8vYWNtZS12MDIuYXBpLmxldHNlbmNyeXB0Lm9yZy9hY21lL2F1dGh6LzMzMzU5NzUxNDYvNzA0Mjg4MDgxNjE2In0",
  "signature": "QhsoPKMzg1T9Thp3jwks37opGLmkoAVgT7vQgOS-HRQij5daRysWKwcRpvDlJsPndXNWtajQFdfA9ARIhdI8TFmyr30P_5XOVzeTwaGD-E8VTg5qwlf9ZqixD06WdWkCuvp_12vIyEo5I7pgjnPGdr3OZufZy4FzDFGVcV-smtXKA_1auxfIFdadsD0U0RP20d_rA7lGJd8vf8S9Iualwi36yRsdr5IoiMSPsvS6F1NI1fDGhODGsadp13-MqbcELesi7ZT1MnYoSsOnlL-uHi4ifgpjNInCQ0iL3CmLvmF7jDrWes6tUwLtySdg9zbyXZv2NggvsaYEnyvEluPC2w",
  "payload": ""
}
2026-05-15 02:36:17,444:DEBUG:urllib3.connectionpool:https://acme-v02.api.letsencrypt.org:443 "POST /acme/authz/3335975146/704288081616 HTTP/1.1" 200 825
2026-05-15 02:36:17,444:DEBUG:acme.client:Received response:
HTTP 200
Server: nginx
Date: Thu, 14 May 2026 23:36:17 GMT
Content-Type: application/json
Content-Length: 825
Connection: keep-alive
Boulder-Requester: 3335975146
Cache-Control: public, max-age=0, no-cache
Link: <https://acme-v02.api.letsencrypt.org/directory>;rel="index"
Replay-Nonce: xoZfuRf-KePXlY0dv2djO4EELPEiEN5wzMKj2rdZZJcFGJJbkIE
X-Frame-Options: DENY
Strict-Transport-Security: max-age=604800

{
  "identifier": {
    "type": "dns",
    "value": "www.aildev.com.tr"
  },
  "status": "pending",
  "expires": "2026-05-21T23:36:10Z",
  "challenges": [
    {
      "type": "tls-alpn-01",
      "url": "https://acme-v02.api.letsencrypt.org/acme/chall/3335975146/704288081616/IFxlmg",
      "status": "pending",
      "token": "CNkqK3sONrGXLaq5YLaPuoeokZCjPgJOVN8MopLqHb8"
    },
    {
      "type": "dns-01",
      "url": "https://acme-v02.api.letsencrypt.org/acme/chall/3335975146/704288081616/0ibKzg",
      "status": "pending",
      "token": "CNkqK3sONrGXLaq5YLaPuoeokZCjPgJOVN8MopLqHb8"
    },
    {
      "type": "http-01",
      "url": "https://acme-v02.api.letsencrypt.org/acme/chall/3335975146/704288081616/9gQw5Q",
      "status": "pending",
      "token": "CNkqK3sONrGXLaq5YLaPuoeokZCjPgJOVN8MopLqHb8"
    }
  ]
}
2026-05-15 02:36:17,444:DEBUG:acme.client:Storing nonce: xoZfuRf-KePXlY0dv2djO4EELPEiEN5wzMKj2rdZZJcFGJJbkIE
2026-05-15 02:36:20,448:DEBUG:acme.client:JWS payload:
b''
2026-05-15 02:36:20,449:DEBUG:acme.client:Sending POST request to https://acme-v02.api.letsencrypt.org/acme/authz/3335975146/704288081606:
{
  "protected": "eyJhbGciOiAiUlMyNTYiLCAia2lkIjogImh0dHBzOi8vYWNtZS12MDIuYXBpLmxldHNlbmNyeXB0Lm9yZy9hY21lL2FjY3QvMzMzNTk3NTE0NiIsICJub25jZSI6ICJ4b1pmdVJmLUtlUFhsWTBkdjJkak80RUVMUEVpRU41d3pNS2oycmRaWkpjRkdKSmJrSUUiLCAidXJsIjogImh0dHBzOi8vYWNtZS12MDIuYXBpLmxldHNlbmNyeXB0Lm9yZy9hY21lL2F1dGh6LzMzMzU5NzUxNDYvNzA0Mjg4MDgxNjA2In0",
  "signature": "mjgMNKGbkBqFQF7vXvOjKabE0oyUGrJNLnLEqzSwfYD63RzSHt5k9DAFnZ0LFbUnBOZqbaPB5uomFsJ2l-vD92vtR0FUlwY_RwckhwatcjE9DkFCDKT52F4iJJ8mgFwFh4RBWdaZujaUmR0RWtSGo458dY417m7OgZnkkxqouT3M9Tji44IUAHU7kAx_iEIAuKwbPO1GlAvDIUZo8pfMNCEHosSOp2Re1NbcuWfZSAQcDAt630iBpPM6cDIBTNXreozsIyodN8Yj77jusJs2pZVMEYHxKIZ02oqlisvEs3Xli7B9z0JMimiexseKE-5ZRwnjoXVtO_GQHlwTj216rw",
  "payload": ""
}
2026-05-15 02:36:20,630:DEBUG:urllib3.connectionpool:https://acme-v02.api.letsencrypt.org:443 "POST /acme/authz/3335975146/704288081606 HTTP/1.1" 200 821
2026-05-15 02:36:20,630:DEBUG:acme.client:Received response:
HTTP 200
Server: nginx
Date: Thu, 14 May 2026 23:36:20 GMT
Content-Type: application/json
Content-Length: 821
Connection: keep-alive
Boulder-Requester: 3335975146
Cache-Control: public, max-age=0, no-cache
Link: <https://acme-v02.api.letsencrypt.org/directory>;rel="index"
Replay-Nonce: CqJAX5X9WK9xC3rcyF6LYSQH06oLtYVcti5a8jZejYhd-hKmJrI
X-Frame-Options: DENY
Strict-Transport-Security: max-age=604800

{
  "identifier": {
    "type": "dns",
    "value": "aildev.com.tr"
  },
  "status": "pending",
  "expires": "2026-05-21T23:36:10Z",
  "challenges": [
    {
      "type": "dns-01",
      "url": "https://acme-v02.api.letsencrypt.org/acme/chall/3335975146/704288081606/fmDHuw",
      "status": "pending",
      "token": "jZN8yC8Uv6nUCAwwYUGzq_8-FgT5d_Eq4snHfhBrfiw"
    },
    {
      "type": "http-01",
      "url": "https://acme-v02.api.letsencrypt.org/acme/chall/3335975146/704288081606/egzj8g",
      "status": "pending",
      "token": "jZN8yC8Uv6nUCAwwYUGzq_8-FgT5d_Eq4snHfhBrfiw"
    },
    {
      "type": "tls-alpn-01",
      "url": "https://acme-v02.api.letsencrypt.org/acme/chall/3335975146/704288081606/vIiB7w",
      "status": "pending",
      "token": "jZN8yC8Uv6nUCAwwYUGzq_8-FgT5d_Eq4snHfhBrfiw"
    }
  ]
}
2026-05-15 02:36:20,630:DEBUG:acme.client:Storing nonce: CqJAX5X9WK9xC3rcyF6LYSQH06oLtYVcti5a8jZejYhd-hKmJrI
2026-05-15 02:36:20,631:DEBUG:acme.client:JWS payload:
b''
2026-05-15 02:36:20,632:DEBUG:acme.client:Sending POST request to https://acme-v02.api.letsencrypt.org/acme/authz/3335975146/704288081616:
{
  "protected": "eyJhbGciOiAiUlMyNTYiLCAia2lkIjogImh0dHBzOi8vYWNtZS12MDIuYXBpLmxldHNlbmNyeXB0Lm9yZy9hY21lL2FjY3QvMzMzNTk3NTE0NiIsICJub25jZSI6ICJDcUpBWDVYOVdLOXhDM3JjeUY2TFlTUUgwNm9MdFlWY3RpNWE4alplalloZC1oS21KckkiLCAidXJsIjogImh0dHBzOi8vYWNtZS12MDIuYXBpLmxldHNlbmNyeXB0Lm9yZy9hY21lL2F1dGh6LzMzMzU5NzUxNDYvNzA0Mjg4MDgxNjE2In0",
  "signature": "qDoT15mbYlxyeo99NMXiiuok-xNQYY44-XOSnyTc5B3Lb9bvwk6ozrXODhUW2bxUESzXASYRrhV4VcoSittHSknCEapkQ48iNGT9C-ddzSCDa6Yp6Wx1XZwbeXavO3ITn0Hbx4_FvK1tvQC99PgboWof-JPUVrCTHcg4qG0Um4AJkP2L_gww83zzapggtVh1snGQmdE44s14S26PUTvy9PQa5r755rs3yjYlt7zP1THmMtYVR64RpEWQameHbgebf2Iza0w5Z4XcbzQj59c9p6lB-X8VPXqM7LWr8eKouyWgJvQJCgEog0x824dP3pXpGXkYPLNofJyrSJrhFhmbRA",
  "payload": ""
}
2026-05-15 02:36:20,838:DEBUG:urllib3.connectionpool:https://acme-v02.api.letsencrypt.org:443 "POST /acme/authz/3335975146/704288081616 HTTP/1.1" 200 825
2026-05-15 02:36:20,838:DEBUG:acme.client:Received response:
HTTP 200
Server: nginx
Date: Thu, 14 May 2026 23:36:20 GMT
Content-Type: application/json
Content-Length: 825
Connection: keep-alive
Boulder-Requester: 3335975146
Cache-Control: public, max-age=0, no-cache
Link: <https://acme-v02.api.letsencrypt.org/directory>;rel="index"
Replay-Nonce: CqJAX5X9FhUfGqSCuhoqD700gHUKFdhTnaXyVTXR9ajkDDlWaUY
X-Frame-Options: DENY
Strict-Transport-Security: max-age=604800

{
  "identifier": {
    "type": "dns",
    "value": "www.aildev.com.tr"
  },
  "status": "pending",
  "expires": "2026-05-21T23:36:10Z",
  "challenges": [
    {
      "type": "http-01",
      "url": "https://acme-v02.api.letsencrypt.org/acme/chall/3335975146/704288081616/9gQw5Q",
      "status": "pending",
      "token": "CNkqK3sONrGXLaq5YLaPuoeokZCjPgJOVN8MopLqHb8"
    },
    {
      "type": "dns-01",
      "url": "https://acme-v02.api.letsencrypt.org/acme/chall/3335975146/704288081616/0ibKzg",
      "status": "pending",
      "token": "CNkqK3sONrGXLaq5YLaPuoeokZCjPgJOVN8MopLqHb8"
    },
    {
      "type": "tls-alpn-01",
      "url": "https://acme-v02.api.letsencrypt.org/acme/chall/3335975146/704288081616/IFxlmg",
      "status": "pending",
      "token": "CNkqK3sONrGXLaq5YLaPuoeokZCjPgJOVN8MopLqHb8"
    }
  ]
}
2026-05-15 02:36:20,838:DEBUG:acme.client:Storing nonce: CqJAX5X9FhUfGqSCuhoqD700gHUKFdhTnaXyVTXR9ajkDDlWaUY
2026-05-15 02:36:23,842:DEBUG:acme.client:JWS payload:
b''
2026-05-15 02:36:23,843:DEBUG:acme.client:Sending POST request to https://acme-v02.api.letsencrypt.org/acme/authz/3335975146/704288081606:
{
  "protected": "eyJhbGciOiAiUlMyNTYiLCAia2lkIjogImh0dHBzOi8vYWNtZS12MDIuYXBpLmxldHNlbmNyeXB0Lm9yZy9hY21lL2FjY3QvMzMzNTk3NTE0NiIsICJub25jZSI6ICJDcUpBWDVYOUZoVWZHcVNDdWhvcUQ3MDBnSFVLRmRoVG5hWHlWVFhSOWFqa0REbFdhVVkiLCAidXJsIjogImh0dHBzOi8vYWNtZS12MDIuYXBpLmxldHNlbmNyeXB0Lm9yZy9hY21lL2F1dGh6LzMzMzU5NzUxNDYvNzA0Mjg4MDgxNjA2In0",
  "signature": "WYeslL1Njkc6bK0yU2kudBtRT08DMhSOsOqfG3iyLTEVrh1DtoDRA5-CVvPGYdPQWoCBYqrVBH_znoD2a392tuQ4M68qawkVLQa5iYEHC-0bSwXOYCFmreao55_31LYoLsFiExJ3HlK0hAYr-kB4-3AhEmqN4IDid7y3GodUzEJv_1qIPrAbbdY63QSBbLOeVOU-j-COgh62bKlk0A5oEjeooTPrPpMjcRTd01hXDO3P_7iSL63VU4BlMeNBzHo7w1uV8K9uzQID5kdnNcxKK1B8E0ipUwXAbqq2xp4jjxWWoSaRt_1gp2z_KaaPOkYxb55zoqYJGDnboNgBAhkaBg",
  "payload": ""
}
2026-05-15 02:36:24,024:DEBUG:urllib3.connectionpool:https://acme-v02.api.letsencrypt.org:443 "POST /acme/authz/3335975146/704288081606 HTTP/1.1" 200 821
2026-05-15 02:36:24,024:DEBUG:acme.client:Received response:
HTTP 200
Server: nginx
Date: Thu, 14 May 2026 23:36:23 GMT
Content-Type: application/json
Content-Length: 821
Connection: keep-alive
Boulder-Requester: 3335975146
Cache-Control: public, max-age=0, no-cache
Link: <https://acme-v02.api.letsencrypt.org/directory>;rel="index"
Replay-Nonce: CqJAX5X9QWR6p2cDRk04LGhKrsmwPYExolvlMLvPJurY25L9t_o
X-Frame-Options: DENY
Strict-Transport-Security: max-age=604800

{
  "identifier": {
    "type": "dns",
    "value": "aildev.com.tr"
  },
  "status": "pending",
  "expires": "2026-05-21T23:36:10Z",
  "challenges": [
    {
      "type": "tls-alpn-01",
      "url": "https://acme-v02.api.letsencrypt.org/acme/chall/3335975146/704288081606/vIiB7w",
      "status": "pending",
      "token": "jZN8yC8Uv6nUCAwwYUGzq_8-FgT5d_Eq4snHfhBrfiw"
    },
    {
      "type": "http-01",
      "url": "https://acme-v02.api.letsencrypt.org/acme/chall/3335975146/704288081606/egzj8g",
      "status": "pending",
      "token": "jZN8yC8Uv6nUCAwwYUGzq_8-FgT5d_Eq4snHfhBrfiw"
    },
    {
      "type": "dns-01",
      "url": "https://acme-v02.api.letsencrypt.org/acme/chall/3335975146/704288081606/fmDHuw",
      "status": "pending",
      "token": "jZN8yC8Uv6nUCAwwYUGzq_8-FgT5d_Eq4snHfhBrfiw"
    }
  ]
}
2026-05-15 02:36:24,024:DEBUG:acme.client:Storing nonce: CqJAX5X9QWR6p2cDRk04LGhKrsmwPYExolvlMLvPJurY25L9t_o
2026-05-15 02:36:24,025:DEBUG:acme.client:JWS payload:
b''
2026-05-15 02:36:24,026:DEBUG:acme.client:Sending POST request to https://acme-v02.api.letsencrypt.org/acme/authz/3335975146/704288081616:
{
  "protected": "eyJhbGciOiAiUlMyNTYiLCAia2lkIjogImh0dHBzOi8vYWNtZS12MDIuYXBpLmxldHNlbmNyeXB0Lm9yZy9hY21lL2FjY3QvMzMzNTk3NTE0NiIsICJub25jZSI6ICJDcUpBWDVYOVFXUjZwMmNEUmswNExHaEtyc213UFlFeG9sdmxNTHZQSnVyWTI1TDl0X28iLCAidXJsIjogImh0dHBzOi8vYWNtZS12MDIuYXBpLmxldHNlbmNyeXB0Lm9yZy9hY21lL2F1dGh6LzMzMzU5NzUxNDYvNzA0Mjg4MDgxNjE2In0",
  "signature": "hpHmkImzeRuU9waLfmvEmUQwCQEcTT1XhS99Sm-zeI-tmARFsU4ao02uERO-m5WrUUg6hP7UM8WMnBembnTUtZDwyRaoJ6xrVDiM7QFZIm-Sa2RxCnQKlkNpi-SKH34IrzQhOjD0sFxiA3WbOMW2lfX4oxTJY2JAuTdc6-duiieZlo50odzIFuKeTjkeXqNeZoSAYklgUmD7dNhoK6na_K5ZXPhroFyrRDU25i6qDFOy_RVndcNiIPLrvQlq9uEz8HK7Hi_--5kEGXwoISjz3VjgF1uv63HIsjU2pMEpLRHcckOHVdvspPtZQdJ-e38iBT0PsPhKu0KC18b6A2XwYQ",
  "payload": ""
}
2026-05-15 02:36:24,207:DEBUG:urllib3.connectionpool:https://acme-v02.api.letsencrypt.org:443 "POST /acme/authz/3335975146/704288081616 HTTP/1.1" 200 825
2026-05-15 02:36:24,207:DEBUG:acme.client:Received response:
HTTP 200
Server: nginx
Date: Thu, 14 May 2026 23:36:24 GMT
Content-Type: application/json
Content-Length: 825
Connection: keep-alive
Boulder-Requester: 3335975146
Cache-Control: public, max-age=0, no-cache
Link: <https://acme-v02.api.letsencrypt.org/directory>;rel="index"
Replay-Nonce: CqJAX5X9ZAg6CorxKs9A46nEJAxvcR97mZFu8U7IRrWi73DkWug
X-Frame-Options: DENY
Strict-Transport-Security: max-age=604800

{
  "identifier": {
    "type": "dns",
    "value": "www.aildev.com.tr"
  },
  "status": "pending",
  "expires": "2026-05-21T23:36:10Z",
  "challenges": [
    {
      "type": "dns-01",
      "url": "https://acme-v02.api.letsencrypt.org/acme/chall/3335975146/704288081616/0ibKzg",
      "status": "pending",
      "token": "CNkqK3sONrGXLaq5YLaPuoeokZCjPgJOVN8MopLqHb8"
    },
    {
      "type": "http-01",
      "url": "https://acme-v02.api.letsencrypt.org/acme/chall/3335975146/704288081616/9gQw5Q",
      "status": "pending",
      "token": "CNkqK3sONrGXLaq5YLaPuoeokZCjPgJOVN8MopLqHb8"
    },
    {
      "type": "tls-alpn-01",
      "url": "https://acme-v02.api.letsencrypt.org/acme/chall/3335975146/704288081616/IFxlmg",
      "status": "pending",
      "token": "CNkqK3sONrGXLaq5YLaPuoeokZCjPgJOVN8MopLqHb8"
    }
  ]
}
2026-05-15 02:36:24,208:DEBUG:acme.client:Storing nonce: CqJAX5X9ZAg6CorxKs9A46nEJAxvcR97mZFu8U7IRrWi73DkWug
2026-05-15 02:36:27,211:DEBUG:acme.client:JWS payload:
b''
2026-05-15 02:36:27,213:DEBUG:acme.client:Sending POST request to https://acme-v02.api.letsencrypt.org/acme/authz/3335975146/704288081606:
{
  "protected": "eyJhbGciOiAiUlMyNTYiLCAia2lkIjogImh0dHBzOi8vYWNtZS12MDIuYXBpLmxldHNlbmNyeXB0Lm9yZy9hY21lL2FjY3QvMzMzNTk3NTE0NiIsICJub25jZSI6ICJDcUpBWDVYOVpBZzZDb3J4S3M5QTQ2bkVKQXh2Y1I5N21aRnU4VTdJUnJXaTczRGtXdWciLCAidXJsIjogImh0dHBzOi8vYWNtZS12MDIuYXBpLmxldHNlbmNyeXB0Lm9yZy9hY21lL2F1dGh6LzMzMzU5NzUxNDYvNzA0Mjg4MDgxNjA2In0",
  "signature": "RxUZE9oANfcIOAEwWOEgBVvZuSmPPuCJOkbj5jr4Rww2AJU-fNJVLAWFe15E_lBK0RF4gtUZydv-KTM7X1NFFdDsoZa0mvGjUldZenGBS8YCenB-fj69GpUPUp9FLBlFl-LpgE5iM1VpdbzXZ4TjOjn9Mx-9mvjydQ5H9yuqrBVieB_KJ5uPs3NXWjsAwcOnfWVW5lZAIRRlApX3UW-t8qlH_fqxY69o61f7nzX2Ck8FGnC14OYRNHBTt27XQmN8PWDMik9GC1R-OmCLnZtjaxWrGX5TdaBGiIejU_2Ce9Bz1dLMFy3s9EEt6fzIVCml3feWsm3ln9R1H9Uwe4i7IA",
  "payload": ""
}
2026-05-15 02:36:27,393:DEBUG:urllib3.connectionpool:https://acme-v02.api.letsencrypt.org:443 "POST /acme/authz/3335975146/704288081606 HTTP/1.1" 200 821
2026-05-15 02:36:27,394:DEBUG:acme.client:Received response:
HTTP 200
Server: nginx
Date: Thu, 14 May 2026 23:36:27 GMT
Content-Type: application/json
Content-Length: 821
Connection: keep-alive
Boulder-Requester: 3335975146
Cache-Control: public, max-age=0, no-cache
Link: <https://acme-v02.api.letsencrypt.org/directory>;rel="index"
Replay-Nonce: CqJAX5X987AwvZuLQmSWYXoDbocQXe_J3rlfXwseL1a2JHoOp_c
X-Frame-Options: DENY
Strict-Transport-Security: max-age=604800

{
  "identifier": {
    "type": "dns",
    "value": "aildev.com.tr"
  },
  "status": "pending",
  "expires": "2026-05-21T23:36:10Z",
  "challenges": [
    {
      "type": "http-01",
      "url": "https://acme-v02.api.letsencrypt.org/acme/chall/3335975146/704288081606/egzj8g",
      "status": "pending",
      "token": "jZN8yC8Uv6nUCAwwYUGzq_8-FgT5d_Eq4snHfhBrfiw"
    },
    {
      "type": "tls-alpn-01",
      "url": "https://acme-v02.api.letsencrypt.org/acme/chall/3335975146/704288081606/vIiB7w",
      "status": "pending",
      "token": "jZN8yC8Uv6nUCAwwYUGzq_8-FgT5d_Eq4snHfhBrfiw"
    },
    {
      "type": "dns-01",
      "url": "https://acme-v02.api.letsencrypt.org/acme/chall/3335975146/704288081606/fmDHuw",
      "status": "pending",
      "token": "jZN8yC8Uv6nUCAwwYUGzq_8-FgT5d_Eq4snHfhBrfiw"
    }
  ]
}
2026-05-15 02:36:27,394:DEBUG:acme.client:Storing nonce: CqJAX5X987AwvZuLQmSWYXoDbocQXe_J3rlfXwseL1a2JHoOp_c
2026-05-15 02:36:27,394:DEBUG:acme.client:JWS payload:
b''
2026-05-15 02:36:27,396:DEBUG:acme.client:Sending POST request to https://acme-v02.api.letsencrypt.org/acme/authz/3335975146/704288081616:
{
  "protected": "eyJhbGciOiAiUlMyNTYiLCAia2lkIjogImh0dHBzOi8vYWNtZS12MDIuYXBpLmxldHNlbmNyeXB0Lm9yZy9hY21lL2FjY3QvMzMzNTk3NTE0NiIsICJub25jZSI6ICJDcUpBWDVYOTg3QXd2WnVMUW1TV1lYb0Rib2NRWGVfSjNybGZYd3NlTDFhMkpIb09wX2MiLCAidXJsIjogImh0dHBzOi8vYWNtZS12MDIuYXBpLmxldHNlbmNyeXB0Lm9yZy9hY21lL2F1dGh6LzMzMzU5NzUxNDYvNzA0Mjg4MDgxNjE2In0",
  "signature": "jFqN8dAzgnj7_1DcA-SiMVmK5WdusHg6G9r_IdmuFoVo77SK-6bJDWkdTbF9wGan1ry1xpNHlw083-cudCBZYSN8CzSYJ0dBIpsUw4UBNjT4LPCCDxP2CrHQevc9NDoF2tgivBM-aIePrMgbWfz9UaOGazE8eVIPgzl17RrATg3hOuO6rJx75bgM2lnjJ6cA9IP1oVFcrha7gRrRcZ80ZeV-UoaPTcYgfl_cRVHLhyKVKU316njIBwhiDSUNH-8ZWPbnBF1sbzwuFV2xXNigHo4GvyqSPo4itlDe00SNZpLLjE8ybVqucWKEOAG9s3UCbLXA2W9AaNk25Dr6h8HNmw",
  "payload": ""
}
2026-05-15 02:36:27,576:DEBUG:urllib3.connectionpool:https://acme-v02.api.letsencrypt.org:443 "POST /acme/authz/3335975146/704288081616 HTTP/1.1" 200 825
2026-05-15 02:36:27,576:DEBUG:acme.client:Received response:
HTTP 200
Server: nginx
Date: Thu, 14 May 2026 23:36:27 GMT
Content-Type: application/json
Content-Length: 825
Connection: keep-alive
Boulder-Requester: 3335975146
Cache-Control: public, max-age=0, no-cache
Link: <https://acme-v02.api.letsencrypt.org/directory>;rel="index"
Replay-Nonce: CqJAX5X965kS30Z4LjNxSVPEoBOrjZ8KOZfJi3aH4XUV-2GDVEo
X-Frame-Options: DENY
Strict-Transport-Security: max-age=604800

{
  "identifier": {
    "type": "dns",
    "value": "www.aildev.com.tr"
  },
  "status": "pending",
  "expires": "2026-05-21T23:36:10Z",
  "challenges": [
    {
      "type": "http-01",
      "url": "https://acme-v02.api.letsencrypt.org/acme/chall/3335975146/704288081616/9gQw5Q",
      "status": "pending",
      "token": "CNkqK3sONrGXLaq5YLaPuoeokZCjPgJOVN8MopLqHb8"
    },
    {
      "type": "dns-01",
      "url": "https://acme-v02.api.letsencrypt.org/acme/chall/3335975146/704288081616/0ibKzg",
      "status": "pending",
      "token": "CNkqK3sONrGXLaq5YLaPuoeokZCjPgJOVN8MopLqHb8"
    },
    {
      "type": "tls-alpn-01",
      "url": "https://acme-v02.api.letsencrypt.org/acme/chall/3335975146/704288081616/IFxlmg",
      "status": "pending",
      "token": "CNkqK3sONrGXLaq5YLaPuoeokZCjPgJOVN8MopLqHb8"
    }
  ]
}
2026-05-15 02:36:27,576:DEBUG:acme.client:Storing nonce: CqJAX5X965kS30Z4LjNxSVPEoBOrjZ8KOZfJi3aH4XUV-2GDVEo
2026-05-15 02:36:30,580:DEBUG:acme.client:JWS payload:
b''
2026-05-15 02:36:30,581:DEBUG:acme.client:Sending POST request to https://acme-v02.api.letsencrypt.org/acme/authz/3335975146/704288081606:
{
  "protected": "eyJhbGciOiAiUlMyNTYiLCAia2lkIjogImh0dHBzOi8vYWNtZS12MDIuYXBpLmxldHNlbmNyeXB0Lm9yZy9hY21lL2FjY3QvMzMzNTk3NTE0NiIsICJub25jZSI6ICJDcUpBWDVYOTY1a1MzMFo0TGpOeFNWUEVvQk9yalo4S09aZkppM2FINFhVVi0yR0RWRW8iLCAidXJsIjogImh0dHBzOi8vYWNtZS12MDIuYXBpLmxldHNlbmNyeXB0Lm9yZy9hY21lL2F1dGh6LzMzMzU5NzUxNDYvNzA0Mjg4MDgxNjA2In0",
  "signature": "wq0QtcarwgZV2z3sVd78yGLFefZLoEJNGSbVOeAoxSVpdPrznawWvYr2wpMKFUtremMs5J9EvaCyCrCDvOP2_A3U1dVkO1RJ6nvthmHusPCiI0fNuVEPwm-NKz7SeuEaFy7VygYm6Tqtp1gBzE9mhOZMTq1ualpP6BHDyWmkLx8ABumEgA2Lf4t43tIWNH8Jt_gumXehTIQzqW6viGYAs55ESH1muXlLIoL0GykpT9xVXqxD4lKKhtYvUBAlnoWUN6Pvwz3d9w0KIMvlne14o9yeQOoE771ASBEFMMkLFusn-GwqFl3m-PJv661VIn_jZowX5mL7GpyeYdwKJXkIIw",
  "payload": ""
}
2026-05-15 02:36:30,764:DEBUG:urllib3.connectionpool:https://acme-v02.api.letsencrypt.org:443 "POST /acme/authz/3335975146/704288081606 HTTP/1.1" 200 821
2026-05-15 02:36:30,764:DEBUG:acme.client:Received response:
HTTP 200
Server: nginx
Date: Thu, 14 May 2026 23:36:30 GMT
Content-Type: application/json
Content-Length: 821
Connection: keep-alive
Boulder-Requester: 3335975146
Cache-Control: public, max-age=0, no-cache
Link: <https://acme-v02.api.letsencrypt.org/directory>;rel="index"
Replay-Nonce: CqJAX5X9z1RV4-7BfSkGVD1EcHtqzoUGgAxLq7aml9jiyRi8KXc
X-Frame-Options: DENY
Strict-Transport-Security: max-age=604800

{
  "identifier": {
    "type": "dns",
    "value": "aildev.com.tr"
  },
  "status": "pending",
  "expires": "2026-05-21T23:36:10Z",
  "challenges": [
    {
      "type": "tls-alpn-01",
      "url": "https://acme-v02.api.letsencrypt.org/acme/chall/3335975146/704288081606/vIiB7w",
      "status": "pending",
      "token": "jZN8yC8Uv6nUCAwwYUGzq_8-FgT5d_Eq4snHfhBrfiw"
    },
    {
      "type": "dns-01",
      "url": "https://acme-v02.api.letsencrypt.org/acme/chall/3335975146/704288081606/fmDHuw",
      "status": "pending",
      "token": "jZN8yC8Uv6nUCAwwYUGzq_8-FgT5d_Eq4snHfhBrfiw"
    },
    {
      "type": "http-01",
      "url": "https://acme-v02.api.letsencrypt.org/acme/chall/3335975146/704288081606/egzj8g",
      "status": "pending",
      "token": "jZN8yC8Uv6nUCAwwYUGzq_8-FgT5d_Eq4snHfhBrfiw"
    }
  ]
}
2026-05-15 02:36:30,764:DEBUG:acme.client:Storing nonce: CqJAX5X9z1RV4-7BfSkGVD1EcHtqzoUGgAxLq7aml9jiyRi8KXc
2026-05-15 02:36:30,765:DEBUG:acme.client:JWS payload:
b''
2026-05-15 02:36:30,766:DEBUG:acme.client:Sending POST request to https://acme-v02.api.letsencrypt.org/acme/authz/3335975146/704288081616:
{
  "protected": "eyJhbGciOiAiUlMyNTYiLCAia2lkIjogImh0dHBzOi8vYWNtZS12MDIuYXBpLmxldHNlbmNyeXB0Lm9yZy9hY21lL2FjY3QvMzMzNTk3NTE0NiIsICJub25jZSI6ICJDcUpBWDVYOXoxUlY0LTdCZlNrR1ZEMUVjSHRxem9VR2dBeExxN2FtbDlqaXlSaThLWGMiLCAidXJsIjogImh0dHBzOi8vYWNtZS12MDIuYXBpLmxldHNlbmNyeXB0Lm9yZy9hY21lL2F1dGh6LzMzMzU5NzUxNDYvNzA0Mjg4MDgxNjE2In0",
  "signature": "AFpfvaMNOXQewnXL0LUIqIkZzKswLRXL4cXdJoq3JEx64ybibhTQxtNI0uHEpb4_ucJop3MnVsolGsnhU2SvrLy_Ov2PjSZieLZbuKPzBfOS5IP2tsyswo-aBk5VdE0hYAwaIsbDa6RnhjpPl71FWd53tPOta_KwAg-UT1B9HvUxe75WoaC_oGboc_LuNhj6r2cIzEt-3y0bLCEZwUbx2H--0QId1OM1qkuWzG_phPOhizTLeUjWuirp2kqXUqdxj9IsUGFcse9TNUXvg1RZRDr2vKj1OPYA1yV46G5p1PC7u8NVYAgIoiylRsp_Qv47Sh2BHN99EezRNfH2Z_AnTQ",
  "payload": ""
}
2026-05-15 02:36:30,946:DEBUG:urllib3.connectionpool:https://acme-v02.api.letsencrypt.org:443 "POST /acme/authz/3335975146/704288081616 HTTP/1.1" 200 825
2026-05-15 02:36:30,947:DEBUG:acme.client:Received response:
HTTP 200
Server: nginx
Date: Thu, 14 May 2026 23:36:30 GMT
Content-Type: application/json
Content-Length: 825
Connection: keep-alive
Boulder-Requester: 3335975146
Cache-Control: public, max-age=0, no-cache
Link: <https://acme-v02.api.letsencrypt.org/directory>;rel="index"
Replay-Nonce: CqJAX5X9nRPIlPw4vfwopze7RsampVvHMuImYxaTuhKgb80NppE
X-Frame-Options: DENY
Strict-Transport-Security: max-age=604800

{
  "identifier": {
    "type": "dns",
    "value": "www.aildev.com.tr"
  },
  "status": "pending",
  "expires": "2026-05-21T23:36:10Z",
  "challenges": [
    {
      "type": "tls-alpn-01",
      "url": "https://acme-v02.api.letsencrypt.org/acme/chall/3335975146/704288081616/IFxlmg",
      "status": "pending",
      "token": "CNkqK3sONrGXLaq5YLaPuoeokZCjPgJOVN8MopLqHb8"
    },
    {
      "type": "dns-01",
      "url": "https://acme-v02.api.letsencrypt.org/acme/chall/3335975146/704288081616/0ibKzg",
      "status": "pending",
      "token": "CNkqK3sONrGXLaq5YLaPuoeokZCjPgJOVN8MopLqHb8"
    },
    {
      "type": "http-01",
      "url": "https://acme-v02.api.letsencrypt.org/acme/chall/3335975146/704288081616/9gQw5Q",
      "status": "pending",
      "token": "CNkqK3sONrGXLaq5YLaPuoeokZCjPgJOVN8MopLqHb8"
    }
  ]
}
2026-05-15 02:36:30,947:DEBUG:acme.client:Storing nonce: CqJAX5X9nRPIlPw4vfwopze7RsampVvHMuImYxaTuhKgb80NppE
2026-05-15 02:36:33,950:DEBUG:acme.client:JWS payload:
b''
2026-05-15 02:36:33,952:DEBUG:acme.client:Sending POST request to https://acme-v02.api.letsencrypt.org/acme/authz/3335975146/704288081606:
{
  "protected": "eyJhbGciOiAiUlMyNTYiLCAia2lkIjogImh0dHBzOi8vYWNtZS12MDIuYXBpLmxldHNlbmNyeXB0Lm9yZy9hY21lL2FjY3QvMzMzNTk3NTE0NiIsICJub25jZSI6ICJDcUpBWDVYOW5SUElsUHc0dmZ3b3B6ZTdSc2FtcFZ2SE11SW1ZeGFUdWhLZ2I4ME5wcEUiLCAidXJsIjogImh0dHBzOi8vYWNtZS12MDIuYXBpLmxldHNlbmNyeXB0Lm9yZy9hY21lL2F1dGh6LzMzMzU5NzUxNDYvNzA0Mjg4MDgxNjA2In0",
  "signature": "IGqPLkOFmf5iTHl1x4DBonyB93J1z5Sr2M6Li-UrH4L5B3kXWAHoY-nA3ls5PGDNd3buVuRaXcDz_H-iewumF1joRBq_Z_1V4pGAHM1735hiHc6PjxsdJKvdD4alEtHbNNLyJUlqxHzCOhjWdgOwsl5sWDXqLm28M2kO7G2mf19CPt4m_dqI-duoZmsTgMkKdZoNJCyb1tOhN-XElfrd0LAHPR_jOJitpsWLZhS8GSwMo2LlObeTBCTtmjdpc9a86IjDHAVURoNcg5JmCo04Sb3oqDFuCyKkn36BfqyKb3uipCfdym-wVjFGfKuYOoMbNnxzJ7EGfvURz_dJA5Zv6A",
  "payload": ""
}
2026-05-15 02:36:34,133:DEBUG:urllib3.connectionpool:https://acme-v02.api.letsencrypt.org:443 "POST /acme/authz/3335975146/704288081606 HTTP/1.1" 200 821
2026-05-15 02:36:34,134:DEBUG:acme.client:Received response:
HTTP 200
Server: nginx
Date: Thu, 14 May 2026 23:36:34 GMT
Content-Type: application/json
Content-Length: 821
Connection: keep-alive
Boulder-Requester: 3335975146
Cache-Control: public, max-age=0, no-cache
Link: <https://acme-v02.api.letsencrypt.org/directory>;rel="index"
Replay-Nonce: CqJAX5X9egFlUqFjgqegGNEZE0iSmj5HLDUkaAta0MKrOzyfavQ
X-Frame-Options: DENY
Strict-Transport-Security: max-age=604800

{
  "identifier": {
    "type": "dns",
    "value": "aildev.com.tr"
  },
  "status": "pending",
  "expires": "2026-05-21T23:36:10Z",
  "challenges": [
    {
      "type": "http-01",
      "url": "https://acme-v02.api.letsencrypt.org/acme/chall/3335975146/704288081606/egzj8g",
      "status": "pending",
      "token": "jZN8yC8Uv6nUCAwwYUGzq_8-FgT5d_Eq4snHfhBrfiw"
    },
    {
      "type": "dns-01",
      "url": "https://acme-v02.api.letsencrypt.org/acme/chall/3335975146/704288081606/fmDHuw",
      "status": "pending",
      "token": "jZN8yC8Uv6nUCAwwYUGzq_8-FgT5d_Eq4snHfhBrfiw"
    },
    {
      "type": "tls-alpn-01",
      "url": "https://acme-v02.api.letsencrypt.org/acme/chall/3335975146/704288081606/vIiB7w",
      "status": "pending",
      "token": "jZN8yC8Uv6nUCAwwYUGzq_8-FgT5d_Eq4snHfhBrfiw"
    }
  ]
}
2026-05-15 02:36:34,134:DEBUG:acme.client:Storing nonce: CqJAX5X9egFlUqFjgqegGNEZE0iSmj5HLDUkaAta0MKrOzyfavQ
2026-05-15 02:36:34,134:DEBUG:acme.client:JWS payload:
b''
2026-05-15 02:36:34,135:DEBUG:acme.client:Sending POST request to https://acme-v02.api.letsencrypt.org/acme/authz/3335975146/704288081616:
{
  "protected": "eyJhbGciOiAiUlMyNTYiLCAia2lkIjogImh0dHBzOi8vYWNtZS12MDIuYXBpLmxldHNlbmNyeXB0Lm9yZy9hY21lL2FjY3QvMzMzNTk3NTE0NiIsICJub25jZSI6ICJDcUpBWDVYOWVnRmxVcUZqZ3FlZ0dORVpFMGlTbWo1SExEVWthQXRhME1Lck96eWZhdlEiLCAidXJsIjogImh0dHBzOi8vYWNtZS12MDIuYXBpLmxldHNlbmNyeXB0Lm9yZy9hY21lL2F1dGh6LzMzMzU5NzUxNDYvNzA0Mjg4MDgxNjE2In0",
  "signature": "fr7O8MKk8Wi7qr69eNJW89mm4DkCnKGE08Ew9Dst5BSDGjimBbzB5cY73EgLD1jBPhj2yh9_-wyF9nkHG_ZbV780b37pTLRsX-LCkXVRwci1QB6JvE3sm5jka8AB9jM8NHLb6I0uggSWJIDVLg41f38edpQpAtc2tpjCIeyaTzK1FLebFljcj_ORi5ExH5sfReA0Ww2g8eTbU6nBxgH6JT6gdHYWpVMgNkJ-q00Jm_-QTW5ld21BK2YdDUIR0x-Mwb07s40Yb9ptzDAmvy_zmjeCGRbYeUVEkbCIgtqN_VYnKdbPS1aEiiV0QDGd-vl-3gnlW2QrSjksH_DSk2xCcQ",
  "payload": ""
}
2026-05-15 02:36:34,316:DEBUG:urllib3.connectionpool:https://acme-v02.api.letsencrypt.org:443 "POST /acme/authz/3335975146/704288081616 HTTP/1.1" 200 825
2026-05-15 02:36:34,316:DEBUG:acme.client:Received response:
HTTP 200
Server: nginx
Date: Thu, 14 May 2026 23:36:34 GMT
Content-Type: application/json
Content-Length: 825
Connection: keep-alive
Boulder-Requester: 3335975146
Cache-Control: public, max-age=0, no-cache
Link: <https://acme-v02.api.letsencrypt.org/directory>;rel="index"
Replay-Nonce: xoZfuRf-eSKG2xhvul8gAJNqBMVkqdHMICsRVuEibwLX9ZRg7R4
X-Frame-Options: DENY
Strict-Transport-Security: max-age=604800

{
  "identifier": {
    "type": "dns",
    "value": "www.aildev.com.tr"
  },
  "status": "pending",
  "expires": "2026-05-21T23:36:10Z",
  "challenges": [
    {
      "type": "http-01",
      "url": "https://acme-v02.api.letsencrypt.org/acme/chall/3335975146/704288081616/9gQw5Q",
      "status": "pending",
      "token": "CNkqK3sONrGXLaq5YLaPuoeokZCjPgJOVN8MopLqHb8"
    },
    {
      "type": "dns-01",
      "url": "https://acme-v02.api.letsencrypt.org/acme/chall/3335975146/704288081616/0ibKzg",
      "status": "pending",
      "token": "CNkqK3sONrGXLaq5YLaPuoeokZCjPgJOVN8MopLqHb8"
    },
    {
      "type": "tls-alpn-01",
      "url": "https://acme-v02.api.letsencrypt.org/acme/chall/3335975146/704288081616/IFxlmg",
      "status": "pending",
      "token": "CNkqK3sONrGXLaq5YLaPuoeokZCjPgJOVN8MopLqHb8"
    }
  ]
}
2026-05-15 02:36:34,316:DEBUG:acme.client:Storing nonce: xoZfuRf-eSKG2xhvul8gAJNqBMVkqdHMICsRVuEibwLX9ZRg7R4
2026-05-15 02:36:37,319:DEBUG:acme.client:JWS payload:
b''
2026-05-15 02:36:37,321:DEBUG:acme.client:Sending POST request to https://acme-v02.api.letsencrypt.org/acme/authz/3335975146/704288081606:
{
  "protected": "eyJhbGciOiAiUlMyNTYiLCAia2lkIjogImh0dHBzOi8vYWNtZS12MDIuYXBpLmxldHNlbmNyeXB0Lm9yZy9hY21lL2FjY3QvMzMzNTk3NTE0NiIsICJub25jZSI6ICJ4b1pmdVJmLWVTS0cyeGh2dWw4Z0FKTnFCTVZrcWRITUlDc1JWdUVpYndMWDlaUmc3UjQiLCAidXJsIjogImh0dHBzOi8vYWNtZS12MDIuYXBpLmxldHNlbmNyeXB0Lm9yZy9hY21lL2F1dGh6LzMzMzU5NzUxNDYvNzA0Mjg4MDgxNjA2In0",
  "signature": "Ot3B_cnSa-Jo5qV6p1cbhS0S3oAk_yQBBBO_w3cH6JevbI-mUE2nc8QOy2FMfBD3loG1wSVrsulr9XcbdZ6Tmk2HDzEOOXsRaIhj5vAISq75BG_2TAYkkgj8z_FTbPj3iTAFbkIV7AeN2A94C7n5EwUgE43jDWWf5fq5LloNkPkVb0VLtWLBQbK0dsMUMULOCqzOSM5CZHc4RuDxNETEKsunMhe4J0j3ej6LkIQKNgJwIHRk5-BTTpuNSZDCx9QUl0_swiTJqbfruBs6hpaVnCU6KgRoKsq1Cr74J7NpRh1pM1PpHMsu2iTBpBsEW094Bhrb71FDaYi2MV6XFqPvhg",
  "payload": ""
}
2026-05-15 02:36:37,501:DEBUG:urllib3.connectionpool:https://acme-v02.api.letsencrypt.org:443 "POST /acme/authz/3335975146/704288081606 HTTP/1.1" 200 821
2026-05-15 02:36:37,501:DEBUG:acme.client:Received response:
HTTP 200
Server: nginx
Date: Thu, 14 May 2026 23:36:37 GMT
Content-Type: application/json
Content-Length: 821
Connection: keep-alive
Boulder-Requester: 3335975146
Cache-Control: public, max-age=0, no-cache
Link: <https://acme-v02.api.letsencrypt.org/directory>;rel="index"
Replay-Nonce: CqJAX5X9bpUsD7qw0R68BKkoMuJ-GVSmwz9TG-g83zEHE9F9sAk
X-Frame-Options: DENY
Strict-Transport-Security: max-age=604800

{
  "identifier": {
    "type": "dns",
    "value": "aildev.com.tr"
  },
  "status": "pending",
  "expires": "2026-05-21T23:36:10Z",
  "challenges": [
    {
      "type": "tls-alpn-01",
      "url": "https://acme-v02.api.letsencrypt.org/acme/chall/3335975146/704288081606/vIiB7w",
      "status": "pending",
      "token": "jZN8yC8Uv6nUCAwwYUGzq_8-FgT5d_Eq4snHfhBrfiw"
    },
    {
      "type": "dns-01",
      "url": "https://acme-v02.api.letsencrypt.org/acme/chall/3335975146/704288081606/fmDHuw",
      "status": "pending",
      "token": "jZN8yC8Uv6nUCAwwYUGzq_8-FgT5d_Eq4snHfhBrfiw"
    },
    {
      "type": "http-01",
      "url": "https://acme-v02.api.letsencrypt.org/acme/chall/3335975146/704288081606/egzj8g",
      "status": "pending",
      "token": "jZN8yC8Uv6nUCAwwYUGzq_8-FgT5d_Eq4snHfhBrfiw"
    }
  ]
}
2026-05-15 02:36:37,502:DEBUG:acme.client:Storing nonce: CqJAX5X9bpUsD7qw0R68BKkoMuJ-GVSmwz9TG-g83zEHE9F9sAk
2026-05-15 02:36:37,502:DEBUG:acme.client:JWS payload:
b''
2026-05-15 02:36:37,503:DEBUG:acme.client:Sending POST request to https://acme-v02.api.letsencrypt.org/acme/authz/3335975146/704288081616:
{
  "protected": "eyJhbGciOiAiUlMyNTYiLCAia2lkIjogImh0dHBzOi8vYWNtZS12MDIuYXBpLmxldHNlbmNyeXB0Lm9yZy9hY21lL2FjY3QvMzMzNTk3NTE0NiIsICJub25jZSI6ICJDcUpBWDVYOWJwVXNEN3F3MFI2OEJLa29NdUotR1ZTbXd6OVRHLWc4M3pFSEU5RjlzQWsiLCAidXJsIjogImh0dHBzOi8vYWNtZS12MDIuYXBpLmxldHNlbmNyeXB0Lm9yZy9hY21lL2F1dGh6LzMzMzU5NzUxNDYvNzA0Mjg4MDgxNjE2In0",
  "signature": "J_ESYYBGQd69khKM9pH_bV_rX8F2FpxtxNX3ba535AqcmFB71YTQrEynOpEVwij0GbPRL5ZOZ9rX9zLXOIZzVDkq5ASBQHBUDwKWnIv9GAFLOzKYlyOxg68z4gMx8iyIkI1A_mzDVxEkuqrg_kjcyLACyNllHSxabsBy9pgskw-Nze79VG5VFpq4uky5URkoIKQVcXRoVTZ7jVhSNPCgh7VEIp5rFCDu1csFzLa8_3oEMwTHD7Hk6x4UTNyvnINyF7TW1rGLvLMbOXTD1hBGdYdTmNulURt-TXJRXgiCaUdJydTjLmzV6dfP9IX3fD0PsQwNFc4JB1n61DKWFGDVXw",
  "payload": ""
}
2026-05-15 02:36:37,684:DEBUG:urllib3.connectionpool:https://acme-v02.api.letsencrypt.org:443 "POST /acme/authz/3335975146/704288081616 HTTP/1.1" 200 825
2026-05-15 02:36:37,684:DEBUG:acme.client:Received response:
HTTP 200
Server: nginx
Date: Thu, 14 May 2026 23:36:37 GMT
Content-Type: application/json
Content-Length: 825
Connection: keep-alive
Boulder-Requester: 3335975146
Cache-Control: public, max-age=0, no-cache
Link: <https://acme-v02.api.letsencrypt.org/directory>;rel="index"
Replay-Nonce: CqJAX5X970JMpBQbUh8j7FGLzBYmHaZmcXeyaVqXvTmF6VjKRHk
X-Frame-Options: DENY
Strict-Transport-Security: max-age=604800

{
  "identifier": {
    "type": "dns",
    "value": "www.aildev.com.tr"
  },
  "status": "pending",
  "expires": "2026-05-21T23:36:10Z",
  "challenges": [
    {
      "type": "dns-01",
      "url": "https://acme-v02.api.letsencrypt.org/acme/chall/3335975146/704288081616/0ibKzg",
      "status": "pending",
      "token": "CNkqK3sONrGXLaq5YLaPuoeokZCjPgJOVN8MopLqHb8"
    },
    {
      "type": "tls-alpn-01",
      "url": "https://acme-v02.api.letsencrypt.org/acme/chall/3335975146/704288081616/IFxlmg",
      "status": "pending",
      "token": "CNkqK3sONrGXLaq5YLaPuoeokZCjPgJOVN8MopLqHb8"
    },
    {
      "type": "http-01",
      "url": "https://acme-v02.api.letsencrypt.org/acme/chall/3335975146/704288081616/9gQw5Q",
      "status": "pending",
      "token": "CNkqK3sONrGXLaq5YLaPuoeokZCjPgJOVN8MopLqHb8"
    }
  ]
}
2026-05-15 02:36:37,684:DEBUG:acme.client:Storing nonce: CqJAX5X970JMpBQbUh8j7FGLzBYmHaZmcXeyaVqXvTmF6VjKRHk
2026-05-15 02:36:40,687:DEBUG:acme.client:JWS payload:
b''
2026-05-15 02:36:40,689:DEBUG:acme.client:Sending POST request to https://acme-v02.api.letsencrypt.org/acme/authz/3335975146/704288081606:
{
  "protected": "eyJhbGciOiAiUlMyNTYiLCAia2lkIjogImh0dHBzOi8vYWNtZS12MDIuYXBpLmxldHNlbmNyeXB0Lm9yZy9hY21lL2FjY3QvMzMzNTk3NTE0NiIsICJub25jZSI6ICJDcUpBWDVYOTcwSk1wQlFiVWg4ajdGR0x6QlltSGFabWNYZXlhVnFYdlRtRjZWaktSSGsiLCAidXJsIjogImh0dHBzOi8vYWNtZS12MDIuYXBpLmxldHNlbmNyeXB0Lm9yZy9hY21lL2F1dGh6LzMzMzU5NzUxNDYvNzA0Mjg4MDgxNjA2In0",
  "signature": "KuszBeCAyrDxbx5TLaJvxzCM5jX6g0NTSHIDRGfLyKwP70wylfzSoIQsLWv7HrW-30MKKTRChjTcpyZgkFJLpPFiM69OQxZS4tOTpGZDRRtopORtqgvHi3VgbqL52Bxh3pvl1w138Amx0Gcsq053NGnX36qbOuRi0xc24QydRGC09U6_FNpBkf_0yCgS93pGT80WAHqlv4Xd7Y5tjtTrMy9GjJejtM_etElDC5X4bXk6owEyzVmtU3dGQGvrV7tD2RPYuUDiG3NXjs_nHGHsoB1K3vecuZYzXGevloyC-UE_wlS1tofONNruViBxhagtZnhXm99kOQXwiRCWXh8lIA",
  "payload": ""
}
2026-05-15 02:36:40,871:DEBUG:urllib3.connectionpool:https://acme-v02.api.letsencrypt.org:443 "POST /acme/authz/3335975146/704288081606 HTTP/1.1" 200 821
2026-05-15 02:36:40,871:DEBUG:acme.client:Received response:
HTTP 200
Server: nginx
Date: Thu, 14 May 2026 23:36:40 GMT
Content-Type: application/json
Content-Length: 821
Connection: keep-alive
Boulder-Requester: 3335975146
Cache-Control: public, max-age=0, no-cache
Link: <https://acme-v02.api.letsencrypt.org/directory>;rel="index"
Replay-Nonce: xoZfuRf-WhXS5NPw15xSofJi7zk3bLhJF-5lH9xZrXdZmtPmbuI
X-Frame-Options: DENY
Strict-Transport-Security: max-age=604800

{
  "identifier": {
    "type": "dns",
    "value": "aildev.com.tr"
  },
  "status": "pending",
  "expires": "2026-05-21T23:36:10Z",
  "challenges": [
    {
      "type": "tls-alpn-01",
      "url": "https://acme-v02.api.letsencrypt.org/acme/chall/3335975146/704288081606/vIiB7w",
      "status": "pending",
      "token": "jZN8yC8Uv6nUCAwwYUGzq_8-FgT5d_Eq4snHfhBrfiw"
    },
    {
      "type": "http-01",
      "url": "https://acme-v02.api.letsencrypt.org/acme/chall/3335975146/704288081606/egzj8g",
      "status": "pending",
      "token": "jZN8yC8Uv6nUCAwwYUGzq_8-FgT5d_Eq4snHfhBrfiw"
    },
    {
      "type": "dns-01",
      "url": "https://acme-v02.api.letsencrypt.org/acme/chall/3335975146/704288081606/fmDHuw",
      "status": "pending",
      "token": "jZN8yC8Uv6nUCAwwYUGzq_8-FgT5d_Eq4snHfhBrfiw"
    }
  ]
}
2026-05-15 02:36:40,871:DEBUG:acme.client:Storing nonce: xoZfuRf-WhXS5NPw15xSofJi7zk3bLhJF-5lH9xZrXdZmtPmbuI
2026-05-15 02:36:40,871:DEBUG:acme.client:JWS payload:
b''
2026-05-15 02:36:40,873:DEBUG:acme.client:Sending POST request to https://acme-v02.api.letsencrypt.org/acme/authz/3335975146/704288081616:
{
  "protected": "eyJhbGciOiAiUlMyNTYiLCAia2lkIjogImh0dHBzOi8vYWNtZS12MDIuYXBpLmxldHNlbmNyeXB0Lm9yZy9hY21lL2FjY3QvMzMzNTk3NTE0NiIsICJub25jZSI6ICJ4b1pmdVJmLVdoWFM1TlB3MTV4U29mSmk3emszYkxoSkYtNWxIOXhaclhkWm10UG1idUkiLCAidXJsIjogImh0dHBzOi8vYWNtZS12MDIuYXBpLmxldHNlbmNyeXB0Lm9yZy9hY21lL2F1dGh6LzMzMzU5NzUxNDYvNzA0Mjg4MDgxNjE2In0",
  "signature": "uaJDlsEM3p_0K1NHXb9vDUiZro9I6QkBLkrstMF4T2DWuKMNMfsfTk883CM2d8XXxegoKZi5X6bvZdsb7-utCFBtExaOTq3ExheqK0hAH2l2jvPrIhEg5ABo2cK7FipioC-TDxhytFp6-ew1yUGnoSychbeWads749TaQ8oXXUgxlckFpfujKMTlWyWkem3SI-3ZhYuInAAMadNOKh1B1YMqvb4tnviKpiQwW84PpSf2yUTpCfWrgZtWZqGYuXBzxZdq96VFBrkTEtjKUPuQwm8vxY7x2AFpXz_gIjEfgbza38MJdAi3rkimfawz27hekV6xU_Tb-EjSiEVETms81w",
  "payload": ""
}
2026-05-15 02:36:41,053:DEBUG:urllib3.connectionpool:https://acme-v02.api.letsencrypt.org:443 "POST /acme/authz/3335975146/704288081616 HTTP/1.1" 200 825
2026-05-15 02:36:41,054:DEBUG:acme.client:Received response:
HTTP 200
Server: nginx
Date: Thu, 14 May 2026 23:36:40 GMT
Content-Type: application/json
Content-Length: 825
Connection: keep-alive
Boulder-Requester: 3335975146
Cache-Control: public, max-age=0, no-cache
Link: <https://acme-v02.api.letsencrypt.org/directory>;rel="index"
Replay-Nonce: xoZfuRf-XWSB50bxJIS254SRwXqZSBG5gh3BMy6q0vLoMHpFcZE
X-Frame-Options: DENY
Strict-Transport-Security: max-age=604800

{
  "identifier": {
    "type": "dns",
    "value": "www.aildev.com.tr"
  },
  "status": "pending",
  "expires": "2026-05-21T23:36:10Z",
  "challenges": [
    {
      "type": "dns-01",
      "url": "https://acme-v02.api.letsencrypt.org/acme/chall/3335975146/704288081616/0ibKzg",
      "status": "pending",
      "token": "CNkqK3sONrGXLaq5YLaPuoeokZCjPgJOVN8MopLqHb8"
    },
    {
      "type": "http-01",
      "url": "https://acme-v02.api.letsencrypt.org/acme/chall/3335975146/704288081616/9gQw5Q",
      "status": "pending",
      "token": "CNkqK3sONrGXLaq5YLaPuoeokZCjPgJOVN8MopLqHb8"
    },
    {
      "type": "tls-alpn-01",
      "url": "https://acme-v02.api.letsencrypt.org/acme/chall/3335975146/704288081616/IFxlmg",
      "status": "pending",
      "token": "CNkqK3sONrGXLaq5YLaPuoeokZCjPgJOVN8MopLqHb8"
    }
  ]
}
2026-05-15 02:36:41,054:DEBUG:acme.client:Storing nonce: xoZfuRf-XWSB50bxJIS254SRwXqZSBG5gh3BMy6q0vLoMHpFcZE
2026-05-15 02:36:44,057:DEBUG:acme.client:JWS payload:
b''
2026-05-15 02:36:44,059:DEBUG:acme.client:Sending POST request to https://acme-v02.api.letsencrypt.org/acme/authz/3335975146/704288081606:
{
  "protected": "eyJhbGciOiAiUlMyNTYiLCAia2lkIjogImh0dHBzOi8vYWNtZS12MDIuYXBpLmxldHNlbmNyeXB0Lm9yZy9hY21lL2FjY3QvMzMzNTk3NTE0NiIsICJub25jZSI6ICJ4b1pmdVJmLVhXU0I1MGJ4SklTMjU0U1J3WHFaU0JHNWdoM0JNeTZxMHZMb01IcEZjWkUiLCAidXJsIjogImh0dHBzOi8vYWNtZS12MDIuYXBpLmxldHNlbmNyeXB0Lm9yZy9hY21lL2F1dGh6LzMzMzU5NzUxNDYvNzA0Mjg4MDgxNjA2In0",
  "signature": "j9jMhXrgjmBd7ZFDR5R_6Yqq8M84FCwiYFrr1-dimc8yw0s6v0em6mqkpHvF0Wv_UfGSJXu2HMgwntLE8vgVeSaWsFdcFqS2tpz9ufagzdmbmk69LyZiusWIWLyQiddQ5OiEQB9FPUEKb63yRsuOCg8EcMEqvRWQxuHU_9FkVdf2M7mowExgQJDMdZyUlHcOY2pj0m9KxxYHdr2xI1xNNfu0aaNkdxKW8OrUHCLOV1-sVfqKRgExKVvHpkwU5p3hNVTQM_PljUQCvc_6SkpTDV_vUYflJ7Ry1jWddfJxgWU9U50_10PSHlge7GhBUzh-hjqmts_rBDoeQmoOpjjyng",
  "payload": ""
}
2026-05-15 02:36:44,239:DEBUG:urllib3.connectionpool:https://acme-v02.api.letsencrypt.org:443 "POST /acme/authz/3335975146/704288081606 HTTP/1.1" 200 662
2026-05-15 02:36:44,239:DEBUG:acme.client:Received response:
HTTP 200
Server: nginx
Date: Thu, 14 May 2026 23:36:44 GMT
Content-Type: application/json
Content-Length: 662
Connection: keep-alive
Boulder-Requester: 3335975146
Cache-Control: public, max-age=0, no-cache
Link: <https://acme-v02.api.letsencrypt.org/directory>;rel="index"
Replay-Nonce: xoZfuRf-R3cvuxfJZztregn-jFC3OGdT7kNj3ZEXOH4vb0OmWSY
X-Frame-Options: DENY
Strict-Transport-Security: max-age=604800

{
  "identifier": {
    "type": "dns",
    "value": "aildev.com.tr"
  },
  "status": "invalid",
  "expires": "2026-05-21T23:36:10Z",
  "challenges": [
    {
      "type": "http-01",
      "url": "https://acme-v02.api.letsencrypt.org/acme/chall/3335975146/704288081606/egzj8g",
      "status": "invalid",
      "validated": "2026-05-14T23:36:12Z",
      "error": {
        "type": "urn:ietf:params:acme:error:dns",
        "detail": "DNS problem: query timed out looking up A for aildev.com.tr; DNS problem: query timed out looking up AAAA for aildev.com.tr",
        "status": 400
      },
      "token": "jZN8yC8Uv6nUCAwwYUGzq_8-FgT5d_Eq4snHfhBrfiw"
    }
  ]
}
2026-05-15 02:36:44,239:DEBUG:acme.client:Storing nonce: xoZfuRf-R3cvuxfJZztregn-jFC3OGdT7kNj3ZEXOH4vb0OmWSY
2026-05-15 02:36:44,240:DEBUG:acme.client:JWS payload:
b''
2026-05-15 02:36:44,241:DEBUG:acme.client:Sending POST request to https://acme-v02.api.letsencrypt.org/acme/authz/3335975146/704288081616:
{
  "protected": "eyJhbGciOiAiUlMyNTYiLCAia2lkIjogImh0dHBzOi8vYWNtZS12MDIuYXBpLmxldHNlbmNyeXB0Lm9yZy9hY21lL2FjY3QvMzMzNTk3NTE0NiIsICJub25jZSI6ICJ4b1pmdVJmLVIzY3Z1eGZKWnp0cmVnbi1qRkMzT0dkVDdrTmozWkVYT0g0dmIwT21XU1kiLCAidXJsIjogImh0dHBzOi8vYWNtZS12MDIuYXBpLmxldHNlbmNyeXB0Lm9yZy9hY21lL2F1dGh6LzMzMzU5NzUxNDYvNzA0Mjg4MDgxNjE2In0",
  "signature": "DHIJ1BtTv0fcRevvLe6H4TbNOI3y0xkSUTKOYjQPfbKlaDqIohM9MNSlMsEFGDs1V1fT0nd4jWPyXRMjz0IetcPuWMfR_XyeSOLdac3A0DDT2YS0Z6vIljymIu4uTY-MhCkQyqYx_mn56jZhkH7hHN7-CPJaJG15VgLkB9ptI1mq1mruf_YwrQROnQc9orxU23bi2diRA1MbuydasW-Xy72utUmZ4Gy6FbpRfuA5v1pFQsMcwEfBHYYxpFYTC_fFmBPyTvtTnIreYGt5MGVluSXSqqAME-N9V5CaOf83yTowo2krRHOMEMXwpUvuyNU3N1d9YwrPDipAiMytllJRBQ",
  "payload": ""
}
2026-05-15 02:36:44,421:DEBUG:urllib3.connectionpool:https://acme-v02.api.letsencrypt.org:443 "POST /acme/authz/3335975146/704288081616 HTTP/1.1" 200 716
2026-05-15 02:36:44,421:DEBUG:acme.client:Received response:
HTTP 200
Server: nginx
Date: Thu, 14 May 2026 23:36:44 GMT
Content-Type: application/json
Content-Length: 716
Connection: keep-alive
Boulder-Requester: 3335975146
Cache-Control: public, max-age=0, no-cache
Link: <https://acme-v02.api.letsencrypt.org/directory>;rel="index"
Replay-Nonce: CqJAX5X9t9aU68z6QEoVkAkKAoNt3sFESfI8lJTXnAclK5hAtBE
X-Frame-Options: DENY
Strict-Transport-Security: max-age=604800

{
  "identifier": {
    "type": "dns",
    "value": "www.aildev.com.tr"
  },
  "status": "invalid",
  "expires": "2026-05-21T23:36:10Z",
  "challenges": [
    {
      "type": "http-01",
      "url": "https://acme-v02.api.letsencrypt.org/acme/chall/3335975146/704288081616/9gQw5Q",
      "status": "invalid",
      "validated": "2026-05-14T23:36:12Z",
      "error": {
        "type": "urn:ietf:params:acme:error:dns",
        "detail": "DNS problem: query timed out looking up A for www.aildev.com.tr; DNS problem: SERVFAIL looking up AAAA for www.aildev.com.tr - the domain's nameservers may be malfunctioning",
        "status": 400
      },
      "token": "CNkqK3sONrGXLaq5YLaPuoeokZCjPgJOVN8MopLqHb8"
    }
  ]
}
2026-05-15 02:36:44,421:DEBUG:acme.client:Storing nonce: CqJAX5X9t9aU68z6QEoVkAkKAoNt3sFESfI8lJTXnAclK5hAtBE
2026-05-15 02:36:44,422:INFO:certbot._internal.auth_handler:Challenge failed for domain aildev.com.tr
2026-05-15 02:36:44,422:INFO:certbot._internal.auth_handler:Challenge failed for domain www.aildev.com.tr
2026-05-15 02:36:44,422:INFO:certbot._internal.auth_handler:http-01 challenge for aildev.com.tr
2026-05-15 02:36:44,422:INFO:certbot._internal.auth_handler:http-01 challenge for www.aildev.com.tr
2026-05-15 02:36:44,422:DEBUG:certbot._internal.display.obj:Notifying user: 
Certbot failed to authenticate some domains (authenticator: nginx). The Certificate Authority reported these problems:
  Domain: aildev.com.tr
  Type:   dns
  Detail: DNS problem: query timed out looking up A for aildev.com.tr; DNS problem: query timed out looking up AAAA for aildev.com.tr

  Domain: www.aildev.com.tr
  Type:   dns
  Detail: DNS problem: query timed out looking up A for www.aildev.com.tr; DNS problem: SERVFAIL looking up AAAA for www.aildev.com.tr - the domain's nameservers may be malfunctioning

Hint: The Certificate Authority failed to verify the temporary nginx configuration changes made by Certbot. Ensure the listed domains point to this nginx server and that it is accessible from the internet.

2026-05-15 02:36:44,434:DEBUG:certbot._internal.error_handler:Encountered exception:
Traceback (most recent call last):
  File "/usr/lib/python3.9/site-packages/certbot/_internal/auth_handler.py", line 108, in handle_authorizations
    self._poll_authorizations(authzrs, max_retries, max_time_mins, best_effort)
  File "/usr/lib/python3.9/site-packages/certbot/_internal/auth_handler.py", line 212, in _poll_authorizations
    raise errors.AuthorizationError('Some challenges have failed.')
certbot.errors.AuthorizationError: Some challenges have failed.

2026-05-15 02:36:44,434:DEBUG:certbot._internal.error_handler:Calling registered functions
2026-05-15 02:36:44,434:INFO:certbot._internal.auth_handler:Cleaning up challenges
2026-05-15 02:36:45,515:DEBUG:certbot._internal.log:Exiting abnormally:
Traceback (most recent call last):
  File "/bin/certbot", line 8, in <module>
    sys.exit(main())
  File "/usr/lib/python3.9/site-packages/certbot/main.py", line 19, in main
    return internal_main.main(cli_args)
  File "/usr/lib/python3.9/site-packages/certbot/_internal/main.py", line 1873, in main
    return config.func(config, plugins)
  File "/usr/lib/python3.9/site-packages/certbot/_internal/main.py", line 1429, in run
    new_lineage = _get_and_save_cert(le_client, config, domains,
  File "/usr/lib/python3.9/site-packages/certbot/_internal/main.py", line 142, in _get_and_save_cert
    lineage = le_client.obtain_and_enroll_certificate(domains, certname)
  File "/usr/lib/python3.9/site-packages/certbot/_internal/client.py", line 518, in obtain_and_enroll_certificate
    cert, chain, key, _ = self.obtain_certificate(domains)
  File "/usr/lib/python3.9/site-packages/certbot/_internal/client.py", line 429, in obtain_certificate
    orderr = self._get_order_and_authorizations(csr.data, self.config.allow_subset_of_names)
  File "/usr/lib/python3.9/site-packages/certbot/_internal/client.py", line 497, in _get_order_and_authorizations
    authzr = self.auth_handler.handle_authorizations(orderr, self.config, best_effort)
  File "/usr/lib/python3.9/site-packages/certbot/_internal/auth_handler.py", line 108, in handle_authorizations
    self._poll_authorizations(authzrs, max_retries, max_time_mins, best_effort)
  File "/usr/lib/python3.9/site-packages/certbot/_internal/auth_handler.py", line 212, in _poll_authorizations
    raise errors.AuthorizationError('Some challenges have failed.')
certbot.errors.AuthorizationError: Some challenges have failed.
2026-05-15 02:36:45,517:ERROR:certbot._internal.log:Some challenges have failed.
2026-05-16 03:03:34,825:DEBUG:certbot._internal.main:certbot version: 3.1.0
2026-05-16 03:03:34,825:DEBUG:certbot._internal.main:Location of certbot entry point: /bin/certbot
2026-05-16 03:03:34,825:DEBUG:certbot._internal.main:Arguments: ['--nginx', '-d', 'aildev.com.tr', '-d', 'www.aildev.com.tr', '--non-interactive', '--agree-tos', '-m', 'admin@aildev.com.tr']
2026-05-16 03:03:34,825:DEBUG:certbot._internal.main:Discovered plugins: PluginsRegistry(PluginEntryPoint#manual,PluginEntryPoint#nginx,PluginEntryPoint#null,PluginEntryPoint#standalone,PluginEntryPoint#webroot)
2026-05-16 03:03:34,834:DEBUG:certbot._internal.log:Root logging level set at 30
2026-05-16 03:03:34,835:DEBUG:certbot._internal.plugins.selection:Requested authenticator nginx and installer nginx
2026-05-16 03:03:34,941:DEBUG:certbot._internal.plugins.selection:Single candidate plugin: * nginx
Description: Nginx Web Server plugin
Interfaces: Authenticator, Installer, Plugin
Entry point: EntryPoint(name='nginx', value='certbot_nginx._internal.configurator:NginxConfigurator', group='certbot.plugins')
Initialized: <certbot_nginx._internal.configurator.NginxConfigurator object at 0x7f2fcef67f70>
Prep: True
2026-05-16 03:03:34,941:DEBUG:certbot._internal.plugins.selection:Selected authenticator <certbot_nginx._internal.configurator.NginxConfigurator object at 0x7f2fcef67f70> and installer <certbot_nginx._internal.configurator.NginxConfigurator object at 0x7f2fcef67f70>
2026-05-16 03:03:34,942:INFO:certbot._internal.plugins.selection:Plugins selected: Authenticator nginx, Installer nginx
2026-05-16 03:03:35,018:DEBUG:certbot._internal.main:Picked account: <Account(RegistrationResource(body=Registration(key=None, contact=(), agreement=None, status=None, terms_of_service_agreed=None, only_return_existing=None, external_account_binding=None), uri='https://acme-v02.api.letsencrypt.org/acme/acct/3335975146', new_authzr_uri=None, terms_of_service=None), 06ef36118767e1490ef59f11e24adcd8, Meta(creation_dt=datetime.datetime(2026, 5, 14, 23, 36, 10, tzinfo=<UTC>), creation_host='localhost.localdomain', register_to_eff=None))>
2026-05-16 03:03:35,019:DEBUG:acme.client:Sending GET request to https://acme-v02.api.letsencrypt.org/directory.
2026-05-16 03:03:35,020:DEBUG:urllib3.connectionpool:Starting new HTTPS connection (1): acme-v02.api.letsencrypt.org:443
2026-05-16 03:03:35,554:DEBUG:urllib3.connectionpool:https://acme-v02.api.letsencrypt.org:443 "GET /directory HTTP/1.1" 200 1033
2026-05-16 03:03:35,554:DEBUG:acme.client:Received response:
HTTP 200
Server: nginx
Date: Sat, 16 May 2026 00:03:35 GMT
Content-Type: application/json
Content-Length: 1033
Connection: keep-alive
Cache-Control: public, max-age=0, no-cache
X-Frame-Options: DENY
Strict-Transport-Security: max-age=604800

{
  "3bMJyKde2TE": "https://community.letsencrypt.org/t/adding-random-entries-to-the-directory/33417",
  "keyChange": "https://acme-v02.api.letsencrypt.org/acme/key-change",
  "meta": {
    "caaIdentities": [
      "letsencrypt.org"
    ],
    "profiles": {
      "classic": "https://letsencrypt.org/docs/profiles#classic",
      "shortlived": "https://letsencrypt.org/docs/profiles#shortlived",
      "tlsclient": "https://letsencrypt.org/docs/profiles#tlsclient",
      "tlsserver": "https://letsencrypt.org/docs/profiles#tlsserver"
    },
    "termsOfService": "https://letsencrypt.org/documents/LE-SA-v1.6-August-18-2025.pdf",
    "website": "https://letsencrypt.org"
  },
  "newAccount": "https://acme-v02.api.letsencrypt.org/acme/new-acct",
  "newNonce": "https://acme-v02.api.letsencrypt.org/acme/new-nonce",
  "newOrder": "https://acme-v02.api.letsencrypt.org/acme/new-order",
  "renewalInfo": "https://acme-v02.api.letsencrypt.org/acme/renewal-info",
  "revokeCert": "https://acme-v02.api.letsencrypt.org/acme/revoke-cert"
}
2026-05-16 03:03:35,555:DEBUG:certbot._internal.display.obj:Notifying user: Requesting a certificate for aildev.com.tr and www.aildev.com.tr
2026-05-16 03:03:35,557:DEBUG:acme.client:Requesting fresh nonce
2026-05-16 03:03:35,557:DEBUG:acme.client:Sending HEAD request to https://acme-v02.api.letsencrypt.org/acme/new-nonce.
2026-05-16 03:03:35,733:DEBUG:urllib3.connectionpool:https://acme-v02.api.letsencrypt.org:443 "HEAD /acme/new-nonce HTTP/1.1" 200 0
2026-05-16 03:03:35,733:DEBUG:acme.client:Received response:
HTTP 200
Server: nginx
Date: Sat, 16 May 2026 00:03:35 GMT
Connection: keep-alive
Cache-Control: public, max-age=0, no-cache
Link: <https://acme-v02.api.letsencrypt.org/directory>;rel="index"
Replay-Nonce: CqJAX5X9aQDYRsNCuRV2Lc90Txy4P-Kj7Po8PInQzFwKz-o0Njg
X-Frame-Options: DENY
Strict-Transport-Security: max-age=604800


2026-05-16 03:03:35,734:DEBUG:acme.client:Storing nonce: CqJAX5X9aQDYRsNCuRV2Lc90Txy4P-Kj7Po8PInQzFwKz-o0Njg
2026-05-16 03:03:35,734:DEBUG:acme.client:JWS payload:
b'{\n  "identifiers": [\n    {\n      "type": "dns",\n      "value": "aildev.com.tr"\n    },\n    {\n      "type": "dns",\n      "value": "www.aildev.com.tr"\n    }\n  ]\n}'
2026-05-16 03:03:35,736:DEBUG:acme.client:Sending POST request to https://acme-v02.api.letsencrypt.org/acme/new-order:
{
  "protected": "eyJhbGciOiAiUlMyNTYiLCAia2lkIjogImh0dHBzOi8vYWNtZS12MDIuYXBpLmxldHNlbmNyeXB0Lm9yZy9hY21lL2FjY3QvMzMzNTk3NTE0NiIsICJub25jZSI6ICJDcUpBWDVYOWFRRFlSc05DdVJWMkxjOTBUeHk0UC1LajdQbzhQSW5RekZ3S3otbzBOamciLCAidXJsIjogImh0dHBzOi8vYWNtZS12MDIuYXBpLmxldHNlbmNyeXB0Lm9yZy9hY21lL25ldy1vcmRlciJ9",
  "signature": "vVrFR6rQbJVHxKGCdRsnIxZYYn124UwC0AB4vzpUTGRSHZ35PyBp0XUEkX7TZKwJqExiqAmf-yFS7Uc9u1TAOJ2-IM2RfkDAgTmFyVN3rMkTePSmJB-RX-609tajtIoG_mBrryxlsXoleSDA2DLFzz38zFXS5U0Rtl9D8JEemoPVr0FqCpMSrYo4BSYGCWHkSvJJTm_-lOOilBJ51jKCQjphto9gc9oSrL8gXcOqqUmtWGZTkbbiy29fYxJVfdajtx2eYS5SJQY6YDO8XSxNPsV-dKFVuU8zWzGA9LtqhapRUWyibbtLNaJmuuSrSDdeeBSBHpgywv_6TOeqEruVaQ",
  "payload": "ewogICJpZGVudGlmaWVycyI6IFsKICAgIHsKICAgICAgInR5cGUiOiAiZG5zIiwKICAgICAgInZhbHVlIjogImFpbGRldi5jb20udHIiCiAgICB9LAogICAgewogICAgICAidHlwZSI6ICJkbnMiLAogICAgICAidmFsdWUiOiAid3d3LmFpbGRldi5jb20udHIiCiAgICB9CiAgXQp9"
}
2026-05-16 03:03:35,965:DEBUG:urllib3.connectionpool:https://acme-v02.api.letsencrypt.org:443 "POST /acme/new-order HTTP/1.1" 201 495
2026-05-16 03:03:35,965:DEBUG:acme.client:Received response:
HTTP 201
Server: nginx
Date: Sat, 16 May 2026 00:03:35 GMT
Content-Type: application/json
Content-Length: 495
Connection: keep-alive
Boulder-Requester: 3335975146
Cache-Control: public, max-age=0, no-cache
Link: <https://acme-v02.api.letsencrypt.org/directory>;rel="index"
Location: https://acme-v02.api.letsencrypt.org/acme/order/3335975146/511279018326
Replay-Nonce: CqJAX5X9YviIni72tfnu7yACtpEIVhTZkj8-OfYTSpKFURODWoQ
X-Frame-Options: DENY
Strict-Transport-Security: max-age=604800

{
  "status": "pending",
  "expires": "2026-05-23T00:03:35Z",
  "identifiers": [
    {
      "type": "dns",
      "value": "aildev.com.tr"
    },
    {
      "type": "dns",
      "value": "www.aildev.com.tr"
    }
  ],
  "authorizations": [
    "https://acme-v02.api.letsencrypt.org/acme/authz/3335975146/704884169946",
    "https://acme-v02.api.letsencrypt.org/acme/authz/3335975146/704884169966"
  ],
  "finalize": "https://acme-v02.api.letsencrypt.org/acme/finalize/3335975146/511279018326"
}
2026-05-16 03:03:35,965:DEBUG:acme.client:Storing nonce: CqJAX5X9YviIni72tfnu7yACtpEIVhTZkj8-OfYTSpKFURODWoQ
2026-05-16 03:03:35,966:DEBUG:acme.client:JWS payload:
b''
2026-05-16 03:03:35,967:DEBUG:acme.client:Sending POST request to https://acme-v02.api.letsencrypt.org/acme/authz/3335975146/704884169946:
{
  "protected": "eyJhbGciOiAiUlMyNTYiLCAia2lkIjogImh0dHBzOi8vYWNtZS12MDIuYXBpLmxldHNlbmNyeXB0Lm9yZy9hY21lL2FjY3QvMzMzNTk3NTE0NiIsICJub25jZSI6ICJDcUpBWDVYOVl2aUluaTcydGZudTd5QUN0cEVJVmhUWmtqOC1PZllUU3BLRlVST0RXb1EiLCAidXJsIjogImh0dHBzOi8vYWNtZS12MDIuYXBpLmxldHNlbmNyeXB0Lm9yZy9hY21lL2F1dGh6LzMzMzU5NzUxNDYvNzA0ODg0MTY5OTQ2In0",
  "signature": "E7umy7eHYvu6Ds8I-t57-DflGbzXwwIHlnSpDZDT7Za42QOzq_8m1haXIPZsCdeRFgtCIZFYGPZsx1K0SFVTsxNK__bbvcjVLjPGgOccVuN8lERHlu5Ld1V7tAFlliZVvZCejw9FwYnf6kWGACCN3OMZ2kxum2CpsRluxi8jTCcIMvrbMvcBgu8Jb-jaERCLPBMY314LCxR0Q1jYDVEKpD6rGnkf30LqfzKFdleIirSm9Twx4HaZfbKfT51Y_eSh4jswoeIyn17ZJu7nEZ48VrcqOCjrSBXFAufZZZKpzhkpTkJqXmNrOfUG5ywTLh3f0kUkLF6lcwxpwfmajvrKwg",
  "payload": ""
}
2026-05-16 03:03:36,146:DEBUG:urllib3.connectionpool:https://acme-v02.api.letsencrypt.org:443 "POST /acme/authz/3335975146/704884169946 HTTP/1.1" 200 821
2026-05-16 03:03:36,146:DEBUG:acme.client:Received response:
HTTP 200
Server: nginx
Date: Sat, 16 May 2026 00:03:36 GMT
Content-Type: application/json
Content-Length: 821
Connection: keep-alive
Boulder-Requester: 3335975146
Cache-Control: public, max-age=0, no-cache
Link: <https://acme-v02.api.letsencrypt.org/directory>;rel="index"
Replay-Nonce: xoZfuRf-gRycHXP1YY5RLARdxMeBjQjqgYEkuIpx2X2SqiFnKI8
X-Frame-Options: DENY
Strict-Transport-Security: max-age=604800

{
  "identifier": {
    "type": "dns",
    "value": "aildev.com.tr"
  },
  "status": "pending",
  "expires": "2026-05-23T00:03:35Z",
  "challenges": [
    {
      "type": "http-01",
      "url": "https://acme-v02.api.letsencrypt.org/acme/chall/3335975146/704884169946/9whkig",
      "status": "pending",
      "token": "3FjG3oC6ezKB_e9NVlHb35NOySuriqX_oy7h9rpb6ac"
    },
    {
      "type": "dns-01",
      "url": "https://acme-v02.api.letsencrypt.org/acme/chall/3335975146/704884169946/kWfAZw",
      "status": "pending",
      "token": "3FjG3oC6ezKB_e9NVlHb35NOySuriqX_oy7h9rpb6ac"
    },
    {
      "type": "tls-alpn-01",
      "url": "https://acme-v02.api.letsencrypt.org/acme/chall/3335975146/704884169946/mKhqUw",
      "status": "pending",
      "token": "3FjG3oC6ezKB_e9NVlHb35NOySuriqX_oy7h9rpb6ac"
    }
  ]
}
2026-05-16 03:03:36,146:DEBUG:acme.client:Storing nonce: xoZfuRf-gRycHXP1YY5RLARdxMeBjQjqgYEkuIpx2X2SqiFnKI8
2026-05-16 03:03:36,147:DEBUG:acme.client:JWS payload:
b''
2026-05-16 03:03:36,148:DEBUG:acme.client:Sending POST request to https://acme-v02.api.letsencrypt.org/acme/authz/3335975146/704884169966:
{
  "protected": "eyJhbGciOiAiUlMyNTYiLCAia2lkIjogImh0dHBzOi8vYWNtZS12MDIuYXBpLmxldHNlbmNyeXB0Lm9yZy9hY21lL2FjY3QvMzMzNTk3NTE0NiIsICJub25jZSI6ICJ4b1pmdVJmLWdSeWNIWFAxWVk1UkxBUmR4TWVCalFqcWdZRWt1SXB4MlgyU3FpRm5LSTgiLCAidXJsIjogImh0dHBzOi8vYWNtZS12MDIuYXBpLmxldHNlbmNyeXB0Lm9yZy9hY21lL2F1dGh6LzMzMzU5NzUxNDYvNzA0ODg0MTY5OTY2In0",
  "signature": "lnnnkBAYBGT_7Y7-670SmgHXc0KrKhr-9P6sqbv4h7nVbMh04nNmnwoSjBGR6nRL4nNtNJ1PQ69Yj40gkDzH7LCtK07z2g1RP23O3mAeuscrBwe99IXr5Psdn-6tZKr7_gGpin57_5fbj7H_5YPJ5zfsS4RfZDWbb2cyqxEL6NJg014T81gwJEl5uJkaYdbyD-A5DDurm2BDUT3QAJJenYTPdimiEe8JcrSUcHJ5-OVJkFkGiMGgod7pzeTBFdxjb6SKd0-H-aMt_fyj_QjV4KbmrRPY8obfs0aEIWJ32cGvBW0Wm2ZoU7LXxyNsn5RLcUIz6U8VLcop7DNzcB_u2w",
  "payload": ""
}
2026-05-16 03:03:36,325:DEBUG:urllib3.connectionpool:https://acme-v02.api.letsencrypt.org:443 "POST /acme/authz/3335975146/704884169966 HTTP/1.1" 200 825
2026-05-16 03:03:36,325:DEBUG:acme.client:Received response:
HTTP 200
Server: nginx
Date: Sat, 16 May 2026 00:03:36 GMT
Content-Type: application/json
Content-Length: 825
Connection: keep-alive
Boulder-Requester: 3335975146
Cache-Control: public, max-age=0, no-cache
Link: <https://acme-v02.api.letsencrypt.org/directory>;rel="index"
Replay-Nonce: xoZfuRf-tyOQw9CofLkjaPWInSsUNLKdd4aNwIfdLVoqQa5KE_4
X-Frame-Options: DENY
Strict-Transport-Security: max-age=604800

{
  "identifier": {
    "type": "dns",
    "value": "www.aildev.com.tr"
  },
  "status": "pending",
  "expires": "2026-05-23T00:03:35Z",
  "challenges": [
    {
      "type": "tls-alpn-01",
      "url": "https://acme-v02.api.letsencrypt.org/acme/chall/3335975146/704884169966/Y4cJoA",
      "status": "pending",
      "token": "5_dxeqz3kykjjEMjjoZTs-HL8WWdtCQIpafVm2gF08o"
    },
    {
      "type": "http-01",
      "url": "https://acme-v02.api.letsencrypt.org/acme/chall/3335975146/704884169966/B50zvA",
      "status": "pending",
      "token": "5_dxeqz3kykjjEMjjoZTs-HL8WWdtCQIpafVm2gF08o"
    },
    {
      "type": "dns-01",
      "url": "https://acme-v02.api.letsencrypt.org/acme/chall/3335975146/704884169966/ZgiMrQ",
      "status": "pending",
      "token": "5_dxeqz3kykjjEMjjoZTs-HL8WWdtCQIpafVm2gF08o"
    }
  ]
}
2026-05-16 03:03:36,325:DEBUG:acme.client:Storing nonce: xoZfuRf-tyOQw9CofLkjaPWInSsUNLKdd4aNwIfdLVoqQa5KE_4
2026-05-16 03:03:36,326:INFO:certbot._internal.auth_handler:Performing the following challenges:
2026-05-16 03:03:36,326:INFO:certbot._internal.auth_handler:http-01 challenge for aildev.com.tr
2026-05-16 03:03:36,326:INFO:certbot._internal.auth_handler:http-01 challenge for www.aildev.com.tr
2026-05-16 03:03:36,335:DEBUG:certbot_nginx._internal.http_01:Generated server block:
[]
2026-05-16 03:03:36,336:DEBUG:certbot.reverter:Creating backup of /etc/nginx/conf.d/aildev.com.tr.conf
2026-05-16 03:03:36,336:DEBUG:certbot.reverter:Creating backup of /etc/nginx/nginx.conf
2026-05-16 03:03:36,336:DEBUG:certbot.reverter:Creating backup of /etc/nginx/mime.types
2026-05-16 03:03:36,337:DEBUG:certbot_nginx._internal.parser:Writing nginx conf tree to /etc/nginx/nginx.conf:
# For more information on configuration, see:
#   * Official English Documentation: http://nginx.org/en/docs/
#   * Official Russian Documentation: http://nginx.org/ru/docs/

user nginx;
worker_processes auto;
error_log /var/log/nginx/error.log;
pid /run/nginx.pid;

# Load dynamic modules. See /usr/share/doc/nginx/README.dynamic.
include /usr/share/nginx/modules/*.conf;

events {
    worker_connections 1024;
}

http {
server_names_hash_bucket_size 128;
include /etc/letsencrypt/le_http_01_cert_challenge.conf;
    log_format  main  '$remote_addr - $remote_user [$time_local] "$request" '
                      '$status $body_bytes_sent "$http_referer" '
                      '"$http_user_agent" "$http_x_forwarded_for"';

    access_log  /var/log/nginx/access.log  main;

    sendfile            on;
    tcp_nopush          on;
    tcp_nodelay         on;
    keepalive_timeout   65;
    types_hash_max_size 4096;

    include             /etc/nginx/mime.types;
    default_type        application/octet-stream;

    # Load modular configuration files from the /etc/nginx/conf.d directory.
    # See http://nginx.org/en/docs/ngx_core_module.html#include
    # for more information.
    include /etc/nginx/conf.d/*.conf;

    server {
        listen       80;
        listen       [::]:80;
        server_name  _;
        root         /usr/share/nginx/html;

        # Load configuration files for the default server block.
        include /etc/nginx/default.d/*.conf;

        error_page 404 /404.html;
        location = /404.html {
        }

        error_page 500 502 503 504 /50x.html;
        location = /50x.html {
        }
    }

# Settings for a TLS enabled server.
#
#    server {
#        listen       443 ssl http2;
#        listen       [::]:443 ssl http2;
#        server_name  _;
#        root         /usr/share/nginx/html;
#
#        ssl_certificate "/etc/pki/nginx/server.crt";
#        ssl_certificate_key "/etc/pki/nginx/private/server.key";
#        ssl_session_cache shared:SSL:1m;
#        ssl_session_timeout  10m;
#        ssl_ciphers PROFILE=SYSTEM;
#        ssl_prefer_server_ciphers on;
#
#        # Load configuration files for the default server block.
#        include /etc/nginx/default.d/*.conf;
#
#        error_page 404 /404.html;
#            location = /40x.html {
#        }
#
#        error_page 500 502 503 504 /50x.html;
#            location = /50x.html {
#        }
#    }

}


2026-05-16 03:03:36,337:DEBUG:certbot_nginx._internal.parser:Writing nginx conf tree to /etc/nginx/conf.d/aildev.com.tr.conf:
server {rewrite ^(/.well-known/acme-challenge/.*) $1 break; # managed by Certbot

rewrite ^(/.well-known/acme-challenge/.*) $1 break; # managed by Certbot


	listen 80;
	server_name aildev.com.tr www.aildev.com.tr;
	root /var/www/aildev.com.tr/public_html;
	index index.html;
location = /.well-known/acme-challenge/3FjG3oC6ezKB_e9NVlHb35NOySuriqX_oy7h9rpb6ac{default_type text/plain;return 200 3FjG3oC6ezKB_e9NVlHb35NOySuriqX_oy7h9rpb6ac.xdposO9b9Wh_xtPi8Sv_WipAv9HlWmCZhJFBxeXjIWY;} # managed by Certbot

location = /.well-known/acme-challenge/5_dxeqz3kykjjEMjjoZTs-HL8WWdtCQIpafVm2gF08o{default_type text/plain;return 200 5_dxeqz3kykjjEMjjoZTs-HL8WWdtCQIpafVm2gF08o.xdposO9b9Wh_xtPi8Sv_WipAv9HlWmCZhJFBxeXjIWY;} # managed by Certbot

}

2026-05-16 03:03:37,345:DEBUG:acme.client:JWS payload:
b'{}'
2026-05-16 03:03:37,347:DEBUG:acme.client:Sending POST request to https://acme-v02.api.letsencrypt.org/acme/chall/3335975146/704884169946/9whkig:
{
  "protected": "eyJhbGciOiAiUlMyNTYiLCAia2lkIjogImh0dHBzOi8vYWNtZS12MDIuYXBpLmxldHNlbmNyeXB0Lm9yZy9hY21lL2FjY3QvMzMzNTk3NTE0NiIsICJub25jZSI6ICJ4b1pmdVJmLXR5T1F3OUNvZkxramFQV0luU3NVTkxLZGQ0YU53SWZkTFZvcVFhNUtFXzQiLCAidXJsIjogImh0dHBzOi8vYWNtZS12MDIuYXBpLmxldHNlbmNyeXB0Lm9yZy9hY21lL2NoYWxsLzMzMzU5NzUxNDYvNzA0ODg0MTY5OTQ2Lzl3aGtpZyJ9",
  "signature": "gX2fZYlfcBNeNT3pyY2Dqz_npGUgS_3P81MBSst2xSLVLmhhv9_0OkhVrgR3JMAc4YplI2pYzSMl1JPBAaixcblHhUOFQbQnhbJAUiRfJbCLMFe_ckVJywFN4sV9B0LgNnfHpMkCMrLxzgGrCv0TNRKDoeoxGnBTjHSRFLUNP9k8AFQ_JcF6ftBzosfSPu_IoZTENbiFhBJfo94mm4QAbDngxcOeuCBtsx5AlFDKhY3z4yyUM8aNFcPbl7exQW9DkSpirMZjfSoYme_ciuxzyqg5PnvrGc9SQBwk3xT5n63U7GBYtccCP2Ph-4E_n4FneUr3tMmnPwoWBPnzXcfI4A",
  "payload": "e30"
}
2026-05-16 03:03:37,551:DEBUG:urllib3.connectionpool:https://acme-v02.api.letsencrypt.org:443 "POST /acme/chall/3335975146/704884169946/9whkig HTTP/1.1" 200 195
2026-05-16 03:03:37,551:DEBUG:acme.client:Received response:
HTTP 200
Server: nginx
Date: Sat, 16 May 2026 00:03:37 GMT
Content-Type: application/json
Content-Length: 195
Connection: keep-alive
Boulder-Requester: 3335975146
Cache-Control: public, max-age=0, no-cache
Link: <https://acme-v02.api.letsencrypt.org/directory>;rel="index", <https://acme-v02.api.letsencrypt.org/acme/authz/3335975146/704884169946>;rel="up"
Location: https://acme-v02.api.letsencrypt.org/acme/chall/3335975146/704884169946/9whkig
Replay-Nonce: xoZfuRf-k3-ZBRjw__nfRat2zgupZQAYqVckleoP3AG36i2SK2k
X-Frame-Options: DENY
Strict-Transport-Security: max-age=604800

{
  "type": "http-01",
  "url": "https://acme-v02.api.letsencrypt.org/acme/chall/3335975146/704884169946/9whkig",
  "status": "pending",
  "token": "3FjG3oC6ezKB_e9NVlHb35NOySuriqX_oy7h9rpb6ac"
}
2026-05-16 03:03:37,551:DEBUG:acme.client:Storing nonce: xoZfuRf-k3-ZBRjw__nfRat2zgupZQAYqVckleoP3AG36i2SK2k
2026-05-16 03:03:37,552:DEBUG:acme.client:JWS payload:
b'{}'
2026-05-16 03:03:37,553:DEBUG:acme.client:Sending POST request to https://acme-v02.api.letsencrypt.org/acme/chall/3335975146/704884169966/B50zvA:
{
  "protected": "eyJhbGciOiAiUlMyNTYiLCAia2lkIjogImh0dHBzOi8vYWNtZS12MDIuYXBpLmxldHNlbmNyeXB0Lm9yZy9hY21lL2FjY3QvMzMzNTk3NTE0NiIsICJub25jZSI6ICJ4b1pmdVJmLWszLVpCUmp3X19uZlJhdDJ6Z3VwWlFBWXFWY2tsZW9QM0FHMzZpMlNLMmsiLCAidXJsIjogImh0dHBzOi8vYWNtZS12MDIuYXBpLmxldHNlbmNyeXB0Lm9yZy9hY21lL2NoYWxsLzMzMzU5NzUxNDYvNzA0ODg0MTY5OTY2L0I1MHp2QSJ9",
  "signature": "Fb9nGQLN8Scu9srqGM7OpUBQBPxq2ah-l6baf0t1zokYUcYWqe4-ft0M--yhdq9wU3_TL221AsIx1cdO4P1OK8mwoMxTVo2u5v2dovIfeo8cwhGOsWWNp79pwj3upCt5BVAmlzsMoRcSpPlHiX0WV3_pGoJ61leION9pZhObkCP8pZj4KntLbCZ4rZBiLcCuV0a7z6QUt9_HofBsfMGH_xzQ0pRLbn5dAEr0RNC8lfOntg1cNyMCsSLnUUlvElxKodwWiVjhZF3XVAfDCmjlcUEI7KHnl5j351gLeIN-VBg77ACOB9qsb5f8tuUZyyhtNjd45_H-193QKt-QvMIxWQ",
  "payload": "e30"
}
2026-05-16 03:03:37,732:DEBUG:urllib3.connectionpool:https://acme-v02.api.letsencrypt.org:443 "POST /acme/chall/3335975146/704884169966/B50zvA HTTP/1.1" 200 195
2026-05-16 03:03:37,733:DEBUG:acme.client:Received response:
HTTP 200
Server: nginx
Date: Sat, 16 May 2026 00:03:37 GMT
Content-Type: application/json
Content-Length: 195
Connection: keep-alive
Boulder-Requester: 3335975146
Cache-Control: public, max-age=0, no-cache
Link: <https://acme-v02.api.letsencrypt.org/directory>;rel="index", <https://acme-v02.api.letsencrypt.org/acme/authz/3335975146/704884169966>;rel="up"
Location: https://acme-v02.api.letsencrypt.org/acme/chall/3335975146/704884169966/B50zvA
Replay-Nonce: CqJAX5X9X9hleQPyiVpb1m7WIZylYu2upAzf_jIDCPSfXvXooyM
X-Frame-Options: DENY
Strict-Transport-Security: max-age=604800

{
  "type": "http-01",
  "url": "https://acme-v02.api.letsencrypt.org/acme/chall/3335975146/704884169966/B50zvA",
  "status": "pending",
  "token": "5_dxeqz3kykjjEMjjoZTs-HL8WWdtCQIpafVm2gF08o"
}
2026-05-16 03:03:37,733:DEBUG:acme.client:Storing nonce: CqJAX5X9X9hleQPyiVpb1m7WIZylYu2upAzf_jIDCPSfXvXooyM
2026-05-16 03:03:37,733:INFO:certbot._internal.auth_handler:Waiting for verification...
2026-05-16 03:03:38,734:DEBUG:acme.client:JWS payload:
b''
2026-05-16 03:03:38,736:DEBUG:acme.client:Sending POST request to https://acme-v02.api.letsencrypt.org/acme/authz/3335975146/704884169946:
{
  "protected": "eyJhbGciOiAiUlMyNTYiLCAia2lkIjogImh0dHBzOi8vYWNtZS12MDIuYXBpLmxldHNlbmNyeXB0Lm9yZy9hY21lL2FjY3QvMzMzNTk3NTE0NiIsICJub25jZSI6ICJDcUpBWDVYOVg5aGxlUVB5aVZwYjFtN1dJWnlsWXUydXBBemZfaklEQ1BTZlh2WG9veU0iLCAidXJsIjogImh0dHBzOi8vYWNtZS12MDIuYXBpLmxldHNlbmNyeXB0Lm9yZy9hY21lL2F1dGh6LzMzMzU5NzUxNDYvNzA0ODg0MTY5OTQ2In0",
  "signature": "OkKOEBSw7G74OZaqQreFQR3mCJ370mherVSqNf5YhZptqrHV1nKZPAgdnSMy906yJk7hAhBXKa1eBCxngeT2QhbZPM4p6EdM4zD2RJ9ii-ZUnjHxgft7-PPJAmt_xQGl-Lrm2tnWgLoOGCJzXdKdtUo8ZQXriXVrQQUXNGKnIOiD6--IyoZSaGy4X47Fhl9rmkfk6yeb-H-Dy5XF6YJaCRq8sV8cih9sQzjCKg_3ghWXw8d1gUY7l4gPLn0KM9s9jQpW1CL13yhe6h289Sp6tgRiTfr4SkrYyHYv3jEUBEalQlRJBL2ny90Mvx3lXuVmtypks1p1ZH3kM77N8kXs-w",
  "payload": ""
}
2026-05-16 03:03:38,914:DEBUG:urllib3.connectionpool:https://acme-v02.api.letsencrypt.org:443 "POST /acme/authz/3335975146/704884169946 HTTP/1.1" 200 821
2026-05-16 03:03:38,914:DEBUG:acme.client:Received response:
HTTP 200
Server: nginx
Date: Sat, 16 May 2026 00:03:38 GMT
Content-Type: application/json
Content-Length: 821
Connection: keep-alive
Boulder-Requester: 3335975146
Cache-Control: public, max-age=0, no-cache
Link: <https://acme-v02.api.letsencrypt.org/directory>;rel="index"
Replay-Nonce: CqJAX5X97dyfuJQoGOu51SYJFD1KRv1ln454meFhoN5iWOwy3pg
X-Frame-Options: DENY
Strict-Transport-Security: max-age=604800

{
  "identifier": {
    "type": "dns",
    "value": "aildev.com.tr"
  },
  "status": "pending",
  "expires": "2026-05-23T00:03:35Z",
  "challenges": [
    {
      "type": "tls-alpn-01",
      "url": "https://acme-v02.api.letsencrypt.org/acme/chall/3335975146/704884169946/mKhqUw",
      "status": "pending",
      "token": "3FjG3oC6ezKB_e9NVlHb35NOySuriqX_oy7h9rpb6ac"
    },
    {
      "type": "dns-01",
      "url": "https://acme-v02.api.letsencrypt.org/acme/chall/3335975146/704884169946/kWfAZw",
      "status": "pending",
      "token": "3FjG3oC6ezKB_e9NVlHb35NOySuriqX_oy7h9rpb6ac"
    },
    {
      "type": "http-01",
      "url": "https://acme-v02.api.letsencrypt.org/acme/chall/3335975146/704884169946/9whkig",
      "status": "pending",
      "token": "3FjG3oC6ezKB_e9NVlHb35NOySuriqX_oy7h9rpb6ac"
    }
  ]
}
2026-05-16 03:03:38,914:DEBUG:acme.client:Storing nonce: CqJAX5X97dyfuJQoGOu51SYJFD1KRv1ln454meFhoN5iWOwy3pg
2026-05-16 03:03:38,914:DEBUG:acme.client:JWS payload:
b''
2026-05-16 03:03:38,916:DEBUG:acme.client:Sending POST request to https://acme-v02.api.letsencrypt.org/acme/authz/3335975146/704884169966:
{
  "protected": "eyJhbGciOiAiUlMyNTYiLCAia2lkIjogImh0dHBzOi8vYWNtZS12MDIuYXBpLmxldHNlbmNyeXB0Lm9yZy9hY21lL2FjY3QvMzMzNTk3NTE0NiIsICJub25jZSI6ICJDcUpBWDVYOTdkeWZ1SlFvR091NTFTWUpGRDFLUnYxbG40NTRtZUZob041aVdPd3kzcGciLCAidXJsIjogImh0dHBzOi8vYWNtZS12MDIuYXBpLmxldHNlbmNyeXB0Lm9yZy9hY21lL2F1dGh6LzMzMzU5NzUxNDYvNzA0ODg0MTY5OTY2In0",
  "signature": "e02jBfalkQwsPQ0piDIU7gGAXuLmPJ6_Yj7HZajzqGKcHeurXEFiLOA4oI3TwzJcXEVnluN5NURIHxEKU_SrGUu3gZm2fBdEmqGnFFIWXvmlJza2MB0zK3UHoRl5L9vnN4lksfQy-NqW-_HBmDqATiiTvqBhkfiEg35yNyLTnEI3lhHyRE_GsA7gbp1VE9hiXyCW-IKGrPO_Rfex_FDEcVHRIm9_PRT8DUfcrYX0yEtuXDZS-8VtWz6kagvnq-Mdbx-LV7THp1ctssHXa4kBhNN2ofp5K2EVr3PUL8tC2jaqmiill_9kWFF6hr8uN0NPV_He48pLO4OM3hVWmt3TQw",
  "payload": ""
}
2026-05-16 03:03:39,093:DEBUG:urllib3.connectionpool:https://acme-v02.api.letsencrypt.org:443 "POST /acme/authz/3335975146/704884169966 HTTP/1.1" 200 825
2026-05-16 03:03:39,093:DEBUG:acme.client:Received response:
HTTP 200
Server: nginx
Date: Sat, 16 May 2026 00:03:39 GMT
Content-Type: application/json
Content-Length: 825
Connection: keep-alive
Boulder-Requester: 3335975146
Cache-Control: public, max-age=0, no-cache
Link: <https://acme-v02.api.letsencrypt.org/directory>;rel="index"
Replay-Nonce: CqJAX5X9UwHJVuD8KxWrkoqDPf1pFb60eQ_etGlfy__613lM5pU
X-Frame-Options: DENY
Strict-Transport-Security: max-age=604800

{
  "identifier": {
    "type": "dns",
    "value": "www.aildev.com.tr"
  },
  "status": "pending",
  "expires": "2026-05-23T00:03:35Z",
  "challenges": [
    {
      "type": "tls-alpn-01",
      "url": "https://acme-v02.api.letsencrypt.org/acme/chall/3335975146/704884169966/Y4cJoA",
      "status": "pending",
      "token": "5_dxeqz3kykjjEMjjoZTs-HL8WWdtCQIpafVm2gF08o"
    },
    {
      "type": "http-01",
      "url": "https://acme-v02.api.letsencrypt.org/acme/chall/3335975146/704884169966/B50zvA",
      "status": "pending",
      "token": "5_dxeqz3kykjjEMjjoZTs-HL8WWdtCQIpafVm2gF08o"
    },
    {
      "type": "dns-01",
      "url": "https://acme-v02.api.letsencrypt.org/acme/chall/3335975146/704884169966/ZgiMrQ",
      "status": "pending",
      "token": "5_dxeqz3kykjjEMjjoZTs-HL8WWdtCQIpafVm2gF08o"
    }
  ]
}
2026-05-16 03:03:39,093:DEBUG:acme.client:Storing nonce: CqJAX5X9UwHJVuD8KxWrkoqDPf1pFb60eQ_etGlfy__613lM5pU
2026-05-16 03:03:42,097:DEBUG:acme.client:JWS payload:
b''
2026-05-16 03:03:42,098:DEBUG:acme.client:Sending POST request to https://acme-v02.api.letsencrypt.org/acme/authz/3335975146/704884169946:
{
  "protected": "eyJhbGciOiAiUlMyNTYiLCAia2lkIjogImh0dHBzOi8vYWNtZS12MDIuYXBpLmxldHNlbmNyeXB0Lm9yZy9hY21lL2FjY3QvMzMzNTk3NTE0NiIsICJub25jZSI6ICJDcUpBWDVYOVV3SEpWdUQ4S3hXcmtvcURQZjFwRmI2MGVRX2V0R2xmeV9fNjEzbE01cFUiLCAidXJsIjogImh0dHBzOi8vYWNtZS12MDIuYXBpLmxldHNlbmNyeXB0Lm9yZy9hY21lL2F1dGh6LzMzMzU5NzUxNDYvNzA0ODg0MTY5OTQ2In0",
  "signature": "op9ezVxUnQQNkUDbtVlLhtic0ggMK307sD6c4MTPo6QWB_MmZHzZ1y6v2Ia8WJwtjKKg6tJ_8OLlshetJd6bF74qTgffu4vDBaQPb5sLweq37eelgWRbasOivnpfdlTrb5ftQjP7QzwwTnvdSPbRfnKz2gjKUeCqQj1DojdnMgvSARrgqhm1jPLwOrrmWxAJLbiWMy5gj3qi1_3X6W_CN-UQ7jWO9laB5mQQq4KhjGIJLr9n94uofqoaKMVecRzQNsyzlHXvlDeVCWPpeuxjpZSayt_FpYJuhHnY0_DT_3zSyno7dreitTX5vvkhCmK_Lku_FYAwQ6r6sGvJ_svBkA",
  "payload": ""
}
2026-05-16 03:03:42,277:DEBUG:urllib3.connectionpool:https://acme-v02.api.letsencrypt.org:443 "POST /acme/authz/3335975146/704884169946 HTTP/1.1" 200 821
2026-05-16 03:03:42,277:DEBUG:acme.client:Received response:
HTTP 200
Server: nginx
Date: Sat, 16 May 2026 00:03:42 GMT
Content-Type: application/json
Content-Length: 821
Connection: keep-alive
Boulder-Requester: 3335975146
Cache-Control: public, max-age=0, no-cache
Link: <https://acme-v02.api.letsencrypt.org/directory>;rel="index"
Replay-Nonce: CqJAX5X9Yd7db0FOjcmBLDQN7gCYUWNKlSblLlTO2SwfG7lzo8I
X-Frame-Options: DENY
Strict-Transport-Security: max-age=604800

{
  "identifier": {
    "type": "dns",
    "value": "aildev.com.tr"
  },
  "status": "pending",
  "expires": "2026-05-23T00:03:35Z",
  "challenges": [
    {
      "type": "dns-01",
      "url": "https://acme-v02.api.letsencrypt.org/acme/chall/3335975146/704884169946/kWfAZw",
      "status": "pending",
      "token": "3FjG3oC6ezKB_e9NVlHb35NOySuriqX_oy7h9rpb6ac"
    },
    {
      "type": "http-01",
      "url": "https://acme-v02.api.letsencrypt.org/acme/chall/3335975146/704884169946/9whkig",
      "status": "pending",
      "token": "3FjG3oC6ezKB_e9NVlHb35NOySuriqX_oy7h9rpb6ac"
    },
    {
      "type": "tls-alpn-01",
      "url": "https://acme-v02.api.letsencrypt.org/acme/chall/3335975146/704884169946/mKhqUw",
      "status": "pending",
      "token": "3FjG3oC6ezKB_e9NVlHb35NOySuriqX_oy7h9rpb6ac"
    }
  ]
}
2026-05-16 03:03:42,277:DEBUG:acme.client:Storing nonce: CqJAX5X9Yd7db0FOjcmBLDQN7gCYUWNKlSblLlTO2SwfG7lzo8I
2026-05-16 03:03:42,277:DEBUG:acme.client:JWS payload:
b''
2026-05-16 03:03:42,279:DEBUG:acme.client:Sending POST request to https://acme-v02.api.letsencrypt.org/acme/authz/3335975146/704884169966:
{
  "protected": "eyJhbGciOiAiUlMyNTYiLCAia2lkIjogImh0dHBzOi8vYWNtZS12MDIuYXBpLmxldHNlbmNyeXB0Lm9yZy9hY21lL2FjY3QvMzMzNTk3NTE0NiIsICJub25jZSI6ICJDcUpBWDVYOVlkN2RiMEZPamNtQkxEUU43Z0NZVVdOS2xTYmxMbFRPMlN3Zkc3bHpvOEkiLCAidXJsIjogImh0dHBzOi8vYWNtZS12MDIuYXBpLmxldHNlbmNyeXB0Lm9yZy9hY21lL2F1dGh6LzMzMzU5NzUxNDYvNzA0ODg0MTY5OTY2In0",
  "signature": "B0LgMOOPt6FRBSrhCWKYfDIX8yFo8zuN_AVLEStUWUJkwGs8rsgk23tInTHZgF5IgPt4GJoMCHAhd15p-KxrfPB_KwblNsHfRPH8PFuKYmrKav-Tr2Xn6lqJKcsKEtuOyQaQslYoIG30fHzpnlqaDIPFZYRORzZ6_v7aezIBQZBPC-f1Yk2yCtbgy8syaAAT9kY9EH-riKpLPIZzis6CIFXsi0MaroQE6PAI4mQqLW5llbTAjInfGz8HhldyivZOb-SbfZ-oDK3p62VJbK2-PcNkaRbwgfrJmT8zgOPNOJgDFFGRlw2VUiLKYAqXTUY8zYzNrVs6-TF7z2KQ9vhTeQ",
  "payload": ""
}
2026-05-16 03:03:42,455:DEBUG:urllib3.connectionpool:https://acme-v02.api.letsencrypt.org:443 "POST /acme/authz/3335975146/704884169966 HTTP/1.1" 200 825
2026-05-16 03:03:42,455:DEBUG:acme.client:Received response:
HTTP 200
Server: nginx
Date: Sat, 16 May 2026 00:03:42 GMT
Content-Type: application/json
Content-Length: 825
Connection: keep-alive
Boulder-Requester: 3335975146
Cache-Control: public, max-age=0, no-cache
Link: <https://acme-v02.api.letsencrypt.org/directory>;rel="index"
Replay-Nonce: CqJAX5X9RY9oJGO5H7vaJ0di650Wd1Ncif4IRoSVdarD0hDbNfM
X-Frame-Options: DENY
Strict-Transport-Security: max-age=604800

{
  "identifier": {
    "type": "dns",
    "value": "www.aildev.com.tr"
  },
  "status": "pending",
  "expires": "2026-05-23T00:03:35Z",
  "challenges": [
    {
      "type": "tls-alpn-01",
      "url": "https://acme-v02.api.letsencrypt.org/acme/chall/3335975146/704884169966/Y4cJoA",
      "status": "pending",
      "token": "5_dxeqz3kykjjEMjjoZTs-HL8WWdtCQIpafVm2gF08o"
    },
    {
      "type": "http-01",
      "url": "https://acme-v02.api.letsencrypt.org/acme/chall/3335975146/704884169966/B50zvA",
      "status": "pending",
      "token": "5_dxeqz3kykjjEMjjoZTs-HL8WWdtCQIpafVm2gF08o"
    },
    {
      "type": "dns-01",
      "url": "https://acme-v02.api.letsencrypt.org/acme/chall/3335975146/704884169966/ZgiMrQ",
      "status": "pending",
      "token": "5_dxeqz3kykjjEMjjoZTs-HL8WWdtCQIpafVm2gF08o"
    }
  ]
}
2026-05-16 03:03:42,456:DEBUG:acme.client:Storing nonce: CqJAX5X9RY9oJGO5H7vaJ0di650Wd1Ncif4IRoSVdarD0hDbNfM
2026-05-16 03:03:45,459:DEBUG:acme.client:JWS payload:
b''
2026-05-16 03:03:45,461:DEBUG:acme.client:Sending POST request to https://acme-v02.api.letsencrypt.org/acme/authz/3335975146/704884169946:
{
  "protected": "eyJhbGciOiAiUlMyNTYiLCAia2lkIjogImh0dHBzOi8vYWNtZS12MDIuYXBpLmxldHNlbmNyeXB0Lm9yZy9hY21lL2FjY3QvMzMzNTk3NTE0NiIsICJub25jZSI6ICJDcUpBWDVYOVJZOW9KR081SDd2YUowZGk2NTBXZDFOY2lmNElSb1NWZGFyRDBoRGJOZk0iLCAidXJsIjogImh0dHBzOi8vYWNtZS12MDIuYXBpLmxldHNlbmNyeXB0Lm9yZy9hY21lL2F1dGh6LzMzMzU5NzUxNDYvNzA0ODg0MTY5OTQ2In0",
  "signature": "T_tMykPRhulZFKljfDyUTu37saFhLMwmXhYphPftUorq2I4xAdVom2PiAxODIjLNvvU8AWg8ea9AFy_wqrteDFyVKMuMV5JHE7ibpBez7E0xIMPWP7rfxBTt_qJEBmdjCXQhePZJHT152nF-hDdGicq998GTW7CPMmduapt6MzTzc4A0YJNK8bJLpKZmBXENkcb7WQNRxi8DsRO5PM5waKFI9SiOta9-nPy-aPz4Q4QL-DW6MO88f2ncODFJM-uFnrTABIZYSQBVFFUmAmGjVz5tyTKYCDlhz2ji8e4N520qQELt5jRAjxubsd1li6PZe9AlrwRBdsZF8YTL0FAp2Q",
  "payload": ""
}
2026-05-16 03:03:45,640:DEBUG:urllib3.connectionpool:https://acme-v02.api.letsencrypt.org:443 "POST /acme/authz/3335975146/704884169946 HTTP/1.1" 200 821
2026-05-16 03:03:45,641:DEBUG:acme.client:Received response:
HTTP 200
Server: nginx
Date: Sat, 16 May 2026 00:03:45 GMT
Content-Type: application/json
Content-Length: 821
Connection: keep-alive
Boulder-Requester: 3335975146
Cache-Control: public, max-age=0, no-cache
Link: <https://acme-v02.api.letsencrypt.org/directory>;rel="index"
Replay-Nonce: xoZfuRf-TxsrxSzMg8fW9qh454ZPNhUyPNgQbkyqV7PPe4ticr0
X-Frame-Options: DENY
Strict-Transport-Security: max-age=604800

{
  "identifier": {
    "type": "dns",
    "value": "aildev.com.tr"
  },
  "status": "pending",
  "expires": "2026-05-23T00:03:35Z",
  "challenges": [
    {
      "type": "tls-alpn-01",
      "url": "https://acme-v02.api.letsencrypt.org/acme/chall/3335975146/704884169946/mKhqUw",
      "status": "pending",
      "token": "3FjG3oC6ezKB_e9NVlHb35NOySuriqX_oy7h9rpb6ac"
    },
    {
      "type": "dns-01",
      "url": "https://acme-v02.api.letsencrypt.org/acme/chall/3335975146/704884169946/kWfAZw",
      "status": "pending",
      "token": "3FjG3oC6ezKB_e9NVlHb35NOySuriqX_oy7h9rpb6ac"
    },
    {
      "type": "http-01",
      "url": "https://acme-v02.api.letsencrypt.org/acme/chall/3335975146/704884169946/9whkig",
      "status": "pending",
      "token": "3FjG3oC6ezKB_e9NVlHb35NOySuriqX_oy7h9rpb6ac"
    }
  ]
}
2026-05-16 03:03:45,641:DEBUG:acme.client:Storing nonce: xoZfuRf-TxsrxSzMg8fW9qh454ZPNhUyPNgQbkyqV7PPe4ticr0
2026-05-16 03:03:45,641:DEBUG:acme.client:JWS payload:
b''
2026-05-16 03:03:45,642:DEBUG:acme.client:Sending POST request to https://acme-v02.api.letsencrypt.org/acme/authz/3335975146/704884169966:
{
  "protected": "eyJhbGciOiAiUlMyNTYiLCAia2lkIjogImh0dHBzOi8vYWNtZS12MDIuYXBpLmxldHNlbmNyeXB0Lm9yZy9hY21lL2FjY3QvMzMzNTk3NTE0NiIsICJub25jZSI6ICJ4b1pmdVJmLVR4c3J4U3pNZzhmVzlxaDQ1NFpQTmhVeVBOZ1Fia3lxVjdQUGU0dGljcjAiLCAidXJsIjogImh0dHBzOi8vYWNtZS12MDIuYXBpLmxldHNlbmNyeXB0Lm9yZy9hY21lL2F1dGh6LzMzMzU5NzUxNDYvNzA0ODg0MTY5OTY2In0",
  "signature": "oSYpXvZOXmacIA8tWoLYuSZrNVoFVcBLMaOEI559PjJxhhGPcPKX0bG01WQsbbuz2GCtBtBvE5qQqxCYdE1zVL9U0UL5lCa1WUYOgvAGjxaDSMU7j9MtOC3R0nmCUB2Oa8Mnsb-RlEhVbgPECxjhfqfeJSTvkt55qh5heNfe0OJhMjXc0ftiHPcfN2br6HCunN5dxj6nmoeiV8MmCLUw5LALjLhrpCMgSzAnHy_EESccllU4k_QQ3UfGjlmt4hCZv58ZzJDU7PO9WEBUQwcjBYd1H9SEJKFr5ljNpRXQf8GWPsr_C9kaOTn9_mrTCcIUXinSr7tulFWaiKScn-e3Lg",
  "payload": ""
}
2026-05-16 03:03:45,821:DEBUG:urllib3.connectionpool:https://acme-v02.api.letsencrypt.org:443 "POST /acme/authz/3335975146/704884169966 HTTP/1.1" 200 825
2026-05-16 03:03:45,821:DEBUG:acme.client:Received response:
HTTP 200
Server: nginx
Date: Sat, 16 May 2026 00:03:45 GMT
Content-Type: application/json
Content-Length: 825
Connection: keep-alive
Boulder-Requester: 3335975146
Cache-Control: public, max-age=0, no-cache
Link: <https://acme-v02.api.letsencrypt.org/directory>;rel="index"
Replay-Nonce: xoZfuRf-8cG-JmVpq-kSTFpnCchyuNmp8W8wmnm1QmpmUCOxCHs
X-Frame-Options: DENY
Strict-Transport-Security: max-age=604800

{
  "identifier": {
    "type": "dns",
    "value": "www.aildev.com.tr"
  },
  "status": "pending",
  "expires": "2026-05-23T00:03:35Z",
  "challenges": [
    {
      "type": "tls-alpn-01",
      "url": "https://acme-v02.api.letsencrypt.org/acme/chall/3335975146/704884169966/Y4cJoA",
      "status": "pending",
      "token": "5_dxeqz3kykjjEMjjoZTs-HL8WWdtCQIpafVm2gF08o"
    },
    {
      "type": "dns-01",
      "url": "https://acme-v02.api.letsencrypt.org/acme/chall/3335975146/704884169966/ZgiMrQ",
      "status": "pending",
      "token": "5_dxeqz3kykjjEMjjoZTs-HL8WWdtCQIpafVm2gF08o"
    },
    {
      "type": "http-01",
      "url": "https://acme-v02.api.letsencrypt.org/acme/chall/3335975146/704884169966/B50zvA",
      "status": "pending",
      "token": "5_dxeqz3kykjjEMjjoZTs-HL8WWdtCQIpafVm2gF08o"
    }
  ]
}
2026-05-16 03:03:45,822:DEBUG:acme.client:Storing nonce: xoZfuRf-8cG-JmVpq-kSTFpnCchyuNmp8W8wmnm1QmpmUCOxCHs
2026-05-16 03:03:48,825:DEBUG:acme.client:JWS payload:
b''
2026-05-16 03:03:48,826:DEBUG:acme.client:Sending POST request to https://acme-v02.api.letsencrypt.org/acme/authz/3335975146/704884169946:
{
  "protected": "eyJhbGciOiAiUlMyNTYiLCAia2lkIjogImh0dHBzOi8vYWNtZS12MDIuYXBpLmxldHNlbmNyeXB0Lm9yZy9hY21lL2FjY3QvMzMzNTk3NTE0NiIsICJub25jZSI6ICJ4b1pmdVJmLThjRy1KbVZwcS1rU1RGcG5DY2h5dU5tcDhXOHdtbm0xUW1wbVVDT3hDSHMiLCAidXJsIjogImh0dHBzOi8vYWNtZS12MDIuYXBpLmxldHNlbmNyeXB0Lm9yZy9hY21lL2F1dGh6LzMzMzU5NzUxNDYvNzA0ODg0MTY5OTQ2In0",
  "signature": "UetR_0u_8SWBft-xeiQO28lxUZDY36GpCWlWtOhsKgVbqalkJ7QgStaedoUrwdN99RlPQ4rjLdIBLEAn7YT7RFT25v9SfqQ5BaLmZeDtOnk0_56Q3xljTy5yHUdH1wGzZZSptU_nKeHZ2JZ2wNPQCHnlIRs6vP44DIUCWwA1GhQazVlvRd9SozPU-820OjIcLuyTvnYKR-SVwM7c2Ra8mPhPmFBaAwdWuyStajlRnzYxgnXOZQq0JfVneYzUT9JbO2Vz9qpwlyw_7HJPz_pcv__Kyk2EKrDLG0toAF04QJU5ZNvj8tXYw4VEe7CHCMk8pNFFR3Os0EqV9L6upN5GNA",
  "payload": ""
}
2026-05-16 03:03:49,004:DEBUG:urllib3.connectionpool:https://acme-v02.api.letsencrypt.org:443 "POST /acme/authz/3335975146/704884169946 HTTP/1.1" 200 821
2026-05-16 03:03:49,005:DEBUG:acme.client:Received response:
HTTP 200
Server: nginx
Date: Sat, 16 May 2026 00:03:48 GMT
Content-Type: application/json
Content-Length: 821
Connection: keep-alive
Boulder-Requester: 3335975146
Cache-Control: public, max-age=0, no-cache
Link: <https://acme-v02.api.letsencrypt.org/directory>;rel="index"
Replay-Nonce: CqJAX5X9S390GntLidw5RFy_XX622slyC8vR-F-ZWxVhesW4uw8
X-Frame-Options: DENY
Strict-Transport-Security: max-age=604800

{
  "identifier": {
    "type": "dns",
    "value": "aildev.com.tr"
  },
  "status": "pending",
  "expires": "2026-05-23T00:03:35Z",
  "challenges": [
    {
      "type": "http-01",
      "url": "https://acme-v02.api.letsencrypt.org/acme/chall/3335975146/704884169946/9whkig",
      "status": "pending",
      "token": "3FjG3oC6ezKB_e9NVlHb35NOySuriqX_oy7h9rpb6ac"
    },
    {
      "type": "tls-alpn-01",
      "url": "https://acme-v02.api.letsencrypt.org/acme/chall/3335975146/704884169946/mKhqUw",
      "status": "pending",
      "token": "3FjG3oC6ezKB_e9NVlHb35NOySuriqX_oy7h9rpb6ac"
    },
    {
      "type": "dns-01",
      "url": "https://acme-v02.api.letsencrypt.org/acme/chall/3335975146/704884169946/kWfAZw",
      "status": "pending",
      "token": "3FjG3oC6ezKB_e9NVlHb35NOySuriqX_oy7h9rpb6ac"
    }
  ]
}
2026-05-16 03:03:49,005:DEBUG:acme.client:Storing nonce: CqJAX5X9S390GntLidw5RFy_XX622slyC8vR-F-ZWxVhesW4uw8
2026-05-16 03:03:49,005:DEBUG:acme.client:JWS payload:
b''
2026-05-16 03:03:49,007:DEBUG:acme.client:Sending POST request to https://acme-v02.api.letsencrypt.org/acme/authz/3335975146/704884169966:
{
  "protected": "eyJhbGciOiAiUlMyNTYiLCAia2lkIjogImh0dHBzOi8vYWNtZS12MDIuYXBpLmxldHNlbmNyeXB0Lm9yZy9hY21lL2FjY3QvMzMzNTk3NTE0NiIsICJub25jZSI6ICJDcUpBWDVYOVMzOTBHbnRMaWR3NVJGeV9YWDYyMnNseUM4dlItRi1aV3hWaGVzVzR1dzgiLCAidXJsIjogImh0dHBzOi8vYWNtZS12MDIuYXBpLmxldHNlbmNyeXB0Lm9yZy9hY21lL2F1dGh6LzMzMzU5NzUxNDYvNzA0ODg0MTY5OTY2In0",
  "signature": "T409PXM_N07TqyRgIdFWXpncp0OPF7wfG3gV9Z6e5Z5Pm3gWRFb3I95mt_Xezq2zZDiGrgaHnh-qb9UzSkZbn_b9IeCyu_fto1x3QRMItjb6dAxJ5VADXgTIKHt292yVtKyqmiNReujcT3GrhGp1hWX5MFr3p4-ExnVjnM1gBgZLe5l9jW4vm_UXz9nh6HeKbbRKT84JdvYSd74yHR2tcOdRA68j8Fv6S_xOtpQK5V3GBzHWaOs4fdwBtxJrU3NSKVkISZQYklFRlhlEXI2HawvH6hj8t8Dhqhn1GY_oMnQ4r2zN1ENN04okinFvoHM4BZZ5PmLcbhG22HSwX9RY8w",
  "payload": ""
}
2026-05-16 03:03:49,184:DEBUG:urllib3.connectionpool:https://acme-v02.api.letsencrypt.org:443 "POST /acme/authz/3335975146/704884169966 HTTP/1.1" 200 825
2026-05-16 03:03:49,184:DEBUG:acme.client:Received response:
HTTP 200
Server: nginx
Date: Sat, 16 May 2026 00:03:49 GMT
Content-Type: application/json
Content-Length: 825
Connection: keep-alive
Boulder-Requester: 3335975146
Cache-Control: public, max-age=0, no-cache
Link: <https://acme-v02.api.letsencrypt.org/directory>;rel="index"
Replay-Nonce: xoZfuRf-5er_GxqH3VDx_VT9Q-aBuvH2bK1mZLTzKz1V4QH4ra8
X-Frame-Options: DENY
Strict-Transport-Security: max-age=604800

{
  "identifier": {
    "type": "dns",
    "value": "www.aildev.com.tr"
  },
  "status": "pending",
  "expires": "2026-05-23T00:03:35Z",
  "challenges": [
    {
      "type": "dns-01",
      "url": "https://acme-v02.api.letsencrypt.org/acme/chall/3335975146/704884169966/ZgiMrQ",
      "status": "pending",
      "token": "5_dxeqz3kykjjEMjjoZTs-HL8WWdtCQIpafVm2gF08o"
    },
    {
      "type": "http-01",
      "url": "https://acme-v02.api.letsencrypt.org/acme/chall/3335975146/704884169966/B50zvA",
      "status": "pending",
      "token": "5_dxeqz3kykjjEMjjoZTs-HL8WWdtCQIpafVm2gF08o"
    },
    {
      "type": "tls-alpn-01",
      "url": "https://acme-v02.api.letsencrypt.org/acme/chall/3335975146/704884169966/Y4cJoA",
      "status": "pending",
      "token": "5_dxeqz3kykjjEMjjoZTs-HL8WWdtCQIpafVm2gF08o"
    }
  ]
}
2026-05-16 03:03:49,185:DEBUG:acme.client:Storing nonce: xoZfuRf-5er_GxqH3VDx_VT9Q-aBuvH2bK1mZLTzKz1V4QH4ra8
2026-05-16 03:03:52,188:DEBUG:acme.client:JWS payload:
b''
2026-05-16 03:03:52,189:DEBUG:acme.client:Sending POST request to https://acme-v02.api.letsencrypt.org/acme/authz/3335975146/704884169946:
{
  "protected": "eyJhbGciOiAiUlMyNTYiLCAia2lkIjogImh0dHBzOi8vYWNtZS12MDIuYXBpLmxldHNlbmNyeXB0Lm9yZy9hY21lL2FjY3QvMzMzNTk3NTE0NiIsICJub25jZSI6ICJ4b1pmdVJmLTVlcl9HeHFIM1ZEeF9WVDlRLWFCdXZIMmJLMW1aTFR6S3oxVjRRSDRyYTgiLCAidXJsIjogImh0dHBzOi8vYWNtZS12MDIuYXBpLmxldHNlbmNyeXB0Lm9yZy9hY21lL2F1dGh6LzMzMzU5NzUxNDYvNzA0ODg0MTY5OTQ2In0",
  "signature": "oMK24_kfgiDLbvGx8y6QApItL-cLkQfUqhcuFveMC7a6dHJaAzRJD00V2nsH1lQ6bFdH7bzcD0kj86qLMscWUSbkpGnP-Bia81SWPdLNOGGq0dkQYWZAEolYStQoYWiZnlJ9a1WqfcZSWddU76rYxE2z4_92bjCf7livZPqdQTqDtLF7aYNW2MySAMtsJnXKU-1-iNNWR_0SNN4dpiPYlH1vcOWTseBaealBlhubXqYABfebCMLBzjs318iOVvh7rT3N8FykyowCJgX9kt66BVwsvKW-qxzk_EXwSGp1Hz8kVY32lEzEB6OKoOdhJ_A4VRcWw01fx9yVj-NsQwpt8w",
  "payload": ""
}
2026-05-16 03:03:52,380:DEBUG:urllib3.connectionpool:https://acme-v02.api.letsencrypt.org:443 "POST /acme/authz/3335975146/704884169946 HTTP/1.1" 200 821
2026-05-16 03:03:52,380:DEBUG:acme.client:Received response:
HTTP 200
Server: nginx
Date: Sat, 16 May 2026 00:03:52 GMT
Content-Type: application/json
Content-Length: 821
Connection: keep-alive
Boulder-Requester: 3335975146
Cache-Control: public, max-age=0, no-cache
Link: <https://acme-v02.api.letsencrypt.org/directory>;rel="index"
Replay-Nonce: xoZfuRf-1d125aRngbQeeMmzk31p9zdBcS801V7synD57rn-3Hg
X-Frame-Options: DENY
Strict-Transport-Security: max-age=604800

{
  "identifier": {
    "type": "dns",
    "value": "aildev.com.tr"
  },
  "status": "pending",
  "expires": "2026-05-23T00:03:35Z",
  "challenges": [
    {
      "type": "tls-alpn-01",
      "url": "https://acme-v02.api.letsencrypt.org/acme/chall/3335975146/704884169946/mKhqUw",
      "status": "pending",
      "token": "3FjG3oC6ezKB_e9NVlHb35NOySuriqX_oy7h9rpb6ac"
    },
    {
      "type": "dns-01",
      "url": "https://acme-v02.api.letsencrypt.org/acme/chall/3335975146/704884169946/kWfAZw",
      "status": "pending",
      "token": "3FjG3oC6ezKB_e9NVlHb35NOySuriqX_oy7h9rpb6ac"
    },
    {
      "type": "http-01",
      "url": "https://acme-v02.api.letsencrypt.org/acme/chall/3335975146/704884169946/9whkig",
      "status": "pending",
      "token": "3FjG3oC6ezKB_e9NVlHb35NOySuriqX_oy7h9rpb6ac"
    }
  ]
}
2026-05-16 03:03:52,380:DEBUG:acme.client:Storing nonce: xoZfuRf-1d125aRngbQeeMmzk31p9zdBcS801V7synD57rn-3Hg
2026-05-16 03:03:52,380:DEBUG:acme.client:JWS payload:
b''
2026-05-16 03:03:52,382:DEBUG:acme.client:Sending POST request to https://acme-v02.api.letsencrypt.org/acme/authz/3335975146/704884169966:
{
  "protected": "eyJhbGciOiAiUlMyNTYiLCAia2lkIjogImh0dHBzOi8vYWNtZS12MDIuYXBpLmxldHNlbmNyeXB0Lm9yZy9hY21lL2FjY3QvMzMzNTk3NTE0NiIsICJub25jZSI6ICJ4b1pmdVJmLTFkMTI1YVJuZ2JRZWVNbXprMzFwOXpkQmNTODAxVjdzeW5ENTdybi0zSGciLCAidXJsIjogImh0dHBzOi8vYWNtZS12MDIuYXBpLmxldHNlbmNyeXB0Lm9yZy9hY21lL2F1dGh6LzMzMzU5NzUxNDYvNzA0ODg0MTY5OTY2In0",
  "signature": "BZqGaT7er6cRMz5xgdOpA6eWxI_mxlOLYTmQ1MtIwQjL8x4ydcrdL7amZwdYQLgDm4h2tNFwG7WmymOS6fbc6fLSKyVcsgDnoAn6KWaHbBZCAYN463cLUz3mimkY_bD3l3m2hDc-eWAJohAOLVXHxnibVMIofRU6f1YwYX3v4Yc2J-3ojkKJ1OXw4dVMay1v6IvdC0JBDCQm2c-D9F8HNic2JtZIl_q_fqnwPMZ-fgIuAFYlMPOlipMvFLaqZNgTeawKJiUR3vYrLv6jpYgjsWTdgdIvXmHLRcX9Z6IgmzN4foA8BqUv07JOxDbrzfjQMWN0lZqGtZ-inzfdXxDJ9w",
  "payload": ""
}
2026-05-16 03:03:52,561:DEBUG:urllib3.connectionpool:https://acme-v02.api.letsencrypt.org:443 "POST /acme/authz/3335975146/704884169966 HTTP/1.1" 200 825
2026-05-16 03:03:52,561:DEBUG:acme.client:Received response:
HTTP 200
Server: nginx
Date: Sat, 16 May 2026 00:03:52 GMT
Content-Type: application/json
Content-Length: 825
Connection: keep-alive
Boulder-Requester: 3335975146
Cache-Control: public, max-age=0, no-cache
Link: <https://acme-v02.api.letsencrypt.org/directory>;rel="index"
Replay-Nonce: xoZfuRf-Wi4ZUvNOfqS7IZe5ua76dCg6C8EyCTX-xoAs5N4lTZo
X-Frame-Options: DENY
Strict-Transport-Security: max-age=604800

{
  "identifier": {
    "type": "dns",
    "value": "www.aildev.com.tr"
  },
  "status": "pending",
  "expires": "2026-05-23T00:03:35Z",
  "challenges": [
    {
      "type": "tls-alpn-01",
      "url": "https://acme-v02.api.letsencrypt.org/acme/chall/3335975146/704884169966/Y4cJoA",
      "status": "pending",
      "token": "5_dxeqz3kykjjEMjjoZTs-HL8WWdtCQIpafVm2gF08o"
    },
    {
      "type": "http-01",
      "url": "https://acme-v02.api.letsencrypt.org/acme/chall/3335975146/704884169966/B50zvA",
      "status": "pending",
      "token": "5_dxeqz3kykjjEMjjoZTs-HL8WWdtCQIpafVm2gF08o"
    },
    {
      "type": "dns-01",
      "url": "https://acme-v02.api.letsencrypt.org/acme/chall/3335975146/704884169966/ZgiMrQ",
      "status": "pending",
      "token": "5_dxeqz3kykjjEMjjoZTs-HL8WWdtCQIpafVm2gF08o"
    }
  ]
}
2026-05-16 03:03:52,561:DEBUG:acme.client:Storing nonce: xoZfuRf-Wi4ZUvNOfqS7IZe5ua76dCg6C8EyCTX-xoAs5N4lTZo
2026-05-16 03:03:55,564:DEBUG:acme.client:JWS payload:
b''
2026-05-16 03:03:55,566:DEBUG:acme.client:Sending POST request to https://acme-v02.api.letsencrypt.org/acme/authz/3335975146/704884169946:
{
  "protected": "eyJhbGciOiAiUlMyNTYiLCAia2lkIjogImh0dHBzOi8vYWNtZS12MDIuYXBpLmxldHNlbmNyeXB0Lm9yZy9hY21lL2FjY3QvMzMzNTk3NTE0NiIsICJub25jZSI6ICJ4b1pmdVJmLVdpNFpVdk5PZnFTN0laZTV1YTc2ZENnNkM4RXlDVFgteG9BczVONGxUWm8iLCAidXJsIjogImh0dHBzOi8vYWNtZS12MDIuYXBpLmxldHNlbmNyeXB0Lm9yZy9hY21lL2F1dGh6LzMzMzU5NzUxNDYvNzA0ODg0MTY5OTQ2In0",
  "signature": "Y1_cf-sUFFxNUFyRg4sj97PtHkbOPgYrB3W61qosDd5fV6p_Rqfgikg58Smf5av-xVIWW2X3Yqdq7qQ-sajMU6BZEy-UP4Vuo2LkHKYvxpYfgIklwc3sEBiA-axjz-3wi_Qlqk-QprJvv7s72oc3cqERxUQ7N5eaIOXJWCQGrBwX17GetGL1Qc07IcP9cC9h6c1SI2KCRwLG1Qs82sH96AVOZBLH_4yrgfFZwbIewWHUycj1g6WP_8xczcFWZyU9xGUXQ_Gomo0CdMB9Uk9KFWZOjxTjRnCMfNyAcRx8DhXOJlsAxUpenPfliy3L2h95Y1aTUNA5GthrnA6s7GTjzQ",
  "payload": ""
}
2026-05-16 03:03:55,745:DEBUG:urllib3.connectionpool:https://acme-v02.api.letsencrypt.org:443 "POST /acme/authz/3335975146/704884169946 HTTP/1.1" 200 821
2026-05-16 03:03:55,746:DEBUG:acme.client:Received response:
HTTP 200
Server: nginx
Date: Sat, 16 May 2026 00:03:55 GMT
Content-Type: application/json
Content-Length: 821
Connection: keep-alive
Boulder-Requester: 3335975146
Cache-Control: public, max-age=0, no-cache
Link: <https://acme-v02.api.letsencrypt.org/directory>;rel="index"
Replay-Nonce: xoZfuRf-aSa1fI9obBb5Lk0ntzthQ1szrGRX2i_EtkfSByDI15A
X-Frame-Options: DENY
Strict-Transport-Security: max-age=604800

{
  "identifier": {
    "type": "dns",
    "value": "aildev.com.tr"
  },
  "status": "pending",
  "expires": "2026-05-23T00:03:35Z",
  "challenges": [
    {
      "type": "tls-alpn-01",
      "url": "https://acme-v02.api.letsencrypt.org/acme/chall/3335975146/704884169946/mKhqUw",
      "status": "pending",
      "token": "3FjG3oC6ezKB_e9NVlHb35NOySuriqX_oy7h9rpb6ac"
    },
    {
      "type": "dns-01",
      "url": "https://acme-v02.api.letsencrypt.org/acme/chall/3335975146/704884169946/kWfAZw",
      "status": "pending",
      "token": "3FjG3oC6ezKB_e9NVlHb35NOySuriqX_oy7h9rpb6ac"
    },
    {
      "type": "http-01",
      "url": "https://acme-v02.api.letsencrypt.org/acme/chall/3335975146/704884169946/9whkig",
      "status": "pending",
      "token": "3FjG3oC6ezKB_e9NVlHb35NOySuriqX_oy7h9rpb6ac"
    }
  ]
}
2026-05-16 03:03:55,746:DEBUG:acme.client:Storing nonce: xoZfuRf-aSa1fI9obBb5Lk0ntzthQ1szrGRX2i_EtkfSByDI15A
2026-05-16 03:03:55,746:DEBUG:acme.client:JWS payload:
b''
2026-05-16 03:03:55,748:DEBUG:acme.client:Sending POST request to https://acme-v02.api.letsencrypt.org/acme/authz/3335975146/704884169966:
{
  "protected": "eyJhbGciOiAiUlMyNTYiLCAia2lkIjogImh0dHBzOi8vYWNtZS12MDIuYXBpLmxldHNlbmNyeXB0Lm9yZy9hY21lL2FjY3QvMzMzNTk3NTE0NiIsICJub25jZSI6ICJ4b1pmdVJmLWFTYTFmSTlvYkJiNUxrMG50enRoUTFzenJHUlgyaV9FdGtmU0J5REkxNUEiLCAidXJsIjogImh0dHBzOi8vYWNtZS12MDIuYXBpLmxldHNlbmNyeXB0Lm9yZy9hY21lL2F1dGh6LzMzMzU5NzUxNDYvNzA0ODg0MTY5OTY2In0",
  "signature": "thSdVCBakjDa_my0NYa1M0seD0P4iOJaV9Ctc5rGzp6_HA2L6RQNsp-3IV_8jcEXtBPTN3SCYXgl7sBJ8wJGFB38LqGPf5XnSxZPYeaij4L-EPpkrSySr2rwP3WQ2Aw8yiYMII3dceMxdSBOTn8gKs6_iK0gzuoGiqYlFf0mz9c5fde9fuDuaydj62oHb7tmbE5JOYJYTunmNTlENcrVJW_UeadSXmrl0Kf8AJGAhttIkwjFh2A3ovPvQNrc2GFYIdRAtTwO0xiVWVIOwgt3pTvART8SuN5mbVn6fOm9TkDCcppkWR3iL_8Owhn6q2AZA0k9ejWfUBVQQTwyW-bxvw",
  "payload": ""
}
2026-05-16 03:03:56,686:DEBUG:urllib3.connectionpool:https://acme-v02.api.letsencrypt.org:443 "POST /acme/authz/3335975146/704884169966 HTTP/1.1" 200 825
2026-05-16 03:03:56,687:DEBUG:acme.client:Received response:
HTTP 200
Server: nginx
Date: Sat, 16 May 2026 00:03:56 GMT
Content-Type: application/json
Content-Length: 825
Connection: keep-alive
Boulder-Requester: 3335975146
Cache-Control: public, max-age=0, no-cache
Link: <https://acme-v02.api.letsencrypt.org/directory>;rel="index"
Replay-Nonce: CqJAX5X9er_PovP6vCTNWaPEd89q0YBZxOO2Th-Xzpl_WqPB7lw
X-Frame-Options: DENY
Strict-Transport-Security: max-age=604800

{
  "identifier": {
    "type": "dns",
    "value": "www.aildev.com.tr"
  },
  "status": "pending",
  "expires": "2026-05-23T00:03:35Z",
  "challenges": [
    {
      "type": "tls-alpn-01",
      "url": "https://acme-v02.api.letsencrypt.org/acme/chall/3335975146/704884169966/Y4cJoA",
      "status": "pending",
      "token": "5_dxeqz3kykjjEMjjoZTs-HL8WWdtCQIpafVm2gF08o"
    },
    {
      "type": "dns-01",
      "url": "https://acme-v02.api.letsencrypt.org/acme/chall/3335975146/704884169966/ZgiMrQ",
      "status": "pending",
      "token": "5_dxeqz3kykjjEMjjoZTs-HL8WWdtCQIpafVm2gF08o"
    },
    {
      "type": "http-01",
      "url": "https://acme-v02.api.letsencrypt.org/acme/chall/3335975146/704884169966/B50zvA",
      "status": "pending",
      "token": "5_dxeqz3kykjjEMjjoZTs-HL8WWdtCQIpafVm2gF08o"
    }
  ]
}
2026-05-16 03:03:56,687:DEBUG:acme.client:Storing nonce: CqJAX5X9er_PovP6vCTNWaPEd89q0YBZxOO2Th-Xzpl_WqPB7lw
2026-05-16 03:03:59,690:DEBUG:acme.client:JWS payload:
b''
2026-05-16 03:03:59,692:DEBUG:acme.client:Sending POST request to https://acme-v02.api.letsencrypt.org/acme/authz/3335975146/704884169946:
{
  "protected": "eyJhbGciOiAiUlMyNTYiLCAia2lkIjogImh0dHBzOi8vYWNtZS12MDIuYXBpLmxldHNlbmNyeXB0Lm9yZy9hY21lL2FjY3QvMzMzNTk3NTE0NiIsICJub25jZSI6ICJDcUpBWDVYOWVyX1BvdlA2dkNUTldhUEVkODlxMFlCWnhPTzJUaC1YenBsX1dxUEI3bHciLCAidXJsIjogImh0dHBzOi8vYWNtZS12MDIuYXBpLmxldHNlbmNyeXB0Lm9yZy9hY21lL2F1dGh6LzMzMzU5NzUxNDYvNzA0ODg0MTY5OTQ2In0",
  "signature": "WdB-wuG1HJd_GgtBd-gYuujdTBis3PhglaxVEB1lhGW_XJtWPwMjdgBd1jr8VUFr6qS_4J9B1TltbG92VA8UuNoSj-NmzDoDdJaTMm06LGDW72R7PE85tp68r0BYVql7XjZ56Fr4IKoTr7FbmlhAkFJRnHEpYRe_nIw7DwN_qiIIhhXD_Rkqi2e1d4jlOb8SEaGpa7IRoXo-QjXKX78dz4sd5dWPGjQrgu_3iD9MO2cWbEgeZFvEuVI0DsLwzH3XUV1B-IK20knRlBbPF3f26TnH79VegfF2eK-I_HbXvHjM3osChPb_cmAUh_mjGdeeJlSxvc1h0vyikU3eO_s1hg",
  "payload": ""
}
2026-05-16 03:03:59,946:DEBUG:urllib3.connectionpool:https://acme-v02.api.letsencrypt.org:443 "POST /acme/authz/3335975146/704884169946 HTTP/1.1" 200 821
2026-05-16 03:03:59,946:DEBUG:acme.client:Received response:
HTTP 200
Server: nginx
Date: Sat, 16 May 2026 00:03:59 GMT
Content-Type: application/json
Content-Length: 821
Connection: keep-alive
Boulder-Requester: 3335975146
Cache-Control: public, max-age=0, no-cache
Link: <https://acme-v02.api.letsencrypt.org/directory>;rel="index"
Replay-Nonce: CqJAX5X9VpFGofXZWt2k3OcQZrPxi1GkegFIH_SWaUstpSG4NeU
X-Frame-Options: DENY
Strict-Transport-Security: max-age=604800

{
  "identifier": {
    "type": "dns",
    "value": "aildev.com.tr"
  },
  "status": "pending",
  "expires": "2026-05-23T00:03:35Z",
  "challenges": [
    {
      "type": "dns-01",
      "url": "https://acme-v02.api.letsencrypt.org/acme/chall/3335975146/704884169946/kWfAZw",
      "status": "pending",
      "token": "3FjG3oC6ezKB_e9NVlHb35NOySuriqX_oy7h9rpb6ac"
    },
    {
      "type": "http-01",
      "url": "https://acme-v02.api.letsencrypt.org/acme/chall/3335975146/704884169946/9whkig",
      "status": "pending",
      "token": "3FjG3oC6ezKB_e9NVlHb35NOySuriqX_oy7h9rpb6ac"
    },
    {
      "type": "tls-alpn-01",
      "url": "https://acme-v02.api.letsencrypt.org/acme/chall/3335975146/704884169946/mKhqUw",
      "status": "pending",
      "token": "3FjG3oC6ezKB_e9NVlHb35NOySuriqX_oy7h9rpb6ac"
    }
  ]
}
2026-05-16 03:03:59,947:DEBUG:acme.client:Storing nonce: CqJAX5X9VpFGofXZWt2k3OcQZrPxi1GkegFIH_SWaUstpSG4NeU
2026-05-16 03:03:59,947:DEBUG:acme.client:JWS payload:
b''
2026-05-16 03:03:59,948:DEBUG:acme.client:Sending POST request to https://acme-v02.api.letsencrypt.org/acme/authz/3335975146/704884169966:
{
  "protected": "eyJhbGciOiAiUlMyNTYiLCAia2lkIjogImh0dHBzOi8vYWNtZS12MDIuYXBpLmxldHNlbmNyeXB0Lm9yZy9hY21lL2FjY3QvMzMzNTk3NTE0NiIsICJub25jZSI6ICJDcUpBWDVYOVZwRkdvZlhaV3QyazNPY1FaclB4aTFHa2VnRklIX1NXYVVzdHBTRzROZVUiLCAidXJsIjogImh0dHBzOi8vYWNtZS12MDIuYXBpLmxldHNlbmNyeXB0Lm9yZy9hY21lL2F1dGh6LzMzMzU5NzUxNDYvNzA0ODg0MTY5OTY2In0",
  "signature": "JT5JVLpD4XIuLunpufqbVHP76eNBljDlnm1Rx0kaXfutYcdtm8SS-mRwE7lZnCzejg0qzDYmwBKrPxUJjM4YUUvIt6oZPfSdjNYAjMGMK1oi4s6-vlaIA-4HWzOsd4V4hCSVV109WSu6T6UWYwAfixvsxJ9x9qKPkY34lFtFwBKum4ynj_EfTEA18iyz4qGiXMFcxzX_-h0P8uOGUbC3vXuIwVtZDLvvyCYTC_0TR76y-CCQzPxqIRZD7uLIJ8WKM9-ld4lZiIAWLrGo76u415EtdRvlZrhx9VQX45al_EBP4Wzj0haVU6pB2A-yDsVIKfRLXPIigqgaeVQrypwJlg",
  "payload": ""
}
2026-05-16 03:04:00,167:DEBUG:urllib3.connectionpool:https://acme-v02.api.letsencrypt.org:443 "POST /acme/authz/3335975146/704884169966 HTTP/1.1" 200 825
2026-05-16 03:04:00,168:DEBUG:acme.client:Received response:
HTTP 200
Server: nginx
Date: Sat, 16 May 2026 00:04:00 GMT
Content-Type: application/json
Content-Length: 825
Connection: keep-alive
Boulder-Requester: 3335975146
Cache-Control: public, max-age=0, no-cache
Link: <https://acme-v02.api.letsencrypt.org/directory>;rel="index"
Replay-Nonce: xoZfuRf-mKsnk0qZUcuVkqH3x0NscSzqKo8B0FV5Gm66W3YKEGo
X-Frame-Options: DENY
Strict-Transport-Security: max-age=604800

{
  "identifier": {
    "type": "dns",
    "value": "www.aildev.com.tr"
  },
  "status": "pending",
  "expires": "2026-05-23T00:03:35Z",
  "challenges": [
    {
      "type": "dns-01",
      "url": "https://acme-v02.api.letsencrypt.org/acme/chall/3335975146/704884169966/ZgiMrQ",
      "status": "pending",
      "token": "5_dxeqz3kykjjEMjjoZTs-HL8WWdtCQIpafVm2gF08o"
    },
    {
      "type": "tls-alpn-01",
      "url": "https://acme-v02.api.letsencrypt.org/acme/chall/3335975146/704884169966/Y4cJoA",
      "status": "pending",
      "token": "5_dxeqz3kykjjEMjjoZTs-HL8WWdtCQIpafVm2gF08o"
    },
    {
      "type": "http-01",
      "url": "https://acme-v02.api.letsencrypt.org/acme/chall/3335975146/704884169966/B50zvA",
      "status": "pending",
      "token": "5_dxeqz3kykjjEMjjoZTs-HL8WWdtCQIpafVm2gF08o"
    }
  ]
}
2026-05-16 03:04:00,168:DEBUG:acme.client:Storing nonce: xoZfuRf-mKsnk0qZUcuVkqH3x0NscSzqKo8B0FV5Gm66W3YKEGo
2026-05-16 03:04:03,171:DEBUG:acme.client:JWS payload:
b''
2026-05-16 03:04:03,173:DEBUG:acme.client:Sending POST request to https://acme-v02.api.letsencrypt.org/acme/authz/3335975146/704884169946:
{
  "protected": "eyJhbGciOiAiUlMyNTYiLCAia2lkIjogImh0dHBzOi8vYWNtZS12MDIuYXBpLmxldHNlbmNyeXB0Lm9yZy9hY21lL2FjY3QvMzMzNTk3NTE0NiIsICJub25jZSI6ICJ4b1pmdVJmLW1Lc25rMHFaVWN1VmtxSDN4ME5zY1N6cUtvOEIwRlY1R202NlczWUtFR28iLCAidXJsIjogImh0dHBzOi8vYWNtZS12MDIuYXBpLmxldHNlbmNyeXB0Lm9yZy9hY21lL2F1dGh6LzMzMzU5NzUxNDYvNzA0ODg0MTY5OTQ2In0",
  "signature": "ray3UBCG_7f43IsBoQs3rzP-AkPvhIBp9VOmyEi_gTut7EP5_puyfSYSSXtjdM9451L9SsXGrWrMF1lGb0gj088ftCxZGTFoD9J85dSX697_CROjTuCJEmaWzi474mS_i9PSg-XV8KWnfALKqJLEj2T2LvAdwtiyaI6ZGq72aNytGJjaypTvxfp6t2S8arg3AcqGhUkU4Eg8wg8PCwPgZpR0JMNDy-SkjbIIp8xDxOYpulfRl9r1Nu1PZo5ez059ngyvifUcpyBAQy8cBPJ8Y8IGjQwpNACdz6NrmnXokNpdkM2q0nsJpVr-8PdpGCbj6CBZ0QWUSeG4uB72-Qstsw",
  "payload": ""
}
2026-05-16 03:04:03,433:DEBUG:urllib3.connectionpool:https://acme-v02.api.letsencrypt.org:443 "POST /acme/authz/3335975146/704884169946 HTTP/1.1" 200 821
2026-05-16 03:04:03,433:DEBUG:acme.client:Received response:
HTTP 200
Server: nginx
Date: Sat, 16 May 2026 00:04:03 GMT
Content-Type: application/json
Content-Length: 821
Connection: keep-alive
Boulder-Requester: 3335975146
Cache-Control: public, max-age=0, no-cache
Link: <https://acme-v02.api.letsencrypt.org/directory>;rel="index"
Replay-Nonce: CqJAX5X9b8yn3FGxdUMY0Tumvgh9XXJM5qpYRHRu3G9T_gpwI2E
X-Frame-Options: DENY
Strict-Transport-Security: max-age=604800

{
  "identifier": {
    "type": "dns",
    "value": "aildev.com.tr"
  },
  "status": "pending",
  "expires": "2026-05-23T00:03:35Z",
  "challenges": [
    {
      "type": "tls-alpn-01",
      "url": "https://acme-v02.api.letsencrypt.org/acme/chall/3335975146/704884169946/mKhqUw",
      "status": "pending",
      "token": "3FjG3oC6ezKB_e9NVlHb35NOySuriqX_oy7h9rpb6ac"
    },
    {
      "type": "http-01",
      "url": "https://acme-v02.api.letsencrypt.org/acme/chall/3335975146/704884169946/9whkig",
      "status": "pending",
      "token": "3FjG3oC6ezKB_e9NVlHb35NOySuriqX_oy7h9rpb6ac"
    },
    {
      "type": "dns-01",
      "url": "https://acme-v02.api.letsencrypt.org/acme/chall/3335975146/704884169946/kWfAZw",
      "status": "pending",
      "token": "3FjG3oC6ezKB_e9NVlHb35NOySuriqX_oy7h9rpb6ac"
    }
  ]
}
2026-05-16 03:04:03,434:DEBUG:acme.client:Storing nonce: CqJAX5X9b8yn3FGxdUMY0Tumvgh9XXJM5qpYRHRu3G9T_gpwI2E
2026-05-16 03:04:03,434:DEBUG:acme.client:JWS payload:
b''
2026-05-16 03:04:03,435:DEBUG:acme.client:Sending POST request to https://acme-v02.api.letsencrypt.org/acme/authz/3335975146/704884169966:
{
  "protected": "eyJhbGciOiAiUlMyNTYiLCAia2lkIjogImh0dHBzOi8vYWNtZS12MDIuYXBpLmxldHNlbmNyeXB0Lm9yZy9hY21lL2FjY3QvMzMzNTk3NTE0NiIsICJub25jZSI6ICJDcUpBWDVYOWI4eW4zRkd4ZFVNWTBUdW12Z2g5WFhKTTVxcFlSSFJ1M0c5VF9ncHdJMkUiLCAidXJsIjogImh0dHBzOi8vYWNtZS12MDIuYXBpLmxldHNlbmNyeXB0Lm9yZy9hY21lL2F1dGh6LzMzMzU5NzUxNDYvNzA0ODg0MTY5OTY2In0",
  "signature": "OpMfSjJXJKoox2zxcOI3mvPqT3Dt88ndWyzkfce7ljMsSoNKjVQKBCsxxXVhagmOLH61gC-VCqisOKIGKqj1I_JF28-OVF_W7YArgpk9Is-yNEyvRTPXuzRVLZb8kolFH0VAxRalSIGih3nJZyMFtvvr59huy-nD9zTUjTsICt2OwdjtCUv9pp82bSAa2HbEblzF-pm_Si5gmpud1oBuqfZxeo0rOfO9I7dr7ZW4-sRerXPFvChWbLQXEN7JvJ_zMzvhptBiJ1ti0PjzHa28u__ngF1EyP5YgsqCV_FnDktmdCkY9K8vn3sfDCOuU1wzI5o4BimV2XifSmuTCRHwQw",
  "payload": ""
}
2026-05-16 03:04:03,615:DEBUG:urllib3.connectionpool:https://acme-v02.api.letsencrypt.org:443 "POST /acme/authz/3335975146/704884169966 HTTP/1.1" 200 825
2026-05-16 03:04:03,615:DEBUG:acme.client:Received response:
HTTP 200
Server: nginx
Date: Sat, 16 May 2026 00:04:03 GMT
Content-Type: application/json
Content-Length: 825
Connection: keep-alive
Boulder-Requester: 3335975146
Cache-Control: public, max-age=0, no-cache
Link: <https://acme-v02.api.letsencrypt.org/directory>;rel="index"
Replay-Nonce: xoZfuRf-HifEQ20pHD9GbqXgCy6waWrr7JIiy8RUGRU640BIUMY
X-Frame-Options: DENY
Strict-Transport-Security: max-age=604800

{
  "identifier": {
    "type": "dns",
    "value": "www.aildev.com.tr"
  },
  "status": "pending",
  "expires": "2026-05-23T00:03:35Z",
  "challenges": [
    {
      "type": "tls-alpn-01",
      "url": "https://acme-v02.api.letsencrypt.org/acme/chall/3335975146/704884169966/Y4cJoA",
      "status": "pending",
      "token": "5_dxeqz3kykjjEMjjoZTs-HL8WWdtCQIpafVm2gF08o"
    },
    {
      "type": "http-01",
      "url": "https://acme-v02.api.letsencrypt.org/acme/chall/3335975146/704884169966/B50zvA",
      "status": "pending",
      "token": "5_dxeqz3kykjjEMjjoZTs-HL8WWdtCQIpafVm2gF08o"
    },
    {
      "type": "dns-01",
      "url": "https://acme-v02.api.letsencrypt.org/acme/chall/3335975146/704884169966/ZgiMrQ",
      "status": "pending",
      "token": "5_dxeqz3kykjjEMjjoZTs-HL8WWdtCQIpafVm2gF08o"
    }
  ]
}
2026-05-16 03:04:03,615:DEBUG:acme.client:Storing nonce: xoZfuRf-HifEQ20pHD9GbqXgCy6waWrr7JIiy8RUGRU640BIUMY
2026-05-16 03:04:06,619:DEBUG:acme.client:JWS payload:
b''
2026-05-16 03:04:06,620:DEBUG:acme.client:Sending POST request to https://acme-v02.api.letsencrypt.org/acme/authz/3335975146/704884169946:
{
  "protected": "eyJhbGciOiAiUlMyNTYiLCAia2lkIjogImh0dHBzOi8vYWNtZS12MDIuYXBpLmxldHNlbmNyeXB0Lm9yZy9hY21lL2FjY3QvMzMzNTk3NTE0NiIsICJub25jZSI6ICJ4b1pmdVJmLUhpZkVRMjBwSEQ5R2JxWGdDeTZ3YVdycjdKSWl5OFJVR1JVNjQwQklVTVkiLCAidXJsIjogImh0dHBzOi8vYWNtZS12MDIuYXBpLmxldHNlbmNyeXB0Lm9yZy9hY21lL2F1dGh6LzMzMzU5NzUxNDYvNzA0ODg0MTY5OTQ2In0",
  "signature": "H8vscyyRGeuRd0L-6KhNH6Y9ByaARKrpvin_JPFT_tzlVucik3ITN0FFadV8sTdQQVnX1jf7mqPgJw8nWsriWzlgemZYYPVTM2v3dGCqMFnCqSNmNSQrwXV5ZlDatidEzBRBQvdNFgl73diBqNJvKHp3eEwUUrzXBd4OhMZC4_M3G-ltJSFIJWvhELu69EhqGp16T48DdMAZ-W_b_9VCuyc7vtprToaXYxj-kj7rjVdDLyVAUlNMjrKcXAWXX-8xZdenz6TcjQP33CqTNarvQN1jtVuZC9RKsRZX6T4hDtaqtWJhP5CVYZWtWGk28x5p441W3ncQdlakBFhldE4dnA",
  "payload": ""
}
2026-05-16 03:04:07,199:DEBUG:urllib3.connectionpool:https://acme-v02.api.letsencrypt.org:443 "POST /acme/authz/3335975146/704884169946 HTTP/1.1" 200 821
2026-05-16 03:04:07,200:DEBUG:acme.client:Received response:
HTTP 200
Server: nginx
Date: Sat, 16 May 2026 00:04:07 GMT
Content-Type: application/json
Content-Length: 821
Connection: keep-alive
Boulder-Requester: 3335975146
Cache-Control: public, max-age=0, no-cache
Link: <https://acme-v02.api.letsencrypt.org/directory>;rel="index"
Replay-Nonce: xoZfuRf-rtgf3NZu5DKf-GdvFvUKHNhZ2TzBIQ3KYiOh9YfFW2E
X-Frame-Options: DENY
Strict-Transport-Security: max-age=604800

{
  "identifier": {
    "type": "dns",
    "value": "aildev.com.tr"
  },
  "status": "pending",
  "expires": "2026-05-23T00:03:35Z",
  "challenges": [
    {
      "type": "dns-01",
      "url": "https://acme-v02.api.letsencrypt.org/acme/chall/3335975146/704884169946/kWfAZw",
      "status": "pending",
      "token": "3FjG3oC6ezKB_e9NVlHb35NOySuriqX_oy7h9rpb6ac"
    },
    {
      "type": "http-01",
      "url": "https://acme-v02.api.letsencrypt.org/acme/chall/3335975146/704884169946/9whkig",
      "status": "pending",
      "token": "3FjG3oC6ezKB_e9NVlHb35NOySuriqX_oy7h9rpb6ac"
    },
    {
      "type": "tls-alpn-01",
      "url": "https://acme-v02.api.letsencrypt.org/acme/chall/3335975146/704884169946/mKhqUw",
      "status": "pending",
      "token": "3FjG3oC6ezKB_e9NVlHb35NOySuriqX_oy7h9rpb6ac"
    }
  ]
}
2026-05-16 03:04:07,200:DEBUG:acme.client:Storing nonce: xoZfuRf-rtgf3NZu5DKf-GdvFvUKHNhZ2TzBIQ3KYiOh9YfFW2E
2026-05-16 03:04:07,200:DEBUG:acme.client:JWS payload:
b''
2026-05-16 03:04:07,201:DEBUG:acme.client:Sending POST request to https://acme-v02.api.letsencrypt.org/acme/authz/3335975146/704884169966:
{
  "protected": "eyJhbGciOiAiUlMyNTYiLCAia2lkIjogImh0dHBzOi8vYWNtZS12MDIuYXBpLmxldHNlbmNyeXB0Lm9yZy9hY21lL2FjY3QvMzMzNTk3NTE0NiIsICJub25jZSI6ICJ4b1pmdVJmLXJ0Z2YzTlp1NURLZi1HZHZGdlVLSE5oWjJUekJJUTNLWWlPaDlZZkZXMkUiLCAidXJsIjogImh0dHBzOi8vYWNtZS12MDIuYXBpLmxldHNlbmNyeXB0Lm9yZy9hY21lL2F1dGh6LzMzMzU5NzUxNDYvNzA0ODg0MTY5OTY2In0",
  "signature": "QSiqZN1ROsR1d3I7aVkDzSXs5jetwy-i45qpKNKE7j7CY8hZkhMTmQaws3OQko2mTeijJ3sdlha8FIi6tmK_P5r_90Fo41rcLi5-sB-kR83YWsJKWWuE5ECvjycOPwjGPtkVVFFcOWOcxVs3mXDO_HXNQPMBr6fjdP6oIybqU7dyXFtDH54Qqb2Cl0xPsrzZMyRr_uCpCK7vFgk-w47NkdBvE8_A7n32ru2w8BSLdxTK_SMAxYicH1P3TIBYQtRRTqBK-O0RleLG1b7OnRfDK3qZQWGcxAgJiUtYcZRwk7PM3SfDnbr1DarB_FpmJCdvagwQvfU40epovvbQdLQZLA",
  "payload": ""
}
2026-05-16 03:04:07,379:DEBUG:urllib3.connectionpool:https://acme-v02.api.letsencrypt.org:443 "POST /acme/authz/3335975146/704884169966 HTTP/1.1" 200 825
2026-05-16 03:04:07,380:DEBUG:acme.client:Received response:
HTTP 200
Server: nginx
Date: Sat, 16 May 2026 00:04:07 GMT
Content-Type: application/json
Content-Length: 825
Connection: keep-alive
Boulder-Requester: 3335975146
Cache-Control: public, max-age=0, no-cache
Link: <https://acme-v02.api.letsencrypt.org/directory>;rel="index"
Replay-Nonce: CqJAX5X9F6eyGetyMdMm_VzmLrhHcB_un52iAnOT9Hz6VFSFurw
X-Frame-Options: DENY
Strict-Transport-Security: max-age=604800

{
  "identifier": {
    "type": "dns",
    "value": "www.aildev.com.tr"
  },
  "status": "pending",
  "expires": "2026-05-23T00:03:35Z",
  "challenges": [
    {
      "type": "tls-alpn-01",
      "url": "https://acme-v02.api.letsencrypt.org/acme/chall/3335975146/704884169966/Y4cJoA",
      "status": "pending",
      "token": "5_dxeqz3kykjjEMjjoZTs-HL8WWdtCQIpafVm2gF08o"
    },
    {
      "type": "dns-01",
      "url": "https://acme-v02.api.letsencrypt.org/acme/chall/3335975146/704884169966/ZgiMrQ",
      "status": "pending",
      "token": "5_dxeqz3kykjjEMjjoZTs-HL8WWdtCQIpafVm2gF08o"
    },
    {
      "type": "http-01",
      "url": "https://acme-v02.api.letsencrypt.org/acme/chall/3335975146/704884169966/B50zvA",
      "status": "pending",
      "token": "5_dxeqz3kykjjEMjjoZTs-HL8WWdtCQIpafVm2gF08o"
    }
  ]
}
2026-05-16 03:04:07,380:DEBUG:acme.client:Storing nonce: CqJAX5X9F6eyGetyMdMm_VzmLrhHcB_un52iAnOT9Hz6VFSFurw
2026-05-16 03:04:10,383:DEBUG:acme.client:JWS payload:
b''
2026-05-16 03:04:10,385:DEBUG:acme.client:Sending POST request to https://acme-v02.api.letsencrypt.org/acme/authz/3335975146/704884169946:
{
  "protected": "eyJhbGciOiAiUlMyNTYiLCAia2lkIjogImh0dHBzOi8vYWNtZS12MDIuYXBpLmxldHNlbmNyeXB0Lm9yZy9hY21lL2FjY3QvMzMzNTk3NTE0NiIsICJub25jZSI6ICJDcUpBWDVYOUY2ZXlHZXR5TWRNbV9Wem1McmhIY0JfdW41MmlBbk9UOUh6NlZGU0Z1cnciLCAidXJsIjogImh0dHBzOi8vYWNtZS12MDIuYXBpLmxldHNlbmNyeXB0Lm9yZy9hY21lL2F1dGh6LzMzMzU5NzUxNDYvNzA0ODg0MTY5OTQ2In0",
  "signature": "G1CSbKPn2mWt71lt7m00ExX8Zv_LFIu9uqfIYs0FZo5ERY2EvgynLxQ9FpnZODbkD8VONuBZF6CBOg_zHS-OdHOHKWIKB2d4SCOSu64S9jRNu-8swD1OTJT6q_XL5JicnG-ulshXSzzozkPhZHqKaxZ8Vph4BW5aHBkxOGT9srdhFr_cguTUG0VIptpDoQGbK2ik76fIneX_S4J1a3ZAYAZLPSbJfbC_IwuqQ3ZCASNIXe7Ky7sFGvHr8ZjKLQ8ekldTeeokASIxT5owRBV7OEqyH3xj6f440NeVb6hmLObP7kdUciPU1o0oipFI6SgyVaCDl840gCZ2ldqSggQ8bg",
  "payload": ""
}
2026-05-16 03:04:10,562:DEBUG:urllib3.connectionpool:https://acme-v02.api.letsencrypt.org:443 "POST /acme/authz/3335975146/704884169946 HTTP/1.1" 200 662
2026-05-16 03:04:10,562:DEBUG:acme.client:Received response:
HTTP 200
Server: nginx
Date: Sat, 16 May 2026 00:04:10 GMT
Content-Type: application/json
Content-Length: 662
Connection: keep-alive
Boulder-Requester: 3335975146
Cache-Control: public, max-age=0, no-cache
Link: <https://acme-v02.api.letsencrypt.org/directory>;rel="index"
Replay-Nonce: CqJAX5X9wqnGqFwclGGI88lMQcbur3NUveqXJ0fl735C5ygf6es
X-Frame-Options: DENY
Strict-Transport-Security: max-age=604800

{
  "identifier": {
    "type": "dns",
    "value": "aildev.com.tr"
  },
  "status": "invalid",
  "expires": "2026-05-23T00:03:35Z",
  "challenges": [
    {
      "type": "http-01",
      "url": "https://acme-v02.api.letsencrypt.org/acme/chall/3335975146/704884169946/9whkig",
      "status": "invalid",
      "validated": "2026-05-16T00:03:37Z",
      "error": {
        "type": "urn:ietf:params:acme:error:dns",
        "detail": "DNS problem: query timed out looking up A for aildev.com.tr; DNS problem: query timed out looking up AAAA for aildev.com.tr",
        "status": 400
      },
      "token": "3FjG3oC6ezKB_e9NVlHb35NOySuriqX_oy7h9rpb6ac"
    }
  ]
}
2026-05-16 03:04:10,562:DEBUG:acme.client:Storing nonce: CqJAX5X9wqnGqFwclGGI88lMQcbur3NUveqXJ0fl735C5ygf6es
2026-05-16 03:04:10,562:DEBUG:acme.client:JWS payload:
b''
2026-05-16 03:04:10,564:DEBUG:acme.client:Sending POST request to https://acme-v02.api.letsencrypt.org/acme/authz/3335975146/704884169966:
{
  "protected": "eyJhbGciOiAiUlMyNTYiLCAia2lkIjogImh0dHBzOi8vYWNtZS12MDIuYXBpLmxldHNlbmNyeXB0Lm9yZy9hY21lL2FjY3QvMzMzNTk3NTE0NiIsICJub25jZSI6ICJDcUpBWDVYOXdxbkdxRndjbEdHSTg4bE1RY2J1cjNOVXZlcVhKMGZsNzM1QzV5Z2Y2ZXMiLCAidXJsIjogImh0dHBzOi8vYWNtZS12MDIuYXBpLmxldHNlbmNyeXB0Lm9yZy9hY21lL2F1dGh6LzMzMzU5NzUxNDYvNzA0ODg0MTY5OTY2In0",
  "signature": "MlbAL_401kWX8Al2oL-l2NjQdUc_rHY5sfcwyzZIif0KFR_OPJoGIa2rm34OR8zVMvbU9dN-B9dnnXPEjq7YiaLQSGC8snoeeRvzQkFD-HxqlT2uZeQar8Gsw2lESEaSKMDgAiQ9-GepsECxetQQ5y11kkGvSpVAsoYBQcV0UXB6zLjCne8XdWyg52WOCgr7F92ZB3XLnZNNUJIacSrbsAGPkT9leBFKH8uANPBhDUbTauMu2OWu-UjBedOvh8ARWl3mhhc3qDZby_wIorBd7k7D6C_joFIwbo2ff_MBWZQP99y6mIMFWNbOaTPKZuLwU5PFg9NS6lS67NXk5HotTA",
  "payload": ""
}
2026-05-16 03:04:10,742:DEBUG:urllib3.connectionpool:https://acme-v02.api.letsencrypt.org:443 "POST /acme/authz/3335975146/704884169966 HTTP/1.1" 200 674
2026-05-16 03:04:10,743:DEBUG:acme.client:Received response:
HTTP 200
Server: nginx
Date: Sat, 16 May 2026 00:04:10 GMT
Content-Type: application/json
Content-Length: 674
Connection: keep-alive
Boulder-Requester: 3335975146
Cache-Control: public, max-age=0, no-cache
Link: <https://acme-v02.api.letsencrypt.org/directory>;rel="index"
Replay-Nonce: xoZfuRf-XSQoAXRBzr_VAfxJ-75WCOFBBF9DeskukbGhYHLXcgQ
X-Frame-Options: DENY
Strict-Transport-Security: max-age=604800

{
  "identifier": {
    "type": "dns",
    "value": "www.aildev.com.tr"
  },
  "status": "invalid",
  "expires": "2026-05-23T00:03:35Z",
  "challenges": [
    {
      "type": "http-01",
      "url": "https://acme-v02.api.letsencrypt.org/acme/chall/3335975146/704884169966/B50zvA",
      "status": "invalid",
      "validated": "2026-05-16T00:03:37Z",
      "error": {
        "type": "urn:ietf:params:acme:error:dns",
        "detail": "DNS problem: query timed out looking up A for www.aildev.com.tr; DNS problem: query timed out looking up AAAA for www.aildev.com.tr",
        "status": 400
      },
      "token": "5_dxeqz3kykjjEMjjoZTs-HL8WWdtCQIpafVm2gF08o"
    }
  ]
}
2026-05-16 03:04:10,743:DEBUG:acme.client:Storing nonce: xoZfuRf-XSQoAXRBzr_VAfxJ-75WCOFBBF9DeskukbGhYHLXcgQ
2026-05-16 03:04:10,743:INFO:certbot._internal.auth_handler:Challenge failed for domain aildev.com.tr
2026-05-16 03:04:10,743:INFO:certbot._internal.auth_handler:Challenge failed for domain www.aildev.com.tr
2026-05-16 03:04:10,743:INFO:certbot._internal.auth_handler:http-01 challenge for aildev.com.tr
2026-05-16 03:04:10,743:INFO:certbot._internal.auth_handler:http-01 challenge for www.aildev.com.tr
2026-05-16 03:04:10,743:DEBUG:certbot._internal.display.obj:Notifying user: 
Certbot failed to authenticate some domains (authenticator: nginx). The Certificate Authority reported these problems:
  Domain: aildev.com.tr
  Type:   dns
  Detail: DNS problem: query timed out looking up A for aildev.com.tr; DNS problem: query timed out looking up AAAA for aildev.com.tr

  Domain: www.aildev.com.tr
  Type:   dns
  Detail: DNS problem: query timed out looking up A for www.aildev.com.tr; DNS problem: query timed out looking up AAAA for www.aildev.com.tr

Hint: The Certificate Authority failed to verify the temporary nginx configuration changes made by Certbot. Ensure the listed domains point to this nginx server and that it is accessible from the internet.

2026-05-16 03:04:10,754:DEBUG:certbot._internal.error_handler:Encountered exception:
Traceback (most recent call last):
  File "/usr/lib/python3.9/site-packages/certbot/_internal/auth_handler.py", line 108, in handle_authorizations
    self._poll_authorizations(authzrs, max_retries, max_time_mins, best_effort)
  File "/usr/lib/python3.9/site-packages/certbot/_internal/auth_handler.py", line 212, in _poll_authorizations
    raise errors.AuthorizationError('Some challenges have failed.')
certbot.errors.AuthorizationError: Some challenges have failed.

2026-05-16 03:04:10,754:DEBUG:certbot._internal.error_handler:Calling registered functions
2026-05-16 03:04:10,754:INFO:certbot._internal.auth_handler:Cleaning up challenges
2026-05-16 03:04:11,838:DEBUG:certbot._internal.log:Exiting abnormally:
Traceback (most recent call last):
  File "/bin/certbot", line 8, in <module>
    sys.exit(main())
  File "/usr/lib/python3.9/site-packages/certbot/main.py", line 19, in main
    return internal_main.main(cli_args)
  File "/usr/lib/python3.9/site-packages/certbot/_internal/main.py", line 1873, in main
    return config.func(config, plugins)
  File "/usr/lib/python3.9/site-packages/certbot/_internal/main.py", line 1429, in run
    new_lineage = _get_and_save_cert(le_client, config, domains,
  File "/usr/lib/python3.9/site-packages/certbot/_internal/main.py", line 142, in _get_and_save_cert
    lineage = le_client.obtain_and_enroll_certificate(domains, certname)
  File "/usr/lib/python3.9/site-packages/certbot/_internal/client.py", line 518, in obtain_and_enroll_certificate
    cert, chain, key, _ = self.obtain_certificate(domains)
  File "/usr/lib/python3.9/site-packages/certbot/_internal/client.py", line 429, in obtain_certificate
    orderr = self._get_order_and_authorizations(csr.data, self.config.allow_subset_of_names)
  File "/usr/lib/python3.9/site-packages/certbot/_internal/client.py", line 497, in _get_order_and_authorizations
    authzr = self.auth_handler.handle_authorizations(orderr, self.config, best_effort)
  File "/usr/lib/python3.9/site-packages/certbot/_internal/auth_handler.py", line 108, in handle_authorizations
    self._poll_authorizations(authzrs, max_retries, max_time_mins, best_effort)
  File "/usr/lib/python3.9/site-packages/certbot/_internal/auth_handler.py", line 212, in _poll_authorizations
    raise errors.AuthorizationError('Some challenges have failed.')
certbot.errors.AuthorizationError: Some challenges have failed.
2026-05-16 03:04:11,840:ERROR:certbot._internal.log:Some challenges have failed.
2026-05-16 03:13:10,913:DEBUG:certbot._internal.main:certbot version: 3.1.0
2026-05-16 03:13:10,913:DEBUG:certbot._internal.main:Location of certbot entry point: /bin/certbot
2026-05-16 03:13:10,913:DEBUG:certbot._internal.main:Arguments: ['--nginx', '-d', 'aildev.com.tr', '-d', 'www.aildev.com.tr', '--non-interactive', '--agree-tos', '-m', 'admin@aildev.com.tr']
2026-05-16 03:13:10,913:DEBUG:certbot._internal.main:Discovered plugins: PluginsRegistry(PluginEntryPoint#manual,PluginEntryPoint#nginx,PluginEntryPoint#null,PluginEntryPoint#standalone,PluginEntryPoint#webroot)
2026-05-16 03:13:10,922:DEBUG:certbot._internal.log:Root logging level set at 30
2026-05-16 03:13:10,923:DEBUG:certbot._internal.plugins.selection:Requested authenticator nginx and installer nginx
2026-05-16 03:13:11,028:DEBUG:certbot._internal.plugins.selection:Single candidate plugin: * nginx
Description: Nginx Web Server plugin
Interfaces: Authenticator, Installer, Plugin
Entry point: EntryPoint(name='nginx', value='certbot_nginx._internal.configurator:NginxConfigurator', group='certbot.plugins')
Initialized: <certbot_nginx._internal.configurator.NginxConfigurator object at 0x7f71adaa7f70>
Prep: True
2026-05-16 03:13:11,029:DEBUG:certbot._internal.plugins.selection:Selected authenticator <certbot_nginx._internal.configurator.NginxConfigurator object at 0x7f71adaa7f70> and installer <certbot_nginx._internal.configurator.NginxConfigurator object at 0x7f71adaa7f70>
2026-05-16 03:13:11,029:INFO:certbot._internal.plugins.selection:Plugins selected: Authenticator nginx, Installer nginx
2026-05-16 03:13:11,105:DEBUG:certbot._internal.main:Picked account: <Account(RegistrationResource(body=Registration(key=None, contact=(), agreement=None, status=None, terms_of_service_agreed=None, only_return_existing=None, external_account_binding=None), uri='https://acme-v02.api.letsencrypt.org/acme/acct/3335975146', new_authzr_uri=None, terms_of_service=None), 06ef36118767e1490ef59f11e24adcd8, Meta(creation_dt=datetime.datetime(2026, 5, 14, 23, 36, 10, tzinfo=<UTC>), creation_host='localhost.localdomain', register_to_eff=None))>
2026-05-16 03:13:11,105:DEBUG:acme.client:Sending GET request to https://acme-v02.api.letsencrypt.org/directory.
2026-05-16 03:13:11,107:DEBUG:urllib3.connectionpool:Starting new HTTPS connection (1): acme-v02.api.letsencrypt.org:443
2026-05-16 03:13:11,642:DEBUG:urllib3.connectionpool:https://acme-v02.api.letsencrypt.org:443 "GET /directory HTTP/1.1" 200 1033
2026-05-16 03:13:11,642:DEBUG:acme.client:Received response:
HTTP 200
Server: nginx
Date: Sat, 16 May 2026 00:13:11 GMT
Content-Type: application/json
Content-Length: 1033
Connection: keep-alive
Cache-Control: public, max-age=0, no-cache
X-Frame-Options: DENY
Strict-Transport-Security: max-age=604800

{
  "FZpuVW8YCh4": "https://community.letsencrypt.org/t/adding-random-entries-to-the-directory/33417",
  "keyChange": "https://acme-v02.api.letsencrypt.org/acme/key-change",
  "meta": {
    "caaIdentities": [
      "letsencrypt.org"
    ],
    "profiles": {
      "classic": "https://letsencrypt.org/docs/profiles#classic",
      "shortlived": "https://letsencrypt.org/docs/profiles#shortlived",
      "tlsclient": "https://letsencrypt.org/docs/profiles#tlsclient",
      "tlsserver": "https://letsencrypt.org/docs/profiles#tlsserver"
    },
    "termsOfService": "https://letsencrypt.org/documents/LE-SA-v1.6-August-18-2025.pdf",
    "website": "https://letsencrypt.org"
  },
  "newAccount": "https://acme-v02.api.letsencrypt.org/acme/new-acct",
  "newNonce": "https://acme-v02.api.letsencrypt.org/acme/new-nonce",
  "newOrder": "https://acme-v02.api.letsencrypt.org/acme/new-order",
  "renewalInfo": "https://acme-v02.api.letsencrypt.org/acme/renewal-info",
  "revokeCert": "https://acme-v02.api.letsencrypt.org/acme/revoke-cert"
}
2026-05-16 03:13:11,643:DEBUG:certbot._internal.display.obj:Notifying user: Requesting a certificate for aildev.com.tr and www.aildev.com.tr
2026-05-16 03:13:11,644:DEBUG:acme.client:Requesting fresh nonce
2026-05-16 03:13:11,644:DEBUG:acme.client:Sending HEAD request to https://acme-v02.api.letsencrypt.org/acme/new-nonce.
2026-05-16 03:13:11,820:DEBUG:urllib3.connectionpool:https://acme-v02.api.letsencrypt.org:443 "HEAD /acme/new-nonce HTTP/1.1" 200 0
2026-05-16 03:13:11,820:DEBUG:acme.client:Received response:
HTTP 200
Server: nginx
Date: Sat, 16 May 2026 00:13:11 GMT
Connection: keep-alive
Cache-Control: public, max-age=0, no-cache
Link: <https://acme-v02.api.letsencrypt.org/directory>;rel="index"
Replay-Nonce: xoZfuRf-3pfVhtM8S86zqAEHzLYyHktFaRIh-KrGpniLNV_jl9Q
X-Frame-Options: DENY
Strict-Transport-Security: max-age=604800


2026-05-16 03:13:11,820:DEBUG:acme.client:Storing nonce: xoZfuRf-3pfVhtM8S86zqAEHzLYyHktFaRIh-KrGpniLNV_jl9Q
2026-05-16 03:13:11,820:DEBUG:acme.client:JWS payload:
b'{\n  "identifiers": [\n    {\n      "type": "dns",\n      "value": "aildev.com.tr"\n    },\n    {\n      "type": "dns",\n      "value": "www.aildev.com.tr"\n    }\n  ]\n}'
2026-05-16 03:13:11,823:DEBUG:acme.client:Sending POST request to https://acme-v02.api.letsencrypt.org/acme/new-order:
{
  "protected": "eyJhbGciOiAiUlMyNTYiLCAia2lkIjogImh0dHBzOi8vYWNtZS12MDIuYXBpLmxldHNlbmNyeXB0Lm9yZy9hY21lL2FjY3QvMzMzNTk3NTE0NiIsICJub25jZSI6ICJ4b1pmdVJmLTNwZlZodE04Uzg2enFBRUh6TFl5SGt0RmFSSWgtS3JHcG5pTE5WX2psOVEiLCAidXJsIjogImh0dHBzOi8vYWNtZS12MDIuYXBpLmxldHNlbmNyeXB0Lm9yZy9hY21lL25ldy1vcmRlciJ9",
  "signature": "a4wGmyrLhZOtbNQ9_AfiZsRAlo0O1LFlx1GOpckmKU0PQxCeG1ostk-LdbXLTFddvLGa0H4sKmaoJwrhFMPaWOmWW7p1dakKAEmKbeAn7xJIxC71-ui1feaTmu8zlxQCsSIfZh86SPAgOS846EGaFuDpWyy7_EqQ3P2LznVIyhMNr22hbpS-vN7PTdQ9yH7cDoALW1IVz_LJ7z2L7Xebcon_dK3KnlkA0NoovN1zTsc0RMogZTIkAmfMKG7yzvpSpUBDhvP7OlwOj_liT6mlwnDkCZ_-2UTOP-dHSFu9H5BlykO6mvq6d6ZWbPQJvQBSVfZ_tTYjkTz9AKsMJmiMNQ",
  "payload": "ewogICJpZGVudGlmaWVycyI6IFsKICAgIHsKICAgICAgInR5cGUiOiAiZG5zIiwKICAgICAgInZhbHVlIjogImFpbGRldi5jb20udHIiCiAgICB9LAogICAgewogICAgICAidHlwZSI6ICJkbnMiLAogICAgICAidmFsdWUiOiAid3d3LmFpbGRldi5jb20udHIiCiAgICB9CiAgXQp9"
}
2026-05-16 03:13:12,085:DEBUG:urllib3.connectionpool:https://acme-v02.api.letsencrypt.org:443 "POST /acme/new-order HTTP/1.1" 201 495
2026-05-16 03:13:12,086:DEBUG:acme.client:Received response:
HTTP 201
Server: nginx
Date: Sat, 16 May 2026 00:13:11 GMT
Content-Type: application/json
Content-Length: 495
Connection: keep-alive
Boulder-Requester: 3335975146
Cache-Control: public, max-age=0, no-cache
Link: <https://acme-v02.api.letsencrypt.org/directory>;rel="index"
Location: https://acme-v02.api.letsencrypt.org/acme/order/3335975146/511282745526
Replay-Nonce: CqJAX5X9J3YigNqf1ErrN89IP7R1MuWxrylSBUZUZddnMBuznMs
X-Frame-Options: DENY
Strict-Transport-Security: max-age=604800

{
  "status": "pending",
  "expires": "2026-05-23T00:13:11Z",
  "identifiers": [
    {
      "type": "dns",
      "value": "aildev.com.tr"
    },
    {
      "type": "dns",
      "value": "www.aildev.com.tr"
    }
  ],
  "authorizations": [
    "https://acme-v02.api.letsencrypt.org/acme/authz/3335975146/704889901976",
    "https://acme-v02.api.letsencrypt.org/acme/authz/3335975146/704889901986"
  ],
  "finalize": "https://acme-v02.api.letsencrypt.org/acme/finalize/3335975146/511282745526"
}
2026-05-16 03:13:12,086:DEBUG:acme.client:Storing nonce: CqJAX5X9J3YigNqf1ErrN89IP7R1MuWxrylSBUZUZddnMBuznMs
2026-05-16 03:13:12,086:DEBUG:acme.client:JWS payload:
b''
2026-05-16 03:13:12,087:DEBUG:acme.client:Sending POST request to https://acme-v02.api.letsencrypt.org/acme/authz/3335975146/704889901976:
{
  "protected": "eyJhbGciOiAiUlMyNTYiLCAia2lkIjogImh0dHBzOi8vYWNtZS12MDIuYXBpLmxldHNlbmNyeXB0Lm9yZy9hY21lL2FjY3QvMzMzNTk3NTE0NiIsICJub25jZSI6ICJDcUpBWDVYOUozWWlnTnFmMUVyck44OUlQN1IxTXVXeHJ5bFNCVVpVWmRkbk1CdXpuTXMiLCAidXJsIjogImh0dHBzOi8vYWNtZS12MDIuYXBpLmxldHNlbmNyeXB0Lm9yZy9hY21lL2F1dGh6LzMzMzU5NzUxNDYvNzA0ODg5OTAxOTc2In0",
  "signature": "lgfDUUEGC8nq-g7a_AdCeoYsWk-K6Tvro2yKyysHtslFddVO5LAfIB6xpD7ey1ZT3RDN7UT6DD0wEs1jQXOny9Zxfc5lKQ8QS-sUnBGI3YQO4lOuRhTFlTdtVJ4XO2V_B_vKFRVoh1a6rSfSCOdLQw7M7ChovErK55LCBauXJq3QNhYX2rk-N2xPc0NWiq4fmTu7CWKaFD2sX3nUeB7g3gneExfpuwvr3SrKLBD0amHvVuXI99JorvG-ubTFdC-njIkUHsTyRWwcEEf5_7tg5Y_Zza45GLCHrueqc4ejVE_efQQlUA9bh8uY_Icw1c1BPssAyJYdd7dOvAYWU8sjRg",
  "payload": ""
}
2026-05-16 03:13:12,265:DEBUG:urllib3.connectionpool:https://acme-v02.api.letsencrypt.org:443 "POST /acme/authz/3335975146/704889901976 HTTP/1.1" 200 821
2026-05-16 03:13:12,265:DEBUG:acme.client:Received response:
HTTP 200
Server: nginx
Date: Sat, 16 May 2026 00:13:12 GMT
Content-Type: application/json
Content-Length: 821
Connection: keep-alive
Boulder-Requester: 3335975146
Cache-Control: public, max-age=0, no-cache
Link: <https://acme-v02.api.letsencrypt.org/directory>;rel="index"
Replay-Nonce: CqJAX5X9Q-zzkbnAYNopvpYJ-BRuh5-w85IfIuULKNmUj1YWH_w
X-Frame-Options: DENY
Strict-Transport-Security: max-age=604800

{
  "identifier": {
    "type": "dns",
    "value": "aildev.com.tr"
  },
  "status": "pending",
  "expires": "2026-05-23T00:13:11Z",
  "challenges": [
    {
      "type": "tls-alpn-01",
      "url": "https://acme-v02.api.letsencrypt.org/acme/chall/3335975146/704889901976/Dc1bnQ",
      "status": "pending",
      "token": "-yskuINh99AFFYLbboO2TIYfNnOlyJu1EEF5sMO7LFI"
    },
    {
      "type": "dns-01",
      "url": "https://acme-v02.api.letsencrypt.org/acme/chall/3335975146/704889901976/NNdkFw",
      "status": "pending",
      "token": "-yskuINh99AFFYLbboO2TIYfNnOlyJu1EEF5sMO7LFI"
    },
    {
      "type": "http-01",
      "url": "https://acme-v02.api.letsencrypt.org/acme/chall/3335975146/704889901976/oV0ZnQ",
      "status": "pending",
      "token": "-yskuINh99AFFYLbboO2TIYfNnOlyJu1EEF5sMO7LFI"
    }
  ]
}
2026-05-16 03:13:12,265:DEBUG:acme.client:Storing nonce: CqJAX5X9Q-zzkbnAYNopvpYJ-BRuh5-w85IfIuULKNmUj1YWH_w
2026-05-16 03:13:12,266:DEBUG:acme.client:JWS payload:
b''
2026-05-16 03:13:12,267:DEBUG:acme.client:Sending POST request to https://acme-v02.api.letsencrypt.org/acme/authz/3335975146/704889901986:
{
  "protected": "eyJhbGciOiAiUlMyNTYiLCAia2lkIjogImh0dHBzOi8vYWNtZS12MDIuYXBpLmxldHNlbmNyeXB0Lm9yZy9hY21lL2FjY3QvMzMzNTk3NTE0NiIsICJub25jZSI6ICJDcUpBWDVYOVEtenprYm5BWU5vcHZwWUotQlJ1aDUtdzg1SWZJdVVMS05tVWoxWVdIX3ciLCAidXJsIjogImh0dHBzOi8vYWNtZS12MDIuYXBpLmxldHNlbmNyeXB0Lm9yZy9hY21lL2F1dGh6LzMzMzU5NzUxNDYvNzA0ODg5OTAxOTg2In0",
  "signature": "PRF30O3srwaj-MbITaYhUp-3s6JiMnI_CZaNn0t1maOBTbD4TMguaugrMVLUtFJ3wSrhKyhgYxitnjzOh72hgkY4tsIvJ4jRJjioD7fLAmXdVsLg3bUQiSKsc3FbYpGKQoyvWquRiGLMP85K6u0vSc4tmEK8rqIX-kdAH4q4pgYC6snudOhLJ5PlblFdgRhPQNzfrupppAo6t1EpWlE8z_6E5wSjW3cz2fCHfuJDABm88cV_BYBZlYfKqoxYJRhaRhS3agDFu81Pjy3IEBmEEQfyv31PafcK7chuYIhq4KU9JFaxlSpJ_qD7GUNZ4jsAEte6QNn4pcXbgo_bqz8jVA",
  "payload": ""
}
2026-05-16 03:13:12,446:DEBUG:urllib3.connectionpool:https://acme-v02.api.letsencrypt.org:443 "POST /acme/authz/3335975146/704889901986 HTTP/1.1" 200 825
2026-05-16 03:13:12,446:DEBUG:acme.client:Received response:
HTTP 200
Server: nginx
Date: Sat, 16 May 2026 00:13:12 GMT
Content-Type: application/json
Content-Length: 825
Connection: keep-alive
Boulder-Requester: 3335975146
Cache-Control: public, max-age=0, no-cache
Link: <https://acme-v02.api.letsencrypt.org/directory>;rel="index"
Replay-Nonce: xoZfuRf-DO1b7GFIGdBVge-01fRRA0Zi571sIceZ1sbYO3cWXGM
X-Frame-Options: DENY
Strict-Transport-Security: max-age=604800

{
  "identifier": {
    "type": "dns",
    "value": "www.aildev.com.tr"
  },
  "status": "pending",
  "expires": "2026-05-23T00:13:11Z",
  "challenges": [
    {
      "type": "dns-01",
      "url": "https://acme-v02.api.letsencrypt.org/acme/chall/3335975146/704889901986/u3nprg",
      "status": "pending",
      "token": "yzZCMyc-4h5c_Xz3T2u2InPRQ2pQUOHmqn9TbCeQU2k"
    },
    {
      "type": "tls-alpn-01",
      "url": "https://acme-v02.api.letsencrypt.org/acme/chall/3335975146/704889901986/1OxWuA",
      "status": "pending",
      "token": "yzZCMyc-4h5c_Xz3T2u2InPRQ2pQUOHmqn9TbCeQU2k"
    },
    {
      "type": "http-01",
      "url": "https://acme-v02.api.letsencrypt.org/acme/chall/3335975146/704889901986/1FbYLg",
      "status": "pending",
      "token": "yzZCMyc-4h5c_Xz3T2u2InPRQ2pQUOHmqn9TbCeQU2k"
    }
  ]
}
2026-05-16 03:13:12,446:DEBUG:acme.client:Storing nonce: xoZfuRf-DO1b7GFIGdBVge-01fRRA0Zi571sIceZ1sbYO3cWXGM
2026-05-16 03:13:12,446:INFO:certbot._internal.auth_handler:Performing the following challenges:
2026-05-16 03:13:12,447:INFO:certbot._internal.auth_handler:http-01 challenge for aildev.com.tr
2026-05-16 03:13:12,447:INFO:certbot._internal.auth_handler:http-01 challenge for www.aildev.com.tr
2026-05-16 03:13:12,456:DEBUG:certbot_nginx._internal.http_01:Generated server block:
[]
2026-05-16 03:13:12,456:DEBUG:certbot.reverter:Creating backup of /etc/nginx/mime.types
2026-05-16 03:13:12,457:DEBUG:certbot.reverter:Creating backup of /etc/nginx/nginx.conf
2026-05-16 03:13:12,457:DEBUG:certbot.reverter:Creating backup of /etc/nginx/conf.d/aildev.com.tr.conf
2026-05-16 03:13:12,458:DEBUG:certbot_nginx._internal.parser:Writing nginx conf tree to /etc/nginx/nginx.conf:
# For more information on configuration, see:
#   * Official English Documentation: http://nginx.org/en/docs/
#   * Official Russian Documentation: http://nginx.org/ru/docs/

user nginx;
worker_processes auto;
error_log /var/log/nginx/error.log;
pid /run/nginx.pid;

# Load dynamic modules. See /usr/share/doc/nginx/README.dynamic.
include /usr/share/nginx/modules/*.conf;

events {
    worker_connections 1024;
}

http {
server_names_hash_bucket_size 128;
include /etc/letsencrypt/le_http_01_cert_challenge.conf;
    log_format  main  '$remote_addr - $remote_user [$time_local] "$request" '
                      '$status $body_bytes_sent "$http_referer" '
                      '"$http_user_agent" "$http_x_forwarded_for"';

    access_log  /var/log/nginx/access.log  main;

    sendfile            on;
    tcp_nopush          on;
    tcp_nodelay         on;
    keepalive_timeout   65;
    types_hash_max_size 4096;

    include             /etc/nginx/mime.types;
    default_type        application/octet-stream;

    # Load modular configuration files from the /etc/nginx/conf.d directory.
    # See http://nginx.org/en/docs/ngx_core_module.html#include
    # for more information.
    include /etc/nginx/conf.d/*.conf;

    server {
        listen       80;
        listen       [::]:80;
        server_name  _;
        root         /usr/share/nginx/html;

        # Load configuration files for the default server block.
        include /etc/nginx/default.d/*.conf;

        error_page 404 /404.html;
        location = /404.html {
        }

        error_page 500 502 503 504 /50x.html;
        location = /50x.html {
        }
    }

# Settings for a TLS enabled server.
#
#    server {
#        listen       443 ssl http2;
#        listen       [::]:443 ssl http2;
#        server_name  _;
#        root         /usr/share/nginx/html;
#
#        ssl_certificate "/etc/pki/nginx/server.crt";
#        ssl_certificate_key "/etc/pki/nginx/private/server.key";
#        ssl_session_cache shared:SSL:1m;
#        ssl_session_timeout  10m;
#        ssl_ciphers PROFILE=SYSTEM;
#        ssl_prefer_server_ciphers on;
#
#        # Load configuration files for the default server block.
#        include /etc/nginx/default.d/*.conf;
#
#        error_page 404 /404.html;
#            location = /40x.html {
#        }
#
#        error_page 500 502 503 504 /50x.html;
#            location = /50x.html {
#        }
#    }

}


2026-05-16 03:13:12,459:DEBUG:certbot_nginx._internal.parser:Writing nginx conf tree to /etc/nginx/conf.d/aildev.com.tr.conf:
server {rewrite ^(/.well-known/acme-challenge/.*) $1 break; # managed by Certbot

rewrite ^(/.well-known/acme-challenge/.*) $1 break; # managed by Certbot


	listen 80;
	server_name aildev.com.tr www.aildev.com.tr;
	root /var/www/aildev.com.tr/public_html;
	index index.html;
location = /.well-known/acme-challenge/-yskuINh99AFFYLbboO2TIYfNnOlyJu1EEF5sMO7LFI{default_type text/plain;return 200 -yskuINh99AFFYLbboO2TIYfNnOlyJu1EEF5sMO7LFI.xdposO9b9Wh_xtPi8Sv_WipAv9HlWmCZhJFBxeXjIWY;} # managed by Certbot

location = /.well-known/acme-challenge/yzZCMyc-4h5c_Xz3T2u2InPRQ2pQUOHmqn9TbCeQU2k{default_type text/plain;return 200 yzZCMyc-4h5c_Xz3T2u2InPRQ2pQUOHmqn9TbCeQU2k.xdposO9b9Wh_xtPi8Sv_WipAv9HlWmCZhJFBxeXjIWY;} # managed by Certbot

}

2026-05-16 03:13:13,466:DEBUG:acme.client:JWS payload:
b'{}'
2026-05-16 03:13:13,468:DEBUG:acme.client:Sending POST request to https://acme-v02.api.letsencrypt.org/acme/chall/3335975146/704889901976/oV0ZnQ:
{
  "protected": "eyJhbGciOiAiUlMyNTYiLCAia2lkIjogImh0dHBzOi8vYWNtZS12MDIuYXBpLmxldHNlbmNyeXB0Lm9yZy9hY21lL2FjY3QvMzMzNTk3NTE0NiIsICJub25jZSI6ICJ4b1pmdVJmLURPMWI3R0ZJR2RCVmdlLTAxZlJSQTBaaTU3MXNJY2VaMXNiWU8zY1dYR00iLCAidXJsIjogImh0dHBzOi8vYWNtZS12MDIuYXBpLmxldHNlbmNyeXB0Lm9yZy9hY21lL2NoYWxsLzMzMzU5NzUxNDYvNzA0ODg5OTAxOTc2L29WMFpuUSJ9",
  "signature": "iYk0MeP3a18h-VFXzdezrOCivP3L_Pgz-hv-1DcnhcGQxzMPd17L9lHkCi8GbTZFJPogtL8dwOhMU1Blax4QaLFFkRy9EhhhCAL5hnJAGlkLFgvr9FdmhRYFyJyYv160bT_jKwvc_DNgmHaG4FnKJz9ACwAaZYagEA-MwtsPwDHj2N8nERB8EGm4MuGJaMML-bGGdBeROEie1IDYMrVBUCBqyCG9fJfbHy_FyuthC3VPNSi3HEUzLrQB-TUL92LWKcPumUJaQOtVVCiT-wGy3sAk0ShPbGVe3RrDE0eFBfMKHhFSsnIM_cHkosnCW-LihxIX5OyyTGkYbuQTx3U0eA",
  "payload": "e30"
}
2026-05-16 03:13:13,650:DEBUG:urllib3.connectionpool:https://acme-v02.api.letsencrypt.org:443 "POST /acme/chall/3335975146/704889901976/oV0ZnQ HTTP/1.1" 200 195
2026-05-16 03:13:13,650:DEBUG:acme.client:Received response:
HTTP 200
Server: nginx
Date: Sat, 16 May 2026 00:13:13 GMT
Content-Type: application/json
Content-Length: 195
Connection: keep-alive
Boulder-Requester: 3335975146
Cache-Control: public, max-age=0, no-cache
Link: <https://acme-v02.api.letsencrypt.org/directory>;rel="index", <https://acme-v02.api.letsencrypt.org/acme/authz/3335975146/704889901976>;rel="up"
Location: https://acme-v02.api.letsencrypt.org/acme/chall/3335975146/704889901976/oV0ZnQ
Replay-Nonce: CqJAX5X9-vMMfPIstQ3SOzRxaxNQT5zC7bQWKdUHaKybKlR2R-4
X-Frame-Options: DENY
Strict-Transport-Security: max-age=604800

{
  "type": "http-01",
  "url": "https://acme-v02.api.letsencrypt.org/acme/chall/3335975146/704889901976/oV0ZnQ",
  "status": "pending",
  "token": "-yskuINh99AFFYLbboO2TIYfNnOlyJu1EEF5sMO7LFI"
}
2026-05-16 03:13:13,650:DEBUG:acme.client:Storing nonce: CqJAX5X9-vMMfPIstQ3SOzRxaxNQT5zC7bQWKdUHaKybKlR2R-4
2026-05-16 03:13:13,651:DEBUG:acme.client:JWS payload:
b'{}'
2026-05-16 03:13:13,652:DEBUG:acme.client:Sending POST request to https://acme-v02.api.letsencrypt.org/acme/chall/3335975146/704889901986/1FbYLg:
{
  "protected": "eyJhbGciOiAiUlMyNTYiLCAia2lkIjogImh0dHBzOi8vYWNtZS12MDIuYXBpLmxldHNlbmNyeXB0Lm9yZy9hY21lL2FjY3QvMzMzNTk3NTE0NiIsICJub25jZSI6ICJDcUpBWDVYOS12TU1mUElzdFEzU096UnhheE5RVDV6QzdiUVdLZFVIYUt5YktsUjJSLTQiLCAidXJsIjogImh0dHBzOi8vYWNtZS12MDIuYXBpLmxldHNlbmNyeXB0Lm9yZy9hY21lL2NoYWxsLzMzMzU5NzUxNDYvNzA0ODg5OTAxOTg2LzFGYllMZyJ9",
  "signature": "DrkaQw1M5AehdWZoBjLolXJkJeKpBhQEz6sDWjaZ7MSOeCAYUJVKLcAcJ_v1kOje5ojNDO_SdYiHxXpJLaQd8DRJq6PdYyUJZ0UwvmI2xY2NacealZFqX-dNTRpb0O8TdpJsoF3RychaqYNOFPi0r5qbVpokdIE2hIcAsOcvHziVwX3cXa3QlGohP8geyhjHizoV4ZcUr6uKTS-Z9Snf7v0QV1A8vzACopyN0-aS9W9Lx2_BRrlSN9TZFpZXjTmfsHYDSu1VG4Vv9gT_CqPWNr26cEBZ0N0vtnYLvZ3j_8TGObxILIm3M79V0wTElsR47iAXfIC0VOS-MXEM5EOrog",
  "payload": "e30"
}
2026-05-16 03:13:13,831:DEBUG:urllib3.connectionpool:https://acme-v02.api.letsencrypt.org:443 "POST /acme/chall/3335975146/704889901986/1FbYLg HTTP/1.1" 200 195
2026-05-16 03:13:13,831:DEBUG:acme.client:Received response:
HTTP 200
Server: nginx
Date: Sat, 16 May 2026 00:13:13 GMT
Content-Type: application/json
Content-Length: 195
Connection: keep-alive
Boulder-Requester: 3335975146
Cache-Control: public, max-age=0, no-cache
Link: <https://acme-v02.api.letsencrypt.org/directory>;rel="index", <https://acme-v02.api.letsencrypt.org/acme/authz/3335975146/704889901986>;rel="up"
Location: https://acme-v02.api.letsencrypt.org/acme/chall/3335975146/704889901986/1FbYLg
Replay-Nonce: CqJAX5X9tHs3ZUKDgbTnpIL1jFs_F-BGIo7HTuU_rreDxcIuUpc
X-Frame-Options: DENY
Strict-Transport-Security: max-age=604800

{
  "type": "http-01",
  "url": "https://acme-v02.api.letsencrypt.org/acme/chall/3335975146/704889901986/1FbYLg",
  "status": "pending",
  "token": "yzZCMyc-4h5c_Xz3T2u2InPRQ2pQUOHmqn9TbCeQU2k"
}
2026-05-16 03:13:13,832:DEBUG:acme.client:Storing nonce: CqJAX5X9tHs3ZUKDgbTnpIL1jFs_F-BGIo7HTuU_rreDxcIuUpc
2026-05-16 03:13:13,832:INFO:certbot._internal.auth_handler:Waiting for verification...
2026-05-16 03:13:14,833:DEBUG:acme.client:JWS payload:
b''
2026-05-16 03:13:14,834:DEBUG:acme.client:Sending POST request to https://acme-v02.api.letsencrypt.org/acme/authz/3335975146/704889901976:
{
  "protected": "eyJhbGciOiAiUlMyNTYiLCAia2lkIjogImh0dHBzOi8vYWNtZS12MDIuYXBpLmxldHNlbmNyeXB0Lm9yZy9hY21lL2FjY3QvMzMzNTk3NTE0NiIsICJub25jZSI6ICJDcUpBWDVYOXRIczNaVUtEZ2JUbnBJTDFqRnNfRi1CR0lvN0hUdVVfcnJlRHhjSXVVcGMiLCAidXJsIjogImh0dHBzOi8vYWNtZS12MDIuYXBpLmxldHNlbmNyeXB0Lm9yZy9hY21lL2F1dGh6LzMzMzU5NzUxNDYvNzA0ODg5OTAxOTc2In0",
  "signature": "QU7_DhMzjhJGfvrfTdLiPRNVluf70MMd3HkzBcSjMeE2gHHT-XbClK438Lg9KIWGJlt-a_aR_VyQ_LREEo1NzgT1qwEDgRaDbp1vUBQyQ5XVt5jzVm_YmDIHjvcxsf2SHmZvuOyJ08ljgmtMFKLb6UE5xi420iVEVIP2aFG6YLuH3h1iI3C0Rir2Wb5mM6mgn7hwdf0edNcANVBQKcfqoCOIsJ9pchCsNz_FoDSjJ0-9EqVpUE6gqyZfdoE7bVTrrBw36UNas285MmZixGnfKIFrbDGoCyAPeenjK-kXdxUHOXKu4JobvV81r4k3XFQ8ByXB7_NnM3lWzMA1UQ6geQ",
  "payload": ""
}
2026-05-16 03:13:15,011:DEBUG:urllib3.connectionpool:https://acme-v02.api.letsencrypt.org:443 "POST /acme/authz/3335975146/704889901976 HTTP/1.1" 200 821
2026-05-16 03:13:15,012:DEBUG:acme.client:Received response:
HTTP 200
Server: nginx
Date: Sat, 16 May 2026 00:13:14 GMT
Content-Type: application/json
Content-Length: 821
Connection: keep-alive
Boulder-Requester: 3335975146
Cache-Control: public, max-age=0, no-cache
Link: <https://acme-v02.api.letsencrypt.org/directory>;rel="index"
Replay-Nonce: xoZfuRf-dADceWqJuexVuL7_ynuG02EnGi-EcO0N6ZTFKGfPqt8
X-Frame-Options: DENY
Strict-Transport-Security: max-age=604800

{
  "identifier": {
    "type": "dns",
    "value": "aildev.com.tr"
  },
  "status": "pending",
  "expires": "2026-05-23T00:13:11Z",
  "challenges": [
    {
      "type": "dns-01",
      "url": "https://acme-v02.api.letsencrypt.org/acme/chall/3335975146/704889901976/NNdkFw",
      "status": "pending",
      "token": "-yskuINh99AFFYLbboO2TIYfNnOlyJu1EEF5sMO7LFI"
    },
    {
      "type": "tls-alpn-01",
      "url": "https://acme-v02.api.letsencrypt.org/acme/chall/3335975146/704889901976/Dc1bnQ",
      "status": "pending",
      "token": "-yskuINh99AFFYLbboO2TIYfNnOlyJu1EEF5sMO7LFI"
    },
    {
      "type": "http-01",
      "url": "https://acme-v02.api.letsencrypt.org/acme/chall/3335975146/704889901976/oV0ZnQ",
      "status": "pending",
      "token": "-yskuINh99AFFYLbboO2TIYfNnOlyJu1EEF5sMO7LFI"
    }
  ]
}
2026-05-16 03:13:15,012:DEBUG:acme.client:Storing nonce: xoZfuRf-dADceWqJuexVuL7_ynuG02EnGi-EcO0N6ZTFKGfPqt8
2026-05-16 03:13:15,012:DEBUG:acme.client:JWS payload:
b''
2026-05-16 03:13:15,014:DEBUG:acme.client:Sending POST request to https://acme-v02.api.letsencrypt.org/acme/authz/3335975146/704889901986:
{
  "protected": "eyJhbGciOiAiUlMyNTYiLCAia2lkIjogImh0dHBzOi8vYWNtZS12MDIuYXBpLmxldHNlbmNyeXB0Lm9yZy9hY21lL2FjY3QvMzMzNTk3NTE0NiIsICJub25jZSI6ICJ4b1pmdVJmLWRBRGNlV3FKdWV4VnVMN195bnVHMDJFbkdpLUVjTzBONlpURktHZlBxdDgiLCAidXJsIjogImh0dHBzOi8vYWNtZS12MDIuYXBpLmxldHNlbmNyeXB0Lm9yZy9hY21lL2F1dGh6LzMzMzU5NzUxNDYvNzA0ODg5OTAxOTg2In0",
  "signature": "cicNOdKP9nM7BXeXeYRRaCfc8PDaCp-yGSuridB2jOZ24weFa7PH23aFl7hIjMfXHB4W_n_-0GsDxCbemg6a48I5tCy2Cp0wbvUErXrxOHz5Yq7k8FS5A8-OYO27uteeqFlSVQGSCcZCS6XftIEB1R69IdYHqVqHknt0a_3lDjkCYU1CYn4c9RLlE-H6ExzDsTZB5LMe9vv3wMv4diLnNh10Px79iLVy6PhTYoH0kSVLuR8k8qD7BaxQfAAvIiyfsFAqDAdGmhrQ1bzMv1oLqIUarCUlyLl2ZM8N5F0k49hXc5STsPwcL_JjwACrbQTdwZPZ3PGug3LhdChaUyljKA",
  "payload": ""
}
2026-05-16 03:13:15,193:DEBUG:urllib3.connectionpool:https://acme-v02.api.letsencrypt.org:443 "POST /acme/authz/3335975146/704889901986 HTTP/1.1" 200 825
2026-05-16 03:13:15,193:DEBUG:acme.client:Received response:
HTTP 200
Server: nginx
Date: Sat, 16 May 2026 00:13:15 GMT
Content-Type: application/json
Content-Length: 825
Connection: keep-alive
Boulder-Requester: 3335975146
Cache-Control: public, max-age=0, no-cache
Link: <https://acme-v02.api.letsencrypt.org/directory>;rel="index"
Replay-Nonce: CqJAX5X9-bkSNqVBAaOI0Z-XxZGBnij2m3BjkFZ32ZKveUFmAP8
X-Frame-Options: DENY
Strict-Transport-Security: max-age=604800

{
  "identifier": {
    "type": "dns",
    "value": "www.aildev.com.tr"
  },
  "status": "pending",
  "expires": "2026-05-23T00:13:11Z",
  "challenges": [
    {
      "type": "http-01",
      "url": "https://acme-v02.api.letsencrypt.org/acme/chall/3335975146/704889901986/1FbYLg",
      "status": "pending",
      "token": "yzZCMyc-4h5c_Xz3T2u2InPRQ2pQUOHmqn9TbCeQU2k"
    },
    {
      "type": "dns-01",
      "url": "https://acme-v02.api.letsencrypt.org/acme/chall/3335975146/704889901986/u3nprg",
      "status": "pending",
      "token": "yzZCMyc-4h5c_Xz3T2u2InPRQ2pQUOHmqn9TbCeQU2k"
    },
    {
      "type": "tls-alpn-01",
      "url": "https://acme-v02.api.letsencrypt.org/acme/chall/3335975146/704889901986/1OxWuA",
      "status": "pending",
      "token": "yzZCMyc-4h5c_Xz3T2u2InPRQ2pQUOHmqn9TbCeQU2k"
    }
  ]
}
2026-05-16 03:13:15,194:DEBUG:acme.client:Storing nonce: CqJAX5X9-bkSNqVBAaOI0Z-XxZGBnij2m3BjkFZ32ZKveUFmAP8
2026-05-16 03:13:18,197:DEBUG:acme.client:JWS payload:
b''
2026-05-16 03:13:18,198:DEBUG:acme.client:Sending POST request to https://acme-v02.api.letsencrypt.org/acme/authz/3335975146/704889901976:
{
  "protected": "eyJhbGciOiAiUlMyNTYiLCAia2lkIjogImh0dHBzOi8vYWNtZS12MDIuYXBpLmxldHNlbmNyeXB0Lm9yZy9hY21lL2FjY3QvMzMzNTk3NTE0NiIsICJub25jZSI6ICJDcUpBWDVYOS1ia1NOcVZCQWFPSTBaLVh4WkdCbmlqMm0zQmprRlozMlpLdmVVRm1BUDgiLCAidXJsIjogImh0dHBzOi8vYWNtZS12MDIuYXBpLmxldHNlbmNyeXB0Lm9yZy9hY21lL2F1dGh6LzMzMzU5NzUxNDYvNzA0ODg5OTAxOTc2In0",
  "signature": "NaPHQBKfltECmII2sheR2UPatEgRD0P_QyJ3JmXovjcM-CAfWXFCghnGR_I4j9w9vJDx4cdjVuSldLu5XvwSDQf8dzGvJgo1hYiwjeEEnt3TxCkTVboD3oe-9xbu5GkLLgiIyvsXjS7VChVwxOiXWoFsiNdzheCiKRe2-Phwrc1Wv2dkioCNYG4hlf8XxccTRLDrFrviRIiY7X945J0Pf6mm40ZnDIkgXGlsySME-6HaLimZIZQ71xaBfe51zT4mJEH2n855C5JwQR5RWGQThF7_haZ2bcUvXafNrk6as1ezOsX5efesnIU_byCJrhTxKcJAMOg-93SxebiDaspUEQ",
  "payload": ""
}
2026-05-16 03:13:18,376:DEBUG:urllib3.connectionpool:https://acme-v02.api.letsencrypt.org:443 "POST /acme/authz/3335975146/704889901976 HTTP/1.1" 200 821
2026-05-16 03:13:18,376:DEBUG:acme.client:Received response:
HTTP 200
Server: nginx
Date: Sat, 16 May 2026 00:13:18 GMT
Content-Type: application/json
Content-Length: 821
Connection: keep-alive
Boulder-Requester: 3335975146
Cache-Control: public, max-age=0, no-cache
Link: <https://acme-v02.api.letsencrypt.org/directory>;rel="index"
Replay-Nonce: xoZfuRf-SaekFVQWvc1UNwXLaIHu2pCBlMzWChyWJKLVn7tujf4
X-Frame-Options: DENY
Strict-Transport-Security: max-age=604800

{
  "identifier": {
    "type": "dns",
    "value": "aildev.com.tr"
  },
  "status": "pending",
  "expires": "2026-05-23T00:13:11Z",
  "challenges": [
    {
      "type": "http-01",
      "url": "https://acme-v02.api.letsencrypt.org/acme/chall/3335975146/704889901976/oV0ZnQ",
      "status": "pending",
      "token": "-yskuINh99AFFYLbboO2TIYfNnOlyJu1EEF5sMO7LFI"
    },
    {
      "type": "dns-01",
      "url": "https://acme-v02.api.letsencrypt.org/acme/chall/3335975146/704889901976/NNdkFw",
      "status": "pending",
      "token": "-yskuINh99AFFYLbboO2TIYfNnOlyJu1EEF5sMO7LFI"
    },
    {
      "type": "tls-alpn-01",
      "url": "https://acme-v02.api.letsencrypt.org/acme/chall/3335975146/704889901976/Dc1bnQ",
      "status": "pending",
      "token": "-yskuINh99AFFYLbboO2TIYfNnOlyJu1EEF5sMO7LFI"
    }
  ]
}
2026-05-16 03:13:18,376:DEBUG:acme.client:Storing nonce: xoZfuRf-SaekFVQWvc1UNwXLaIHu2pCBlMzWChyWJKLVn7tujf4
2026-05-16 03:13:18,377:DEBUG:acme.client:JWS payload:
b''
2026-05-16 03:13:18,378:DEBUG:acme.client:Sending POST request to https://acme-v02.api.letsencrypt.org/acme/authz/3335975146/704889901986:
{
  "protected": "eyJhbGciOiAiUlMyNTYiLCAia2lkIjogImh0dHBzOi8vYWNtZS12MDIuYXBpLmxldHNlbmNyeXB0Lm9yZy9hY21lL2FjY3QvMzMzNTk3NTE0NiIsICJub25jZSI6ICJ4b1pmdVJmLVNhZWtGVlFXdmMxVU53WExhSUh1MnBDQmxNeldDaHlXSktMVm43dHVqZjQiLCAidXJsIjogImh0dHBzOi8vYWNtZS12MDIuYXBpLmxldHNlbmNyeXB0Lm9yZy9hY21lL2F1dGh6LzMzMzU5NzUxNDYvNzA0ODg5OTAxOTg2In0",
  "signature": "kNlBJZcq4r_fago62of-ninUzN3CQGt_bMDw7nTVDNaFbfUzeVwDMpyE3rmk1hYLBOAvl_ZVyYQJ6thi0zObOafRrIHJBjL6NlOjOl84OU4ROu8J6iykdLNHW2RE2PXSiGVC0CpFflLO3h6cuB5LSQl_Y7coS-sgaWuqdNWJ0Oi_e1cEXtWUyLL_NkxF81GTOiaW9iTNfAnb6kliyR3DsHD4Xrft8LggkZgmiNG4B30Yxv8XN8UF_ovK8G8qLq5e-blGhoFo-E2iqAdGwzeSrjFSkrQXcn82_JEQGXa-FNKeWcj-jgA3csmnIowBiWtdZURKvqtP6V4yd5WB6XuzqA",
  "payload": ""
}
2026-05-16 03:13:18,556:DEBUG:urllib3.connectionpool:https://acme-v02.api.letsencrypt.org:443 "POST /acme/authz/3335975146/704889901986 HTTP/1.1" 200 825
2026-05-16 03:13:18,556:DEBUG:acme.client:Received response:
HTTP 200
Server: nginx
Date: Sat, 16 May 2026 00:13:18 GMT
Content-Type: application/json
Content-Length: 825
Connection: keep-alive
Boulder-Requester: 3335975146
Cache-Control: public, max-age=0, no-cache
Link: <https://acme-v02.api.letsencrypt.org/directory>;rel="index"
Replay-Nonce: CqJAX5X9RqwKAIiTS3w3xzXsdwWFkjlfF2FcDEe2ouK5QSeV5Yw
X-Frame-Options: DENY
Strict-Transport-Security: max-age=604800

{
  "identifier": {
    "type": "dns",
    "value": "www.aildev.com.tr"
  },
  "status": "pending",
  "expires": "2026-05-23T00:13:11Z",
  "challenges": [
    {
      "type": "dns-01",
      "url": "https://acme-v02.api.letsencrypt.org/acme/chall/3335975146/704889901986/u3nprg",
      "status": "pending",
      "token": "yzZCMyc-4h5c_Xz3T2u2InPRQ2pQUOHmqn9TbCeQU2k"
    },
    {
      "type": "tls-alpn-01",
      "url": "https://acme-v02.api.letsencrypt.org/acme/chall/3335975146/704889901986/1OxWuA",
      "status": "pending",
      "token": "yzZCMyc-4h5c_Xz3T2u2InPRQ2pQUOHmqn9TbCeQU2k"
    },
    {
      "type": "http-01",
      "url": "https://acme-v02.api.letsencrypt.org/acme/chall/3335975146/704889901986/1FbYLg",
      "status": "pending",
      "token": "yzZCMyc-4h5c_Xz3T2u2InPRQ2pQUOHmqn9TbCeQU2k"
    }
  ]
}
2026-05-16 03:13:18,556:DEBUG:acme.client:Storing nonce: CqJAX5X9RqwKAIiTS3w3xzXsdwWFkjlfF2FcDEe2ouK5QSeV5Yw
2026-05-16 03:13:21,559:DEBUG:acme.client:JWS payload:
b''
2026-05-16 03:13:21,561:DEBUG:acme.client:Sending POST request to https://acme-v02.api.letsencrypt.org/acme/authz/3335975146/704889901976:
{
  "protected": "eyJhbGciOiAiUlMyNTYiLCAia2lkIjogImh0dHBzOi8vYWNtZS12MDIuYXBpLmxldHNlbmNyeXB0Lm9yZy9hY21lL2FjY3QvMzMzNTk3NTE0NiIsICJub25jZSI6ICJDcUpBWDVYOVJxd0tBSWlUUzN3M3h6WHNkd1dGa2psZkYyRmNERWUyb3VLNVFTZVY1WXciLCAidXJsIjogImh0dHBzOi8vYWNtZS12MDIuYXBpLmxldHNlbmNyeXB0Lm9yZy9hY21lL2F1dGh6LzMzMzU5NzUxNDYvNzA0ODg5OTAxOTc2In0",
  "signature": "Kq96xHiI5YGtoITWA8sLhdgWYuOcapkdWGn-72EODTH_a60G5Q5YtWnoI6Holc4K_ptzTmkG7SsMf63oAsAe7fJfXCTXBM9-gf42jfHGSG7smRo3KXNE0kc5RU-yNqn_arAHySG4A3GlG14AXADUtgKpqnmT3Bp3s44MXtX7vcPl5Y22Yy7tANAf0I_41RI6Py8OFX1bPgddJD6dEMe9K3Wtwh5No73dmSEg_h3Y8TyrZpghF2JuYT2wDK8HMP7_xg440yVtw4nvL2OclRR3SBktQCGPkCI_e5BGz_yBoxjpa-FY-IhB8Ekn5uAqcU3S-4GvGJkmj_yjhewBWi4L8g",
  "payload": ""
}
2026-05-16 03:13:21,738:DEBUG:urllib3.connectionpool:https://acme-v02.api.letsencrypt.org:443 "POST /acme/authz/3335975146/704889901976 HTTP/1.1" 200 821
2026-05-16 03:13:21,739:DEBUG:acme.client:Received response:
HTTP 200
Server: nginx
Date: Sat, 16 May 2026 00:13:21 GMT
Content-Type: application/json
Content-Length: 821
Connection: keep-alive
Boulder-Requester: 3335975146
Cache-Control: public, max-age=0, no-cache
Link: <https://acme-v02.api.letsencrypt.org/directory>;rel="index"
Replay-Nonce: CqJAX5X9t_GYVV0TZnNwOyNnLdHjRVx50QBYwpWLlzjPU_20b4Y
X-Frame-Options: DENY
Strict-Transport-Security: max-age=604800

{
  "identifier": {
    "type": "dns",
    "value": "aildev.com.tr"
  },
  "status": "pending",
  "expires": "2026-05-23T00:13:11Z",
  "challenges": [
    {
      "type": "dns-01",
      "url": "https://acme-v02.api.letsencrypt.org/acme/chall/3335975146/704889901976/NNdkFw",
      "status": "pending",
      "token": "-yskuINh99AFFYLbboO2TIYfNnOlyJu1EEF5sMO7LFI"
    },
    {
      "type": "tls-alpn-01",
      "url": "https://acme-v02.api.letsencrypt.org/acme/chall/3335975146/704889901976/Dc1bnQ",
      "status": "pending",
      "token": "-yskuINh99AFFYLbboO2TIYfNnOlyJu1EEF5sMO7LFI"
    },
    {
      "type": "http-01",
      "url": "https://acme-v02.api.letsencrypt.org/acme/chall/3335975146/704889901976/oV0ZnQ",
      "status": "pending",
      "token": "-yskuINh99AFFYLbboO2TIYfNnOlyJu1EEF5sMO7LFI"
    }
  ]
}
2026-05-16 03:13:21,739:DEBUG:acme.client:Storing nonce: CqJAX5X9t_GYVV0TZnNwOyNnLdHjRVx50QBYwpWLlzjPU_20b4Y
2026-05-16 03:13:21,739:DEBUG:acme.client:JWS payload:
b''
2026-05-16 03:13:21,740:DEBUG:acme.client:Sending POST request to https://acme-v02.api.letsencrypt.org/acme/authz/3335975146/704889901986:
{
  "protected": "eyJhbGciOiAiUlMyNTYiLCAia2lkIjogImh0dHBzOi8vYWNtZS12MDIuYXBpLmxldHNlbmNyeXB0Lm9yZy9hY21lL2FjY3QvMzMzNTk3NTE0NiIsICJub25jZSI6ICJDcUpBWDVYOXRfR1lWVjBUWm5Od095Tm5MZEhqUlZ4NTBRQll3cFdMbHpqUFVfMjBiNFkiLCAidXJsIjogImh0dHBzOi8vYWNtZS12MDIuYXBpLmxldHNlbmNyeXB0Lm9yZy9hY21lL2F1dGh6LzMzMzU5NzUxNDYvNzA0ODg5OTAxOTg2In0",
  "signature": "QWFte__PgGj-mzecIbx5YIG8QFBZ9paLe_xfjWN1lFbQdpGVMoyyYBkyzYdDudjW7MKohbUo6nZm-20PkQimrarbpzVfLiGUUbif6YIeJsUAmmsSKbo-4sFz2gsU_X_IncYAuwoKHEDlY91X8Yft3sGbkudrb98txdxWb0DuWs6e_zyQVb111td90JQjFruKdw8Q48VJp7fv-lTw59Cspn9bOHBnZ4gW1UkhzBII3YT4xxMnjq5Gy2SMtRlYZvFQsKgfDO-f2SUfA9cyigCzhWxQp1UVB6rH6t02FxF5XuEN5Mrl2MyITHaPx38ApdWaxq9hkQT35BKLg9T3S_mV_Q",
  "payload": ""
}
2026-05-16 03:13:21,931:DEBUG:urllib3.connectionpool:https://acme-v02.api.letsencrypt.org:443 "POST /acme/authz/3335975146/704889901986 HTTP/1.1" 200 825
2026-05-16 03:13:21,931:DEBUG:acme.client:Received response:
HTTP 200
Server: nginx
Date: Sat, 16 May 2026 00:13:21 GMT
Content-Type: application/json
Content-Length: 825
Connection: keep-alive
Boulder-Requester: 3335975146
Cache-Control: public, max-age=0, no-cache
Link: <https://acme-v02.api.letsencrypt.org/directory>;rel="index"
Replay-Nonce: CqJAX5X9mdo1Os6ZQKwIJq-vqfCIhUe2ffjYUYg6Rta4xTl43pk
X-Frame-Options: DENY
Strict-Transport-Security: max-age=604800

{
  "identifier": {
    "type": "dns",
    "value": "www.aildev.com.tr"
  },
  "status": "pending",
  "expires": "2026-05-23T00:13:11Z",
  "challenges": [
    {
      "type": "dns-01",
      "url": "https://acme-v02.api.letsencrypt.org/acme/chall/3335975146/704889901986/u3nprg",
      "status": "pending",
      "token": "yzZCMyc-4h5c_Xz3T2u2InPRQ2pQUOHmqn9TbCeQU2k"
    },
    {
      "type": "http-01",
      "url": "https://acme-v02.api.letsencrypt.org/acme/chall/3335975146/704889901986/1FbYLg",
      "status": "pending",
      "token": "yzZCMyc-4h5c_Xz3T2u2InPRQ2pQUOHmqn9TbCeQU2k"
    },
    {
      "type": "tls-alpn-01",
      "url": "https://acme-v02.api.letsencrypt.org/acme/chall/3335975146/704889901986/1OxWuA",
      "status": "pending",
      "token": "yzZCMyc-4h5c_Xz3T2u2InPRQ2pQUOHmqn9TbCeQU2k"
    }
  ]
}
2026-05-16 03:13:21,931:DEBUG:acme.client:Storing nonce: CqJAX5X9mdo1Os6ZQKwIJq-vqfCIhUe2ffjYUYg6Rta4xTl43pk
2026-05-16 03:13:24,935:DEBUG:acme.client:JWS payload:
b''
2026-05-16 03:13:24,936:DEBUG:acme.client:Sending POST request to https://acme-v02.api.letsencrypt.org/acme/authz/3335975146/704889901976:
{
  "protected": "eyJhbGciOiAiUlMyNTYiLCAia2lkIjogImh0dHBzOi8vYWNtZS12MDIuYXBpLmxldHNlbmNyeXB0Lm9yZy9hY21lL2FjY3QvMzMzNTk3NTE0NiIsICJub25jZSI6ICJDcUpBWDVYOW1kbzFPczZaUUt3SUpxLXZxZkNJaFVlMmZmallVWWc2UnRhNHhUbDQzcGsiLCAidXJsIjogImh0dHBzOi8vYWNtZS12MDIuYXBpLmxldHNlbmNyeXB0Lm9yZy9hY21lL2F1dGh6LzMzMzU5NzUxNDYvNzA0ODg5OTAxOTc2In0",
  "signature": "jasVN126uaBSI8Uu0yKHxYS4maZNwZlDVV2uJUFOA6srU-3k7Si9meFbmicvI8Sdb9yDAJHO9o1dWIGD3B3Jr35ge_HoVwghL583TcToJZU1NhkB5tyn1PtaTo2uJufRAXRV4KfAzaIH_4NK8up8jppB6EnDGbtOnDo0WW_1CmK3Qs9_r5CzYcGmudzrG3Bwe7nUfFL2d7nW9npoe6s4U6hXv_kT4zguwYvaRWaswS98st-JtzESx-5Jy0boEqeBAGrBMcndVEBWWDKLqET6D41Ueb4x9CphZGwwSNCX6q7pCZAmkY7ubdmMfge2aG2l58vRoTGxTsd86AqIFNISBw",
  "payload": ""
}
2026-05-16 03:13:25,113:DEBUG:urllib3.connectionpool:https://acme-v02.api.letsencrypt.org:443 "POST /acme/authz/3335975146/704889901976 HTTP/1.1" 200 821
2026-05-16 03:13:25,114:DEBUG:acme.client:Received response:
HTTP 200
Server: nginx
Date: Sat, 16 May 2026 00:13:25 GMT
Content-Type: application/json
Content-Length: 821
Connection: keep-alive
Boulder-Requester: 3335975146
Cache-Control: public, max-age=0, no-cache
Link: <https://acme-v02.api.letsencrypt.org/directory>;rel="index"
Replay-Nonce: CqJAX5X9iT6kG_vhsJWRdoDGjlgeYJRuju-hwmfVSyfuMVygTuU
X-Frame-Options: DENY
Strict-Transport-Security: max-age=604800

{
  "identifier": {
    "type": "dns",
    "value": "aildev.com.tr"
  },
  "status": "pending",
  "expires": "2026-05-23T00:13:11Z",
  "challenges": [
    {
      "type": "dns-01",
      "url": "https://acme-v02.api.letsencrypt.org/acme/chall/3335975146/704889901976/NNdkFw",
      "status": "pending",
      "token": "-yskuINh99AFFYLbboO2TIYfNnOlyJu1EEF5sMO7LFI"
    },
    {
      "type": "http-01",
      "url": "https://acme-v02.api.letsencrypt.org/acme/chall/3335975146/704889901976/oV0ZnQ",
      "status": "pending",
      "token": "-yskuINh99AFFYLbboO2TIYfNnOlyJu1EEF5sMO7LFI"
    },
    {
      "type": "tls-alpn-01",
      "url": "https://acme-v02.api.letsencrypt.org/acme/chall/3335975146/704889901976/Dc1bnQ",
      "status": "pending",
      "token": "-yskuINh99AFFYLbboO2TIYfNnOlyJu1EEF5sMO7LFI"
    }
  ]
}
2026-05-16 03:13:25,114:DEBUG:acme.client:Storing nonce: CqJAX5X9iT6kG_vhsJWRdoDGjlgeYJRuju-hwmfVSyfuMVygTuU
2026-05-16 03:13:25,114:DEBUG:acme.client:JWS payload:
b''
2026-05-16 03:13:25,116:DEBUG:acme.client:Sending POST request to https://acme-v02.api.letsencrypt.org/acme/authz/3335975146/704889901986:
{
  "protected": "eyJhbGciOiAiUlMyNTYiLCAia2lkIjogImh0dHBzOi8vYWNtZS12MDIuYXBpLmxldHNlbmNyeXB0Lm9yZy9hY21lL2FjY3QvMzMzNTk3NTE0NiIsICJub25jZSI6ICJDcUpBWDVYOWlUNmtHX3Zoc0pXUmRvREdqbGdlWUpSdWp1LWh3bWZWU3lmdU1WeWdUdVUiLCAidXJsIjogImh0dHBzOi8vYWNtZS12MDIuYXBpLmxldHNlbmNyeXB0Lm9yZy9hY21lL2F1dGh6LzMzMzU5NzUxNDYvNzA0ODg5OTAxOTg2In0",
  "signature": "bVcBZEX1P9bW4oM2zzS6nGI0jVQ8EisEwmhSQzE9Jo640bySl-lbECsO3L1PNbAGfNaDPgZoD4dd4XSQECD7Mr01tBGt-sUMnZFvavOvDQsqgkZ68BL4RdTQTXz6VQ66qqLB_zTb86JbEcF2vTYQj6EMNjHCytWpc_MRwLR3cpBUAZlaMcns9Dj8GORxtf_9uRwLILzmHBBbf8A3ZOd8idUYsu6cq8C-L_5w4oBsRlwmGK5HQvYj_s5HDbrxfVFVAcJnOZfB3Agduxzr6hMX1oVkTiiufPjUObEFhSfFMi52eiPAGH_6Bbn5BquDF6g6XMLeB5f4LwUdXJyovlvJIg",
  "payload": ""
}
2026-05-16 03:13:25,296:DEBUG:urllib3.connectionpool:https://acme-v02.api.letsencrypt.org:443 "POST /acme/authz/3335975146/704889901986 HTTP/1.1" 200 825
2026-05-16 03:13:25,296:DEBUG:acme.client:Received response:
HTTP 200
Server: nginx
Date: Sat, 16 May 2026 00:13:25 GMT
Content-Type: application/json
Content-Length: 825
Connection: keep-alive
Boulder-Requester: 3335975146
Cache-Control: public, max-age=0, no-cache
Link: <https://acme-v02.api.letsencrypt.org/directory>;rel="index"
Replay-Nonce: CqJAX5X9UmBKy9N_BA472iE8LUb9cjmTDVrtY4-hfdMqymH2PbI
X-Frame-Options: DENY
Strict-Transport-Security: max-age=604800

{
  "identifier": {
    "type": "dns",
    "value": "www.aildev.com.tr"
  },
  "status": "pending",
  "expires": "2026-05-23T00:13:11Z",
  "challenges": [
    {
      "type": "dns-01",
      "url": "https://acme-v02.api.letsencrypt.org/acme/chall/3335975146/704889901986/u3nprg",
      "status": "pending",
      "token": "yzZCMyc-4h5c_Xz3T2u2InPRQ2pQUOHmqn9TbCeQU2k"
    },
    {
      "type": "tls-alpn-01",
      "url": "https://acme-v02.api.letsencrypt.org/acme/chall/3335975146/704889901986/1OxWuA",
      "status": "pending",
      "token": "yzZCMyc-4h5c_Xz3T2u2InPRQ2pQUOHmqn9TbCeQU2k"
    },
    {
      "type": "http-01",
      "url": "https://acme-v02.api.letsencrypt.org/acme/chall/3335975146/704889901986/1FbYLg",
      "status": "pending",
      "token": "yzZCMyc-4h5c_Xz3T2u2InPRQ2pQUOHmqn9TbCeQU2k"
    }
  ]
}
2026-05-16 03:13:25,296:DEBUG:acme.client:Storing nonce: CqJAX5X9UmBKy9N_BA472iE8LUb9cjmTDVrtY4-hfdMqymH2PbI
2026-05-16 03:13:28,300:DEBUG:acme.client:JWS payload:
b''
2026-05-16 03:13:28,301:DEBUG:acme.client:Sending POST request to https://acme-v02.api.letsencrypt.org/acme/authz/3335975146/704889901976:
{
  "protected": "eyJhbGciOiAiUlMyNTYiLCAia2lkIjogImh0dHBzOi8vYWNtZS12MDIuYXBpLmxldHNlbmNyeXB0Lm9yZy9hY21lL2FjY3QvMzMzNTk3NTE0NiIsICJub25jZSI6ICJDcUpBWDVYOVVtQkt5OU5fQkE0NzJpRThMVWI5Y2ptVERWcnRZNC1oZmRNcXltSDJQYkkiLCAidXJsIjogImh0dHBzOi8vYWNtZS12MDIuYXBpLmxldHNlbmNyeXB0Lm9yZy9hY21lL2F1dGh6LzMzMzU5NzUxNDYvNzA0ODg5OTAxOTc2In0",
  "signature": "TAd_9xWj1GfPRcnGogxRG2oevVnF7k7akeA5cO2IxmHuW363Np2E434QwvdrOxXiDuoFAKUlF2XZQJZ1LaMgfQey7TrPGVMm5pVvsY5qaAMGWAjTeEu2uF35MWDlLbFtE_h07y5QJW1Dop1ccyGcN8lGBDPA9CqBR1XbVkz_BXOqGt9GbBl29VCQL4P2_y-9wLlB9nT-9jFlW_Q_2xg30zNaGkC7dvdeSBz8L5amZtW7SPKAZ_RgjeICzwzbkmVzrGF1sRtUaVNmBpVgTvjRadMyi6fsqBLvG0TxaNv-2K-eNu5uPjA73XZjzE7Kwo_jtqW-2nfZOmQRSJHwgh6LVQ",
  "payload": ""
}
2026-05-16 03:13:28,479:DEBUG:urllib3.connectionpool:https://acme-v02.api.letsencrypt.org:443 "POST /acme/authz/3335975146/704889901976 HTTP/1.1" 200 821
2026-05-16 03:13:28,480:DEBUG:acme.client:Received response:
HTTP 200
Server: nginx
Date: Sat, 16 May 2026 00:13:28 GMT
Content-Type: application/json
Content-Length: 821
Connection: keep-alive
Boulder-Requester: 3335975146
Cache-Control: public, max-age=0, no-cache
Link: <https://acme-v02.api.letsencrypt.org/directory>;rel="index"
Replay-Nonce: CqJAX5X9KwTuOLOE_fbrgsWJDjptnw4LL6fo8rB8hHE2Aerr8qI
X-Frame-Options: DENY
Strict-Transport-Security: max-age=604800

{
  "identifier": {
    "type": "dns",
    "value": "aildev.com.tr"
  },
  "status": "pending",
  "expires": "2026-05-23T00:13:11Z",
  "challenges": [
    {
      "type": "tls-alpn-01",
      "url": "https://acme-v02.api.letsencrypt.org/acme/chall/3335975146/704889901976/Dc1bnQ",
      "status": "pending",
      "token": "-yskuINh99AFFYLbboO2TIYfNnOlyJu1EEF5sMO7LFI"
    },
    {
      "type": "dns-01",
      "url": "https://acme-v02.api.letsencrypt.org/acme/chall/3335975146/704889901976/NNdkFw",
      "status": "pending",
      "token": "-yskuINh99AFFYLbboO2TIYfNnOlyJu1EEF5sMO7LFI"
    },
    {
      "type": "http-01",
      "url": "https://acme-v02.api.letsencrypt.org/acme/chall/3335975146/704889901976/oV0ZnQ",
      "status": "pending",
      "token": "-yskuINh99AFFYLbboO2TIYfNnOlyJu1EEF5sMO7LFI"
    }
  ]
}
2026-05-16 03:13:28,480:DEBUG:acme.client:Storing nonce: CqJAX5X9KwTuOLOE_fbrgsWJDjptnw4LL6fo8rB8hHE2Aerr8qI
2026-05-16 03:13:28,480:DEBUG:acme.client:JWS payload:
b''
2026-05-16 03:13:28,481:DEBUG:acme.client:Sending POST request to https://acme-v02.api.letsencrypt.org/acme/authz/3335975146/704889901986:
{
  "protected": "eyJhbGciOiAiUlMyNTYiLCAia2lkIjogImh0dHBzOi8vYWNtZS12MDIuYXBpLmxldHNlbmNyeXB0Lm9yZy9hY21lL2FjY3QvMzMzNTk3NTE0NiIsICJub25jZSI6ICJDcUpBWDVYOUt3VHVPTE9FX2ZicmdzV0pEanB0bnc0TEw2Zm84ckI4aEhFMkFlcnI4cUkiLCAidXJsIjogImh0dHBzOi8vYWNtZS12MDIuYXBpLmxldHNlbmNyeXB0Lm9yZy9hY21lL2F1dGh6LzMzMzU5NzUxNDYvNzA0ODg5OTAxOTg2In0",
  "signature": "uL10RAyEz1jE3cgxXEfa8Rs55H8kV_4lTI9Dj9JIn1i_NYpLU_OpUyYKNTJOfxnaUGjomoKX_V-a79jnqh0-np-Ld1WvcscrG94FKOMt_M-bYRlIZ3xtbqrtX5eQTqK2FpsIqrJKKjmiZnhUyaNjZKxdGsLyclO_lB0-Ifp4KIBuotusN9H7nTUzRJus7ckPS3fV7rAR3nsnZC9sBeSLMjemksIbZxAXMiLK524myH0dEYYW07f9qgqCh0pDWOtfmo7M9w3sbC9RbkCKoNBocVpF9gin6S2Kli_9X1hnCRRsspZaSGKUjFuLBU687nBDx_sSjPdOuh6DjudUUWEL8g",
  "payload": ""
}
2026-05-16 03:13:28,659:DEBUG:urllib3.connectionpool:https://acme-v02.api.letsencrypt.org:443 "POST /acme/authz/3335975146/704889901986 HTTP/1.1" 200 825
2026-05-16 03:13:28,659:DEBUG:acme.client:Received response:
HTTP 200
Server: nginx
Date: Sat, 16 May 2026 00:13:28 GMT
Content-Type: application/json
Content-Length: 825
Connection: keep-alive
Boulder-Requester: 3335975146
Cache-Control: public, max-age=0, no-cache
Link: <https://acme-v02.api.letsencrypt.org/directory>;rel="index"
Replay-Nonce: CqJAX5X9qTYuICT8JrN13N-dNDtxlgBRvaG_MZaQSz2xpQzloFY
X-Frame-Options: DENY
Strict-Transport-Security: max-age=604800

{
  "identifier": {
    "type": "dns",
    "value": "www.aildev.com.tr"
  },
  "status": "pending",
  "expires": "2026-05-23T00:13:11Z",
  "challenges": [
    {
      "type": "dns-01",
      "url": "https://acme-v02.api.letsencrypt.org/acme/chall/3335975146/704889901986/u3nprg",
      "status": "pending",
      "token": "yzZCMyc-4h5c_Xz3T2u2InPRQ2pQUOHmqn9TbCeQU2k"
    },
    {
      "type": "http-01",
      "url": "https://acme-v02.api.letsencrypt.org/acme/chall/3335975146/704889901986/1FbYLg",
      "status": "pending",
      "token": "yzZCMyc-4h5c_Xz3T2u2InPRQ2pQUOHmqn9TbCeQU2k"
    },
    {
      "type": "tls-alpn-01",
      "url": "https://acme-v02.api.letsencrypt.org/acme/chall/3335975146/704889901986/1OxWuA",
      "status": "pending",
      "token": "yzZCMyc-4h5c_Xz3T2u2InPRQ2pQUOHmqn9TbCeQU2k"
    }
  ]
}
2026-05-16 03:13:28,660:DEBUG:acme.client:Storing nonce: CqJAX5X9qTYuICT8JrN13N-dNDtxlgBRvaG_MZaQSz2xpQzloFY
2026-05-16 03:13:31,663:DEBUG:acme.client:JWS payload:
b''
2026-05-16 03:13:31,664:DEBUG:acme.client:Sending POST request to https://acme-v02.api.letsencrypt.org/acme/authz/3335975146/704889901976:
{
  "protected": "eyJhbGciOiAiUlMyNTYiLCAia2lkIjogImh0dHBzOi8vYWNtZS12MDIuYXBpLmxldHNlbmNyeXB0Lm9yZy9hY21lL2FjY3QvMzMzNTk3NTE0NiIsICJub25jZSI6ICJDcUpBWDVYOXFUWXVJQ1Q4SnJOMTNOLWRORHR4bGdCUnZhR19NWmFRU3oyeHBRemxvRlkiLCAidXJsIjogImh0dHBzOi8vYWNtZS12MDIuYXBpLmxldHNlbmNyeXB0Lm9yZy9hY21lL2F1dGh6LzMzMzU5NzUxNDYvNzA0ODg5OTAxOTc2In0",
  "signature": "QbJaC5OxBkErBBJB77HA3X1tNilcYD8IrWvd7DVxMxz7Nt95519u1ka3Y-DwoFVA77W0JZODxCbYdyx_gg3RbZ5vdiGnyMQOlvdIuUUctKGYudgcTfypTCXqrRA83IlQCGEkPWq85hyKkyv79flFtGB4nS0KABZuudlpBV1--YiKvreCQ4_TgEVSr_oQQdvZoq6hb5r2m_h6bYw6q2LScgJwGguGZK-PZt7gTGDQXR3tMqIpgL3rL3vrUvPQ9oNls316SCszUWssJIeKJTOuqp6y9pkXq50ipXUg8SBpgAwIvZaIvjD3lnUNzlrWRGeBBOGBQ5IOKV3CuGBii0uWAw",
  "payload": ""
}
2026-05-16 03:13:31,844:DEBUG:urllib3.connectionpool:https://acme-v02.api.letsencrypt.org:443 "POST /acme/authz/3335975146/704889901976 HTTP/1.1" 200 821
2026-05-16 03:13:31,844:DEBUG:acme.client:Received response:
HTTP 200
Server: nginx
Date: Sat, 16 May 2026 00:13:31 GMT
Content-Type: application/json
Content-Length: 821
Connection: keep-alive
Boulder-Requester: 3335975146
Cache-Control: public, max-age=0, no-cache
Link: <https://acme-v02.api.letsencrypt.org/directory>;rel="index"
Replay-Nonce: CqJAX5X9vp9E-sBtoyZ_S7xP6hW5tJzQKWE_Irg6S8mgvrSSNU4
X-Frame-Options: DENY
Strict-Transport-Security: max-age=604800

{
  "identifier": {
    "type": "dns",
    "value": "aildev.com.tr"
  },
  "status": "pending",
  "expires": "2026-05-23T00:13:11Z",
  "challenges": [
    {
      "type": "dns-01",
      "url": "https://acme-v02.api.letsencrypt.org/acme/chall/3335975146/704889901976/NNdkFw",
      "status": "pending",
      "token": "-yskuINh99AFFYLbboO2TIYfNnOlyJu1EEF5sMO7LFI"
    },
    {
      "type": "http-01",
      "url": "https://acme-v02.api.letsencrypt.org/acme/chall/3335975146/704889901976/oV0ZnQ",
      "status": "pending",
      "token": "-yskuINh99AFFYLbboO2TIYfNnOlyJu1EEF5sMO7LFI"
    },
    {
      "type": "tls-alpn-01",
      "url": "https://acme-v02.api.letsencrypt.org/acme/chall/3335975146/704889901976/Dc1bnQ",
      "status": "pending",
      "token": "-yskuINh99AFFYLbboO2TIYfNnOlyJu1EEF5sMO7LFI"
    }
  ]
}
2026-05-16 03:13:31,845:DEBUG:acme.client:Storing nonce: CqJAX5X9vp9E-sBtoyZ_S7xP6hW5tJzQKWE_Irg6S8mgvrSSNU4
2026-05-16 03:13:31,845:DEBUG:acme.client:JWS payload:
b''
2026-05-16 03:13:31,846:DEBUG:acme.client:Sending POST request to https://acme-v02.api.letsencrypt.org/acme/authz/3335975146/704889901986:
{
  "protected": "eyJhbGciOiAiUlMyNTYiLCAia2lkIjogImh0dHBzOi8vYWNtZS12MDIuYXBpLmxldHNlbmNyeXB0Lm9yZy9hY21lL2FjY3QvMzMzNTk3NTE0NiIsICJub25jZSI6ICJDcUpBWDVYOXZwOUUtc0J0b3laX1M3eFA2aFc1dEp6UUtXRV9Jcmc2UzhtZ3ZyU1NOVTQiLCAidXJsIjogImh0dHBzOi8vYWNtZS12MDIuYXBpLmxldHNlbmNyeXB0Lm9yZy9hY21lL2F1dGh6LzMzMzU5NzUxNDYvNzA0ODg5OTAxOTg2In0",
  "signature": "ubY6pLcqSJSiBvjSGLtt_vrIYBeXW8slXOJObKayzwjHPChFrjM74-FSJD56qud1-As7WujtDvuUxVJvtQYmUNUzA3GAGNL4gIE6fiVlU1oJqnK1AtLArovld0sUcm6Z-GiMmmv_-U9wHUKI10ccLuVAVWTmFfS5tiAWTCymZyaAoEVSv-HQmzTPeWeRxkh0dcubiEmiFmDLaBhfdcVEelpMqYe5XHFUDB--oPmwS1nQ-IGmxa-o4XGWo4FVCaTJzKNLVKZgBO0mwnIC_UDR8PhNK2EhRR1Mk6t91AfVhFVj-mfSLLIg-Y8D_SnLp_N_ZfkydRgwAjCZWPf55bEqmw",
  "payload": ""
}
2026-05-16 03:13:32,024:DEBUG:urllib3.connectionpool:https://acme-v02.api.letsencrypt.org:443 "POST /acme/authz/3335975146/704889901986 HTTP/1.1" 200 825
2026-05-16 03:13:32,024:DEBUG:acme.client:Received response:
HTTP 200
Server: nginx
Date: Sat, 16 May 2026 00:13:31 GMT
Content-Type: application/json
Content-Length: 825
Connection: keep-alive
Boulder-Requester: 3335975146
Cache-Control: public, max-age=0, no-cache
Link: <https://acme-v02.api.letsencrypt.org/directory>;rel="index"
Replay-Nonce: xoZfuRf-yk8E2MxhMs7ZVpxo21u5zZfCCiVbxILsENsGXCTb6Xs
X-Frame-Options: DENY
Strict-Transport-Security: max-age=604800

{
  "identifier": {
    "type": "dns",
    "value": "www.aildev.com.tr"
  },
  "status": "pending",
  "expires": "2026-05-23T00:13:11Z",
  "challenges": [
    {
      "type": "http-01",
      "url": "https://acme-v02.api.letsencrypt.org/acme/chall/3335975146/704889901986/1FbYLg",
      "status": "pending",
      "token": "yzZCMyc-4h5c_Xz3T2u2InPRQ2pQUOHmqn9TbCeQU2k"
    },
    {
      "type": "tls-alpn-01",
      "url": "https://acme-v02.api.letsencrypt.org/acme/chall/3335975146/704889901986/1OxWuA",
      "status": "pending",
      "token": "yzZCMyc-4h5c_Xz3T2u2InPRQ2pQUOHmqn9TbCeQU2k"
    },
    {
      "type": "dns-01",
      "url": "https://acme-v02.api.letsencrypt.org/acme/chall/3335975146/704889901986/u3nprg",
      "status": "pending",
      "token": "yzZCMyc-4h5c_Xz3T2u2InPRQ2pQUOHmqn9TbCeQU2k"
    }
  ]
}
2026-05-16 03:13:32,024:DEBUG:acme.client:Storing nonce: xoZfuRf-yk8E2MxhMs7ZVpxo21u5zZfCCiVbxILsENsGXCTb6Xs
2026-05-16 03:13:35,028:DEBUG:acme.client:JWS payload:
b''
2026-05-16 03:13:35,029:DEBUG:acme.client:Sending POST request to https://acme-v02.api.letsencrypt.org/acme/authz/3335975146/704889901976:
{
  "protected": "eyJhbGciOiAiUlMyNTYiLCAia2lkIjogImh0dHBzOi8vYWNtZS12MDIuYXBpLmxldHNlbmNyeXB0Lm9yZy9hY21lL2FjY3QvMzMzNTk3NTE0NiIsICJub25jZSI6ICJ4b1pmdVJmLXlrOEUyTXhoTXM3WlZweG8yMXU1elpmQ0NpVmJ4SUxzRU5zR1hDVGI2WHMiLCAidXJsIjogImh0dHBzOi8vYWNtZS12MDIuYXBpLmxldHNlbmNyeXB0Lm9yZy9hY21lL2F1dGh6LzMzMzU5NzUxNDYvNzA0ODg5OTAxOTc2In0",
  "signature": "XwUJ6XnKlxzhuMNnYQCgWJZLo1OHZ6XIdZiSFx0ocqy7Jj2spsXFYh84AyL4i1E2bK1M893LafOxLrIA8MojT28sF-Ffh0DJ5x4siQDkQvg4Kna-lhacfDYFpzVsRg5fnpB7qClMIG6a3KI6veX7rpKD7Tgc-JEuA89xcvsUt2QgtFon2LpvbOzq0HJPDj0AWvaQxztGrqkng7AWTi89k3S1LF9QDpyXkIGxMwzJcC2RiTQlhXk_qDlE11o9Xg6uLjR1aCc5Kgs1hMcPaoyvvWAQn3Abvol2b0tcCp7qxMsTmIjLfGZYYC8mMIUX6eqXlCWGY5Uv4QPd7MPLY4lwdA",
  "payload": ""
}
2026-05-16 03:13:35,219:DEBUG:urllib3.connectionpool:https://acme-v02.api.letsencrypt.org:443 "POST /acme/authz/3335975146/704889901976 HTTP/1.1" 200 746
2026-05-16 03:13:35,219:DEBUG:acme.client:Received response:
HTTP 200
Server: nginx
Date: Sat, 16 May 2026 00:13:35 GMT
Content-Type: application/json
Content-Length: 746
Connection: keep-alive
Boulder-Requester: 3335975146
Cache-Control: public, max-age=0, no-cache
Link: <https://acme-v02.api.letsencrypt.org/directory>;rel="index"
Replay-Nonce: xoZfuRf-9ZqKdCJ-nDdv4ShoJeLEncHzGPENlP40Gu98OaRu1U4
X-Frame-Options: DENY
Strict-Transport-Security: max-age=604800

{
  "identifier": {
    "type": "dns",
    "value": "aildev.com.tr"
  },
  "status": "invalid",
  "expires": "2026-05-23T00:13:11Z",
  "challenges": [
    {
      "type": "http-01",
      "url": "https://acme-v02.api.letsencrypt.org/acme/chall/3335975146/704889901976/oV0ZnQ",
      "status": "invalid",
      "validated": "2026-05-16T00:13:13Z",
      "error": {
        "type": "urn:ietf:params:acme:error:dns",
        "detail": "DNS problem: SERVFAIL looking up A for aildev.com.tr - the domain's nameservers may be malfunctioning; DNS problem: SERVFAIL looking up AAAA for aildev.com.tr - the domain's nameservers may be malfunctioning",
        "status": 400
      },
      "token": "-yskuINh99AFFYLbboO2TIYfNnOlyJu1EEF5sMO7LFI"
    }
  ]
}
2026-05-16 03:13:35,219:DEBUG:acme.client:Storing nonce: xoZfuRf-9ZqKdCJ-nDdv4ShoJeLEncHzGPENlP40Gu98OaRu1U4
2026-05-16 03:13:35,220:DEBUG:acme.client:JWS payload:
b''
2026-05-16 03:13:35,221:DEBUG:acme.client:Sending POST request to https://acme-v02.api.letsencrypt.org/acme/authz/3335975146/704889901986:
{
  "protected": "eyJhbGciOiAiUlMyNTYiLCAia2lkIjogImh0dHBzOi8vYWNtZS12MDIuYXBpLmxldHNlbmNyeXB0Lm9yZy9hY21lL2FjY3QvMzMzNTk3NTE0NiIsICJub25jZSI6ICJ4b1pmdVJmLTlacUtkQ0otbkRkdjRTaG9KZUxFbmNIekdQRU5sUDQwR3U5OE9hUnUxVTQiLCAidXJsIjogImh0dHBzOi8vYWNtZS12MDIuYXBpLmxldHNlbmNyeXB0Lm9yZy9hY21lL2F1dGh6LzMzMzU5NzUxNDYvNzA0ODg5OTAxOTg2In0",
  "signature": "qNwyNypdQQ0iEOqHGHhNzsmBgy8cohBS4dUXz87Nsh2F_q6_CcNAjPKlUEuB8jdDl9hhUcArVIK_XCTYZy9y6kkk5K9BBfGpJaJXsDmZXFNkcZIssacNhVlGHdO3KSw435HCN22Vm7w0688NkmmuAjYS5kxiEGXy02Pb-XCsPl35j-hzgdNIkeS6onFtRfIizAYGZBTidwpsEZ9WrYBGce-Vzq9k9R3FiIwvpH60Kb8PEJGbpK0J4rL4TsjE4AbdnYyRYFnAos-xGx9EGmX1NSBEkcFNTzWLuKdoVjs6JgWAKy4BEvxWcfgJN92sB9FghYY3KMVDQUXxVQ9NfbgrvQ",
  "payload": ""
}
2026-05-16 03:13:35,401:DEBUG:urllib3.connectionpool:https://acme-v02.api.letsencrypt.org:443 "POST /acme/authz/3335975146/704889901986 HTTP/1.1" 200 825
2026-05-16 03:13:35,401:DEBUG:acme.client:Received response:
HTTP 200
Server: nginx
Date: Sat, 16 May 2026 00:13:35 GMT
Content-Type: application/json
Content-Length: 825
Connection: keep-alive
Boulder-Requester: 3335975146
Cache-Control: public, max-age=0, no-cache
Link: <https://acme-v02.api.letsencrypt.org/directory>;rel="index"
Replay-Nonce: xoZfuRf-IwJqhxQfipgBvAeWnZIrxYvVme4INeHs_jOnMWDyJ1s
X-Frame-Options: DENY
Strict-Transport-Security: max-age=604800

{
  "identifier": {
    "type": "dns",
    "value": "www.aildev.com.tr"
  },
  "status": "pending",
  "expires": "2026-05-23T00:13:11Z",
  "challenges": [
    {
      "type": "dns-01",
      "url": "https://acme-v02.api.letsencrypt.org/acme/chall/3335975146/704889901986/u3nprg",
      "status": "pending",
      "token": "yzZCMyc-4h5c_Xz3T2u2InPRQ2pQUOHmqn9TbCeQU2k"
    },
    {
      "type": "tls-alpn-01",
      "url": "https://acme-v02.api.letsencrypt.org/acme/chall/3335975146/704889901986/1OxWuA",
      "status": "pending",
      "token": "yzZCMyc-4h5c_Xz3T2u2InPRQ2pQUOHmqn9TbCeQU2k"
    },
    {
      "type": "http-01",
      "url": "https://acme-v02.api.letsencrypt.org/acme/chall/3335975146/704889901986/1FbYLg",
      "status": "pending",
      "token": "yzZCMyc-4h5c_Xz3T2u2InPRQ2pQUOHmqn9TbCeQU2k"
    }
  ]
}
2026-05-16 03:13:35,401:DEBUG:acme.client:Storing nonce: xoZfuRf-IwJqhxQfipgBvAeWnZIrxYvVme4INeHs_jOnMWDyJ1s
2026-05-16 03:13:35,402:INFO:certbot._internal.auth_handler:Challenge failed for domain aildev.com.tr
2026-05-16 03:13:38,405:DEBUG:acme.client:JWS payload:
b''
2026-05-16 03:13:38,406:DEBUG:acme.client:Sending POST request to https://acme-v02.api.letsencrypt.org/acme/authz/3335975146/704889901986:
{
  "protected": "eyJhbGciOiAiUlMyNTYiLCAia2lkIjogImh0dHBzOi8vYWNtZS12MDIuYXBpLmxldHNlbmNyeXB0Lm9yZy9hY21lL2FjY3QvMzMzNTk3NTE0NiIsICJub25jZSI6ICJ4b1pmdVJmLUl3SnFoeFFmaXBnQnZBZVduWklyeFl2Vm1lNElOZUhzX2pPbk1XRHlKMXMiLCAidXJsIjogImh0dHBzOi8vYWNtZS12MDIuYXBpLmxldHNlbmNyeXB0Lm9yZy9hY21lL2F1dGh6LzMzMzU5NzUxNDYvNzA0ODg5OTAxOTg2In0",
  "signature": "qyTQ8WrFBAsh64mDdZc5AL8F6jVoDMKP05Mpe9P3tc6jeFuTwPX1NZWHCT6DL8wqLlSZHV0ylnJkvN3E_H7fSDfBdzFDhUN6MNn5Yyh0Y1YOax5QZz2KzyabnUEcCzSaAftn8Agem7uU02sJIyCIKlbhwzBZlElfs9ThS2LPBY53d9fOOoujXOtTxZa6IMZ3Yp0IqqhD9kwnLBL9Xla0EewTVH46ie-6_K_uD9pMo-t5ZOERsUFp4rv-afYeGn_pempMnfu_ZrshxIfZDVJ4P6pYwtk-2IY8WL871IE1MOWs1AdovLr5e6DkR-PDrfKaM_nRV0YAdvtiLNebRjRhkw",
  "payload": ""
}
2026-05-16 03:13:38,585:DEBUG:urllib3.connectionpool:https://acme-v02.api.letsencrypt.org:443 "POST /acme/authz/3335975146/704889901986 HTTP/1.1" 200 825
2026-05-16 03:13:38,585:DEBUG:acme.client:Received response:
HTTP 200
Server: nginx
Date: Sat, 16 May 2026 00:13:38 GMT
Content-Type: application/json
Content-Length: 825
Connection: keep-alive
Boulder-Requester: 3335975146
Cache-Control: public, max-age=0, no-cache
Link: <https://acme-v02.api.letsencrypt.org/directory>;rel="index"
Replay-Nonce: xoZfuRf-FqNa3XA17CgDUqe9Fpi8Pun7eFnchlG46AG6YGPJBSY
X-Frame-Options: DENY
Strict-Transport-Security: max-age=604800

{
  "identifier": {
    "type": "dns",
    "value": "www.aildev.com.tr"
  },
  "status": "pending",
  "expires": "2026-05-23T00:13:11Z",
  "challenges": [
    {
      "type": "tls-alpn-01",
      "url": "https://acme-v02.api.letsencrypt.org/acme/chall/3335975146/704889901986/1OxWuA",
      "status": "pending",
      "token": "yzZCMyc-4h5c_Xz3T2u2InPRQ2pQUOHmqn9TbCeQU2k"
    },
    {
      "type": "http-01",
      "url": "https://acme-v02.api.letsencrypt.org/acme/chall/3335975146/704889901986/1FbYLg",
      "status": "pending",
      "token": "yzZCMyc-4h5c_Xz3T2u2InPRQ2pQUOHmqn9TbCeQU2k"
    },
    {
      "type": "dns-01",
      "url": "https://acme-v02.api.letsencrypt.org/acme/chall/3335975146/704889901986/u3nprg",
      "status": "pending",
      "token": "yzZCMyc-4h5c_Xz3T2u2InPRQ2pQUOHmqn9TbCeQU2k"
    }
  ]
}
2026-05-16 03:13:38,585:DEBUG:acme.client:Storing nonce: xoZfuRf-FqNa3XA17CgDUqe9Fpi8Pun7eFnchlG46AG6YGPJBSY
2026-05-16 03:13:41,589:DEBUG:acme.client:JWS payload:
b''
2026-05-16 03:13:41,590:DEBUG:acme.client:Sending POST request to https://acme-v02.api.letsencrypt.org/acme/authz/3335975146/704889901986:
{
  "protected": "eyJhbGciOiAiUlMyNTYiLCAia2lkIjogImh0dHBzOi8vYWNtZS12MDIuYXBpLmxldHNlbmNyeXB0Lm9yZy9hY21lL2FjY3QvMzMzNTk3NTE0NiIsICJub25jZSI6ICJ4b1pmdVJmLUZxTmEzWEExN0NnRFVxZTlGcGk4UHVuN2VGbmNobEc0NkFHNllHUEpCU1kiLCAidXJsIjogImh0dHBzOi8vYWNtZS12MDIuYXBpLmxldHNlbmNyeXB0Lm9yZy9hY21lL2F1dGh6LzMzMzU5NzUxNDYvNzA0ODg5OTAxOTg2In0",
  "signature": "pJ3RSk0AjbycbW_X0Ln04GdAhXBgsRsCOP75i2YdqwvDVyagI-9NCrTR1KCiHf8-8igezW9LZ40ijOCD3H2AmktmU6A6spEXdSnYZ8n4bQUdkEk4IhN2MHy6UuvyiaAT15P_wVM6Srhq4Ovirex2gCfbJ242V1LkQLdKjv-8vpM4hvUd-pZaTA1K82ehYEh6BXrW2JtIqYWJaydvmbxKxOWVv56JvrqscsmdEneyLdlxNuPckOxSFSS0hSorcftkdGHyK2rheUTEByQ4agbG95LhIWQzFACA5oXs6eGKFPJD81LgvLT31qWVw28BjikhTx57VlB4Pvq_nRZ7PzdHkw",
  "payload": ""
}
2026-05-16 03:13:41,770:DEBUG:urllib3.connectionpool:https://acme-v02.api.letsencrypt.org:443 "POST /acme/authz/3335975146/704889901986 HTTP/1.1" 200 825
2026-05-16 03:13:41,770:DEBUG:acme.client:Received response:
HTTP 200
Server: nginx
Date: Sat, 16 May 2026 00:13:41 GMT
Content-Type: application/json
Content-Length: 825
Connection: keep-alive
Boulder-Requester: 3335975146
Cache-Control: public, max-age=0, no-cache
Link: <https://acme-v02.api.letsencrypt.org/directory>;rel="index"
Replay-Nonce: xoZfuRf-m-RH4IYZkwHUixdM4GyJrMEUXjBoMY7drAU74g7qEgY
X-Frame-Options: DENY
Strict-Transport-Security: max-age=604800

{
  "identifier": {
    "type": "dns",
    "value": "www.aildev.com.tr"
  },
  "status": "pending",
  "expires": "2026-05-23T00:13:11Z",
  "challenges": [
    {
      "type": "dns-01",
      "url": "https://acme-v02.api.letsencrypt.org/acme/chall/3335975146/704889901986/u3nprg",
      "status": "pending",
      "token": "yzZCMyc-4h5c_Xz3T2u2InPRQ2pQUOHmqn9TbCeQU2k"
    },
    {
      "type": "http-01",
      "url": "https://acme-v02.api.letsencrypt.org/acme/chall/3335975146/704889901986/1FbYLg",
      "status": "pending",
      "token": "yzZCMyc-4h5c_Xz3T2u2InPRQ2pQUOHmqn9TbCeQU2k"
    },
    {
      "type": "tls-alpn-01",
      "url": "https://acme-v02.api.letsencrypt.org/acme/chall/3335975146/704889901986/1OxWuA",
      "status": "pending",
      "token": "yzZCMyc-4h5c_Xz3T2u2InPRQ2pQUOHmqn9TbCeQU2k"
    }
  ]
}
2026-05-16 03:13:41,771:DEBUG:acme.client:Storing nonce: xoZfuRf-m-RH4IYZkwHUixdM4GyJrMEUXjBoMY7drAU74g7qEgY
2026-05-16 03:13:44,771:DEBUG:acme.client:JWS payload:
b''
2026-05-16 03:13:44,773:DEBUG:acme.client:Sending POST request to https://acme-v02.api.letsencrypt.org/acme/authz/3335975146/704889901986:
{
  "protected": "eyJhbGciOiAiUlMyNTYiLCAia2lkIjogImh0dHBzOi8vYWNtZS12MDIuYXBpLmxldHNlbmNyeXB0Lm9yZy9hY21lL2FjY3QvMzMzNTk3NTE0NiIsICJub25jZSI6ICJ4b1pmdVJmLW0tUkg0SVlaa3dIVWl4ZE00R3lKck1FVVhqQm9NWTdkckFVNzRnN3FFZ1kiLCAidXJsIjogImh0dHBzOi8vYWNtZS12MDIuYXBpLmxldHNlbmNyeXB0Lm9yZy9hY21lL2F1dGh6LzMzMzU5NzUxNDYvNzA0ODg5OTAxOTg2In0",
  "signature": "KdkY-4LRiX1xen7FMmIDHyWX4MooeHL_Q1EvODCadqCu-FnCzxKsZZIn8ajo4K7N4U5DUcaewOUjzihtcVmKpqt6T7lZzuYZOus8tXnMzcODx1rfnLdyI3qztRT8Nn-AS3G1egwOJG_0kPjVVRe7fQKe_NjjZenqccqb-LZtW0-p-WSViae3_V7yPSIQTRg88wvrWqp4wZZ0989B-1C3MxGaCGQk4o5WjEpIOxFJ-92Op1xRIwZxUlMIsY39yEo26nVVOJeYqi823wDGoWi7GGn_BodvopfIRnTXxwUm3a6BXYJHycd5AhMIJz1OgpolhqALnLvFexp7rxS2PiSEiQ",
  "payload": ""
}
2026-05-16 03:13:44,951:DEBUG:urllib3.connectionpool:https://acme-v02.api.letsencrypt.org:443 "POST /acme/authz/3335975146/704889901986 HTTP/1.1" 200 674
2026-05-16 03:13:44,951:DEBUG:acme.client:Received response:
HTTP 200
Server: nginx
Date: Sat, 16 May 2026 00:13:44 GMT
Content-Type: application/json
Content-Length: 674
Connection: keep-alive
Boulder-Requester: 3335975146
Cache-Control: public, max-age=0, no-cache
Link: <https://acme-v02.api.letsencrypt.org/directory>;rel="index"
Replay-Nonce: xoZfuRf-rl20CR9blGCun-zKsSLLKB_JX9Uc0flsA8Nigce04c8
X-Frame-Options: DENY
Strict-Transport-Security: max-age=604800

{
  "identifier": {
    "type": "dns",
    "value": "www.aildev.com.tr"
  },
  "status": "invalid",
  "expires": "2026-05-23T00:13:11Z",
  "challenges": [
    {
      "type": "http-01",
      "url": "https://acme-v02.api.letsencrypt.org/acme/chall/3335975146/704889901986/1FbYLg",
      "status": "invalid",
      "validated": "2026-05-16T00:13:13Z",
      "error": {
        "type": "urn:ietf:params:acme:error:dns",
        "detail": "DNS problem: query timed out looking up A for www.aildev.com.tr; DNS problem: query timed out looking up AAAA for www.aildev.com.tr",
        "status": 400
      },
      "token": "yzZCMyc-4h5c_Xz3T2u2InPRQ2pQUOHmqn9TbCeQU2k"
    }
  ]
}
2026-05-16 03:13:44,951:DEBUG:acme.client:Storing nonce: xoZfuRf-rl20CR9blGCun-zKsSLLKB_JX9Uc0flsA8Nigce04c8
2026-05-16 03:13:44,951:INFO:certbot._internal.auth_handler:Challenge failed for domain www.aildev.com.tr
2026-05-16 03:13:44,951:INFO:certbot._internal.auth_handler:http-01 challenge for aildev.com.tr
2026-05-16 03:13:44,951:INFO:certbot._internal.auth_handler:http-01 challenge for www.aildev.com.tr
2026-05-16 03:13:44,952:DEBUG:certbot._internal.display.obj:Notifying user: 
Certbot failed to authenticate some domains (authenticator: nginx). The Certificate Authority reported these problems:
  Domain: aildev.com.tr
  Type:   dns
  Detail: DNS problem: SERVFAIL looking up A for aildev.com.tr - the domain's nameservers may be malfunctioning; DNS problem: SERVFAIL looking up AAAA for aildev.com.tr - the domain's nameservers may be malfunctioning

  Domain: www.aildev.com.tr
  Type:   dns
  Detail: DNS problem: query timed out looking up A for www.aildev.com.tr; DNS problem: query timed out looking up AAAA for www.aildev.com.tr

Hint: The Certificate Authority failed to verify the temporary nginx configuration changes made by Certbot. Ensure the listed domains point to this nginx server and that it is accessible from the internet.

2026-05-16 03:13:44,952:DEBUG:certbot._internal.error_handler:Encountered exception:
Traceback (most recent call last):
  File "/usr/lib/python3.9/site-packages/certbot/_internal/auth_handler.py", line 108, in handle_authorizations
    self._poll_authorizations(authzrs, max_retries, max_time_mins, best_effort)
  File "/usr/lib/python3.9/site-packages/certbot/_internal/auth_handler.py", line 212, in _poll_authorizations
    raise errors.AuthorizationError('Some challenges have failed.')
certbot.errors.AuthorizationError: Some challenges have failed.

2026-05-16 03:13:44,952:DEBUG:certbot._internal.error_handler:Calling registered functions
2026-05-16 03:13:44,952:INFO:certbot._internal.auth_handler:Cleaning up challenges
2026-05-16 03:13:46,035:DEBUG:certbot._internal.log:Exiting abnormally:
Traceback (most recent call last):
  File "/bin/certbot", line 8, in <module>
    sys.exit(main())
  File "/usr/lib/python3.9/site-packages/certbot/main.py", line 19, in main
    return internal_main.main(cli_args)
  File "/usr/lib/python3.9/site-packages/certbot/_internal/main.py", line 1873, in main
    return config.func(config, plugins)
  File "/usr/lib/python3.9/site-packages/certbot/_internal/main.py", line 1429, in run
    new_lineage = _get_and_save_cert(le_client, config, domains,
  File "/usr/lib/python3.9/site-packages/certbot/_internal/main.py", line 142, in _get_and_save_cert
    lineage = le_client.obtain_and_enroll_certificate(domains, certname)
  File "/usr/lib/python3.9/site-packages/certbot/_internal/client.py", line 518, in obtain_and_enroll_certificate
    cert, chain, key, _ = self.obtain_certificate(domains)
  File "/usr/lib/python3.9/site-packages/certbot/_internal/client.py", line 429, in obtain_certificate
    orderr = self._get_order_and_authorizations(csr.data, self.config.allow_subset_of_names)
  File "/usr/lib/python3.9/site-packages/certbot/_internal/client.py", line 497, in _get_order_and_authorizations
    authzr = self.auth_handler.handle_authorizations(orderr, self.config, best_effort)
  File "/usr/lib/python3.9/site-packages/certbot/_internal/auth_handler.py", line 108, in handle_authorizations
    self._poll_authorizations(authzrs, max_retries, max_time_mins, best_effort)
  File "/usr/lib/python3.9/site-packages/certbot/_internal/auth_handler.py", line 212, in _poll_authorizations
    raise errors.AuthorizationError('Some challenges have failed.')
certbot.errors.AuthorizationError: Some challenges have failed.
2026-05-16 03:13:46,036:ERROR:certbot._internal.log:Some challenges have failed.
2026-05-16 03:37:47,172:DEBUG:certbot._internal.main:certbot version: 3.1.0
2026-05-16 03:37:47,172:DEBUG:certbot._internal.main:Location of certbot entry point: /bin/certbot
2026-05-16 03:37:47,172:DEBUG:certbot._internal.main:Arguments: ['--nginx', '-d', 'aildev.com.tr', '-d', 'www.aildev.com.tr', '--non-interactive', '--agree-tos', '-m', 'admin@aildev.com.tr']
2026-05-16 03:37:47,172:DEBUG:certbot._internal.main:Discovered plugins: PluginsRegistry(PluginEntryPoint#manual,PluginEntryPoint#nginx,PluginEntryPoint#null,PluginEntryPoint#standalone,PluginEntryPoint#webroot)
2026-05-16 03:37:47,180:DEBUG:certbot._internal.log:Root logging level set at 30
2026-05-16 03:37:47,181:DEBUG:certbot._internal.plugins.selection:Requested authenticator nginx and installer nginx
2026-05-16 03:37:47,287:DEBUG:certbot._internal.plugins.selection:Single candidate plugin: * nginx
Description: Nginx Web Server plugin
Interfaces: Authenticator, Installer, Plugin
Entry point: EntryPoint(name='nginx', value='certbot_nginx._internal.configurator:NginxConfigurator', group='certbot.plugins')
Initialized: <certbot_nginx._internal.configurator.NginxConfigurator object at 0x7faeb0e8cf70>
Prep: True
2026-05-16 03:37:47,287:DEBUG:certbot._internal.plugins.selection:Selected authenticator <certbot_nginx._internal.configurator.NginxConfigurator object at 0x7faeb0e8cf70> and installer <certbot_nginx._internal.configurator.NginxConfigurator object at 0x7faeb0e8cf70>
2026-05-16 03:37:47,287:INFO:certbot._internal.plugins.selection:Plugins selected: Authenticator nginx, Installer nginx
2026-05-16 03:37:47,364:DEBUG:certbot._internal.main:Picked account: <Account(RegistrationResource(body=Registration(key=None, contact=(), agreement=None, status=None, terms_of_service_agreed=None, only_return_existing=None, external_account_binding=None), uri='https://acme-v02.api.letsencrypt.org/acme/acct/3335975146', new_authzr_uri=None, terms_of_service=None), 06ef36118767e1490ef59f11e24adcd8, Meta(creation_dt=datetime.datetime(2026, 5, 14, 23, 36, 10, tzinfo=<UTC>), creation_host='localhost.localdomain', register_to_eff=None))>
2026-05-16 03:37:47,364:DEBUG:acme.client:Sending GET request to https://acme-v02.api.letsencrypt.org/directory.
2026-05-16 03:37:47,366:DEBUG:urllib3.connectionpool:Starting new HTTPS connection (1): acme-v02.api.letsencrypt.org:443
2026-05-16 03:37:47,904:DEBUG:urllib3.connectionpool:https://acme-v02.api.letsencrypt.org:443 "GET /directory HTTP/1.1" 200 1033
2026-05-16 03:37:47,904:DEBUG:acme.client:Received response:
HTTP 200
Server: nginx
Date: Sat, 16 May 2026 00:37:47 GMT
Content-Type: application/json
Content-Length: 1033
Connection: keep-alive
Cache-Control: public, max-age=0, no-cache
X-Frame-Options: DENY
Strict-Transport-Security: max-age=604800

{
  "keyChange": "https://acme-v02.api.letsencrypt.org/acme/key-change",
  "lP-A-hadkxc": "https://community.letsencrypt.org/t/adding-random-entries-to-the-directory/33417",
  "meta": {
    "caaIdentities": [
      "letsencrypt.org"
    ],
    "profiles": {
      "classic": "https://letsencrypt.org/docs/profiles#classic",
      "shortlived": "https://letsencrypt.org/docs/profiles#shortlived",
      "tlsclient": "https://letsencrypt.org/docs/profiles#tlsclient",
      "tlsserver": "https://letsencrypt.org/docs/profiles#tlsserver"
    },
    "termsOfService": "https://letsencrypt.org/documents/LE-SA-v1.6-August-18-2025.pdf",
    "website": "https://letsencrypt.org"
  },
  "newAccount": "https://acme-v02.api.letsencrypt.org/acme/new-acct",
  "newNonce": "https://acme-v02.api.letsencrypt.org/acme/new-nonce",
  "newOrder": "https://acme-v02.api.letsencrypt.org/acme/new-order",
  "renewalInfo": "https://acme-v02.api.letsencrypt.org/acme/renewal-info",
  "revokeCert": "https://acme-v02.api.letsencrypt.org/acme/revoke-cert"
}
2026-05-16 03:37:47,904:DEBUG:certbot._internal.display.obj:Notifying user: Requesting a certificate for aildev.com.tr and www.aildev.com.tr
2026-05-16 03:37:47,906:DEBUG:acme.client:Requesting fresh nonce
2026-05-16 03:37:47,906:DEBUG:acme.client:Sending HEAD request to https://acme-v02.api.letsencrypt.org/acme/new-nonce.
2026-05-16 03:37:48,082:DEBUG:urllib3.connectionpool:https://acme-v02.api.letsencrypt.org:443 "HEAD /acme/new-nonce HTTP/1.1" 200 0
2026-05-16 03:37:48,082:DEBUG:acme.client:Received response:
HTTP 200
Server: nginx
Date: Sat, 16 May 2026 00:37:47 GMT
Connection: keep-alive
Cache-Control: public, max-age=0, no-cache
Link: <https://acme-v02.api.letsencrypt.org/directory>;rel="index"
Replay-Nonce: CqJAX5X9bNIjehMgub-JLB5p1yy4KeyLT2hK8YSP3IZ5DPO6SO8
X-Frame-Options: DENY
Strict-Transport-Security: max-age=604800


2026-05-16 03:37:48,082:DEBUG:acme.client:Storing nonce: CqJAX5X9bNIjehMgub-JLB5p1yy4KeyLT2hK8YSP3IZ5DPO6SO8
2026-05-16 03:37:48,082:DEBUG:acme.client:JWS payload:
b'{\n  "identifiers": [\n    {\n      "type": "dns",\n      "value": "aildev.com.tr"\n    },\n    {\n      "type": "dns",\n      "value": "www.aildev.com.tr"\n    }\n  ]\n}'
2026-05-16 03:37:48,085:DEBUG:acme.client:Sending POST request to https://acme-v02.api.letsencrypt.org/acme/new-order:
{
  "protected": "eyJhbGciOiAiUlMyNTYiLCAia2lkIjogImh0dHBzOi8vYWNtZS12MDIuYXBpLmxldHNlbmNyeXB0Lm9yZy9hY21lL2FjY3QvMzMzNTk3NTE0NiIsICJub25jZSI6ICJDcUpBWDVYOWJOSWplaE1ndWItSkxCNXAxeXk0S2V5TFQyaEs4WVNQM0laNURQTzZTTzgiLCAidXJsIjogImh0dHBzOi8vYWNtZS12MDIuYXBpLmxldHNlbmNyeXB0Lm9yZy9hY21lL25ldy1vcmRlciJ9",
  "signature": "Xy4CiL2E3V_qFstDvWNWd0U4DoOMEVB1ZopsMOB4MV8c05vABmECx0P9U8ns2YRlVo2P7mJDHCKUzu8d87-AABC4DIeuvw_bqmrFoATKzk5KgyVHIJFj6TMfUjaZ0Q6Hhk_cUUlmBw47WywoBThs51YJugiJMopK7TLEV-LFexS9mjp5GuWhzZvUeMWFYQ__k6gH5QnLi9ud3tIkxXkc82KjvtCZWevffezdhKouG1es1gGlz06t6GgMEVAyVhivop3iXIsjDQvXyQpt02K3zTFpvPCtiC5hxTiHwxKZDQ9JMfDIDlR-eFfIhmTgIbDCbZb2B1k8yAVyS2dunWol9g",
  "payload": "ewogICJpZGVudGlmaWVycyI6IFsKICAgIHsKICAgICAgInR5cGUiOiAiZG5zIiwKICAgICAgInZhbHVlIjogImFpbGRldi5jb20udHIiCiAgICB9LAogICAgewogICAgICAidHlwZSI6ICJkbnMiLAogICAgICAidmFsdWUiOiAid3d3LmFpbGRldi5jb20udHIiCiAgICB9CiAgXQp9"
}
2026-05-16 03:37:48,801:DEBUG:urllib3.connectionpool:https://acme-v02.api.letsencrypt.org:443 "POST /acme/new-order HTTP/1.1" 201 495
2026-05-16 03:37:48,801:DEBUG:acme.client:Received response:
HTTP 201
Server: nginx
Date: Sat, 16 May 2026 00:37:48 GMT
Content-Type: application/json
Content-Length: 495
Connection: keep-alive
Boulder-Requester: 3335975146
Cache-Control: public, max-age=0, no-cache
Link: <https://acme-v02.api.letsencrypt.org/directory>;rel="index"
Location: https://acme-v02.api.letsencrypt.org/acme/order/3335975146/511289743816
Replay-Nonce: CqJAX5X9eCHAODjITpnaW7Dv-miTZSV0HvhiqjTK48CK80gl6p4
X-Frame-Options: DENY
Strict-Transport-Security: max-age=604800

{
  "status": "pending",
  "expires": "2026-05-23T00:37:48Z",
  "identifiers": [
    {
      "type": "dns",
      "value": "aildev.com.tr"
    },
    {
      "type": "dns",
      "value": "www.aildev.com.tr"
    }
  ],
  "authorizations": [
    "https://acme-v02.api.letsencrypt.org/acme/authz/3335975146/704901274026",
    "https://acme-v02.api.letsencrypt.org/acme/authz/3335975146/704901274036"
  ],
  "finalize": "https://acme-v02.api.letsencrypt.org/acme/finalize/3335975146/511289743816"
}
2026-05-16 03:37:48,801:DEBUG:acme.client:Storing nonce: CqJAX5X9eCHAODjITpnaW7Dv-miTZSV0HvhiqjTK48CK80gl6p4
2026-05-16 03:37:48,802:DEBUG:acme.client:JWS payload:
b''
2026-05-16 03:37:48,803:DEBUG:acme.client:Sending POST request to https://acme-v02.api.letsencrypt.org/acme/authz/3335975146/704901274026:
{
  "protected": "eyJhbGciOiAiUlMyNTYiLCAia2lkIjogImh0dHBzOi8vYWNtZS12MDIuYXBpLmxldHNlbmNyeXB0Lm9yZy9hY21lL2FjY3QvMzMzNTk3NTE0NiIsICJub25jZSI6ICJDcUpBWDVYOWVDSEFPRGpJVHBuYVc3RHYtbWlUWlNWMEh2aGlxalRLNDhDSzgwZ2w2cDQiLCAidXJsIjogImh0dHBzOi8vYWNtZS12MDIuYXBpLmxldHNlbmNyeXB0Lm9yZy9hY21lL2F1dGh6LzMzMzU5NzUxNDYvNzA0OTAxMjc0MDI2In0",
  "signature": "S1Ke-bZRl0q79iWpqVRwoT2dUgxOJgwL_YnL_QbNmVE3KoFBy30h4m9VQmwO3Y1K_a4ghwFOu18WA-wwspdLYCNMn42FGAI0wuMLFbZzNH13vvzBBFgX2q-H-B-bP2bAcN52qWiktlSyOhem6hvKYVgW2SgrD72zWRG1sZLHtS0WNgUIbiISQ8GDFPOQFHivbZeYUQkTrQzpR-h7N6nU36ZXE_r1nVe4XdriojrD2bgx3oBjhzJZsP-nULCJcW_UJJUgjzzL7P7FAODEm-JxYGFSRarlnJ9aHhnnFw8iOXRVrSN2_6qkZtV4_AAa0YwOZ7K6KhJoCHS2lgdnbHdEmg",
  "payload": ""
}
2026-05-16 03:37:48,981:DEBUG:urllib3.connectionpool:https://acme-v02.api.letsencrypt.org:443 "POST /acme/authz/3335975146/704901274026 HTTP/1.1" 200 821
2026-05-16 03:37:48,981:DEBUG:acme.client:Received response:
HTTP 200
Server: nginx
Date: Sat, 16 May 2026 00:37:48 GMT
Content-Type: application/json
Content-Length: 821
Connection: keep-alive
Boulder-Requester: 3335975146
Cache-Control: public, max-age=0, no-cache
Link: <https://acme-v02.api.letsencrypt.org/directory>;rel="index"
Replay-Nonce: xoZfuRf-SrxoszrA5t-COtAg5GBzxZWVSdhUIjbnSpcxZ-Vxris
X-Frame-Options: DENY
Strict-Transport-Security: max-age=604800

{
  "identifier": {
    "type": "dns",
    "value": "aildev.com.tr"
  },
  "status": "pending",
  "expires": "2026-05-23T00:37:48Z",
  "challenges": [
    {
      "type": "http-01",
      "url": "https://acme-v02.api.letsencrypt.org/acme/chall/3335975146/704901274026/LMuFNA",
      "status": "pending",
      "token": "Hkb3xfAzHdVWxa5-_k_kyw5lfNqfXfgKCtx7-R8c6PY"
    },
    {
      "type": "dns-01",
      "url": "https://acme-v02.api.letsencrypt.org/acme/chall/3335975146/704901274026/YaNnZQ",
      "status": "pending",
      "token": "Hkb3xfAzHdVWxa5-_k_kyw5lfNqfXfgKCtx7-R8c6PY"
    },
    {
      "type": "tls-alpn-01",
      "url": "https://acme-v02.api.letsencrypt.org/acme/chall/3335975146/704901274026/Li37SQ",
      "status": "pending",
      "token": "Hkb3xfAzHdVWxa5-_k_kyw5lfNqfXfgKCtx7-R8c6PY"
    }
  ]
}
2026-05-16 03:37:48,981:DEBUG:acme.client:Storing nonce: xoZfuRf-SrxoszrA5t-COtAg5GBzxZWVSdhUIjbnSpcxZ-Vxris
2026-05-16 03:37:48,981:DEBUG:acme.client:JWS payload:
b''
2026-05-16 03:37:48,983:DEBUG:acme.client:Sending POST request to https://acme-v02.api.letsencrypt.org/acme/authz/3335975146/704901274036:
{
  "protected": "eyJhbGciOiAiUlMyNTYiLCAia2lkIjogImh0dHBzOi8vYWNtZS12MDIuYXBpLmxldHNlbmNyeXB0Lm9yZy9hY21lL2FjY3QvMzMzNTk3NTE0NiIsICJub25jZSI6ICJ4b1pmdVJmLVNyeG9zenJBNXQtQ090QWc1R0J6eFpXVlNkaFVJamJuU3BjeFotVnhyaXMiLCAidXJsIjogImh0dHBzOi8vYWNtZS12MDIuYXBpLmxldHNlbmNyeXB0Lm9yZy9hY21lL2F1dGh6LzMzMzU5NzUxNDYvNzA0OTAxMjc0MDM2In0",
  "signature": "OhZkc1crGyYK333xoOJYgT_y0Mqf9uVBY9tWLcKfGADDIZEK5zIz3IW-K6leOjmZqaJlPJbmM8DJpxvrV8OchkMfGVotIMDoNk8aVosiSa20FQ9WESSapx-t2AQgv6J9PBcPfHHBuwC9tWHploM0UYrvxFiBQ-l-VAUmReEfPfS5fYM5ZH0MOJ2M90IAPZNENqaetuWcsYL33t-MEidLmamzkvbjL3GOl-25Y15qgB61QFyL3R7cpaiI-UWc6lEh0yTzDhaEDUsDu_uOoyFlfDCHz5Lrv2iAXgCvhqTky0NgWz-4VoEh7FqYlC6oAefB7IF811-5B-GyQkkQ_deY6w",
  "payload": ""
}
2026-05-16 03:37:49,162:DEBUG:urllib3.connectionpool:https://acme-v02.api.letsencrypt.org:443 "POST /acme/authz/3335975146/704901274036 HTTP/1.1" 200 825
2026-05-16 03:37:49,163:DEBUG:acme.client:Received response:
HTTP 200
Server: nginx
Date: Sat, 16 May 2026 00:37:49 GMT
Content-Type: application/json
Content-Length: 825
Connection: keep-alive
Boulder-Requester: 3335975146
Cache-Control: public, max-age=0, no-cache
Link: <https://acme-v02.api.letsencrypt.org/directory>;rel="index"
Replay-Nonce: CqJAX5X9HdNZkBmzh2ccGB3sWd4EslOHIVJZmnNRisZMMiA2i1Y
X-Frame-Options: DENY
Strict-Transport-Security: max-age=604800

{
  "identifier": {
    "type": "dns",
    "value": "www.aildev.com.tr"
  },
  "status": "pending",
  "expires": "2026-05-23T00:37:48Z",
  "challenges": [
    {
      "type": "tls-alpn-01",
      "url": "https://acme-v02.api.letsencrypt.org/acme/chall/3335975146/704901274036/4odlmg",
      "status": "pending",
      "token": "-7uTARqtBq_F6WhhDBs-oaLFCuNt-kglSLlEtep9tYs"
    },
    {
      "type": "dns-01",
      "url": "https://acme-v02.api.letsencrypt.org/acme/chall/3335975146/704901274036/Ur51wg",
      "status": "pending",
      "token": "-7uTARqtBq_F6WhhDBs-oaLFCuNt-kglSLlEtep9tYs"
    },
    {
      "type": "http-01",
      "url": "https://acme-v02.api.letsencrypt.org/acme/chall/3335975146/704901274036/nM2whQ",
      "status": "pending",
      "token": "-7uTARqtBq_F6WhhDBs-oaLFCuNt-kglSLlEtep9tYs"
    }
  ]
}
2026-05-16 03:37:49,163:DEBUG:acme.client:Storing nonce: CqJAX5X9HdNZkBmzh2ccGB3sWd4EslOHIVJZmnNRisZMMiA2i1Y
2026-05-16 03:37:49,163:INFO:certbot._internal.auth_handler:Performing the following challenges:
2026-05-16 03:37:49,163:INFO:certbot._internal.auth_handler:http-01 challenge for aildev.com.tr
2026-05-16 03:37:49,163:INFO:certbot._internal.auth_handler:http-01 challenge for www.aildev.com.tr
2026-05-16 03:37:49,172:DEBUG:certbot_nginx._internal.http_01:Generated server block:
[]
2026-05-16 03:37:49,173:DEBUG:certbot.reverter:Creating backup of /etc/nginx/conf.d/aildev.com.tr.conf
2026-05-16 03:37:49,173:DEBUG:certbot.reverter:Creating backup of /etc/nginx/nginx.conf
2026-05-16 03:37:49,173:DEBUG:certbot.reverter:Creating backup of /etc/nginx/mime.types
2026-05-16 03:37:49,174:DEBUG:certbot_nginx._internal.parser:Writing nginx conf tree to /etc/nginx/nginx.conf:
# For more information on configuration, see:
#   * Official English Documentation: http://nginx.org/en/docs/
#   * Official Russian Documentation: http://nginx.org/ru/docs/

user nginx;
worker_processes auto;
error_log /var/log/nginx/error.log;
pid /run/nginx.pid;

# Load dynamic modules. See /usr/share/doc/nginx/README.dynamic.
include /usr/share/nginx/modules/*.conf;

events {
    worker_connections 1024;
}

http {
server_names_hash_bucket_size 128;
include /etc/letsencrypt/le_http_01_cert_challenge.conf;
    log_format  main  '$remote_addr - $remote_user [$time_local] "$request" '
                      '$status $body_bytes_sent "$http_referer" '
                      '"$http_user_agent" "$http_x_forwarded_for"';

    access_log  /var/log/nginx/access.log  main;

    sendfile            on;
    tcp_nopush          on;
    tcp_nodelay         on;
    keepalive_timeout   65;
    types_hash_max_size 4096;

    include             /etc/nginx/mime.types;
    default_type        application/octet-stream;

    # Load modular configuration files from the /etc/nginx/conf.d directory.
    # See http://nginx.org/en/docs/ngx_core_module.html#include
    # for more information.
    include /etc/nginx/conf.d/*.conf;

    server {
        listen       80;
        listen       [::]:80;
        server_name  _;
        root         /usr/share/nginx/html;

        # Load configuration files for the default server block.
        include /etc/nginx/default.d/*.conf;

        error_page 404 /404.html;
        location = /404.html {
        }

        error_page 500 502 503 504 /50x.html;
        location = /50x.html {
        }
    }

# Settings for a TLS enabled server.
#
#    server {
#        listen       443 ssl http2;
#        listen       [::]:443 ssl http2;
#        server_name  _;
#        root         /usr/share/nginx/html;
#
#        ssl_certificate "/etc/pki/nginx/server.crt";
#        ssl_certificate_key "/etc/pki/nginx/private/server.key";
#        ssl_session_cache shared:SSL:1m;
#        ssl_session_timeout  10m;
#        ssl_ciphers PROFILE=SYSTEM;
#        ssl_prefer_server_ciphers on;
#
#        # Load configuration files for the default server block.
#        include /etc/nginx/default.d/*.conf;
#
#        error_page 404 /404.html;
#            location = /40x.html {
#        }
#
#        error_page 500 502 503 504 /50x.html;
#            location = /50x.html {
#        }
#    }

}


2026-05-16 03:37:49,175:DEBUG:certbot_nginx._internal.parser:Writing nginx conf tree to /etc/nginx/conf.d/aildev.com.tr.conf:
server {rewrite ^(/.well-known/acme-challenge/.*) $1 break; # managed by Certbot

rewrite ^(/.well-known/acme-challenge/.*) $1 break; # managed by Certbot


	listen 80;
	server_name aildev.com.tr www.aildev.com.tr;
	root /var/www/aildev.com.tr/public_html;
	index index.html;
location = /.well-known/acme-challenge/Hkb3xfAzHdVWxa5-_k_kyw5lfNqfXfgKCtx7-R8c6PY{default_type text/plain;return 200 Hkb3xfAzHdVWxa5-_k_kyw5lfNqfXfgKCtx7-R8c6PY.xdposO9b9Wh_xtPi8Sv_WipAv9HlWmCZhJFBxeXjIWY;} # managed by Certbot

location = /.well-known/acme-challenge/-7uTARqtBq_F6WhhDBs-oaLFCuNt-kglSLlEtep9tYs{default_type text/plain;return 200 -7uTARqtBq_F6WhhDBs-oaLFCuNt-kglSLlEtep9tYs.xdposO9b9Wh_xtPi8Sv_WipAv9HlWmCZhJFBxeXjIWY;} # managed by Certbot

}

2026-05-16 03:37:50,182:DEBUG:acme.client:JWS payload:
b'{}'
2026-05-16 03:37:50,185:DEBUG:acme.client:Sending POST request to https://acme-v02.api.letsencrypt.org/acme/chall/3335975146/704901274026/LMuFNA:
{
  "protected": "eyJhbGciOiAiUlMyNTYiLCAia2lkIjogImh0dHBzOi8vYWNtZS12MDIuYXBpLmxldHNlbmNyeXB0Lm9yZy9hY21lL2FjY3QvMzMzNTk3NTE0NiIsICJub25jZSI6ICJDcUpBWDVYOUhkTlprQm16aDJjY0dCM3NXZDRFc2xPSElWSlptbk5SaXNaTU1pQTJpMVkiLCAidXJsIjogImh0dHBzOi8vYWNtZS12MDIuYXBpLmxldHNlbmNyeXB0Lm9yZy9hY21lL2NoYWxsLzMzMzU5NzUxNDYvNzA0OTAxMjc0MDI2L0xNdUZOQSJ9",
  "signature": "f-S5lFz09ybVjpqddLuomrWsQ0pHOAD_tfqTYOlLVu93G_j82HQCoOQFm8HC8880jwM8GhW9tYX1UeCr6W480ovxr_6Y9qt2NzOXdamclwYoxrsbDtaGaLFnDHfXo6IDwcQtZTHW3Frfz_MelHl0HAhLaZ97SYqrDW470WQG8dQLirvHSYHL04eFKnqOnLJXNZdR4vHKy2lke_2F7wU0DQciF9mIrg99879UJzqG_Jpoae8brHbfz4LQxUAgdU92ohj44C6QVRwXwFLHwIRNLeItxl9SKh8tulIQPhlxqX_a03Ch2d1ZO_o5U6G5evXnQMOb00mSg2tgb_P9EuZNrw",
  "payload": "e30"
}
2026-05-16 03:37:50,364:DEBUG:urllib3.connectionpool:https://acme-v02.api.letsencrypt.org:443 "POST /acme/chall/3335975146/704901274026/LMuFNA HTTP/1.1" 200 195
2026-05-16 03:37:50,365:DEBUG:acme.client:Received response:
HTTP 200
Server: nginx
Date: Sat, 16 May 2026 00:37:50 GMT
Content-Type: application/json
Content-Length: 195
Connection: keep-alive
Boulder-Requester: 3335975146
Cache-Control: public, max-age=0, no-cache
Link: <https://acme-v02.api.letsencrypt.org/directory>;rel="index", <https://acme-v02.api.letsencrypt.org/acme/authz/3335975146/704901274026>;rel="up"
Location: https://acme-v02.api.letsencrypt.org/acme/chall/3335975146/704901274026/LMuFNA
Replay-Nonce: xoZfuRf-KGy0N1Bge32POYZzwu4NrhUkQdVg3t8uWtpT9BzFU0M
X-Frame-Options: DENY
Strict-Transport-Security: max-age=604800

{
  "type": "http-01",
  "url": "https://acme-v02.api.letsencrypt.org/acme/chall/3335975146/704901274026/LMuFNA",
  "status": "pending",
  "token": "Hkb3xfAzHdVWxa5-_k_kyw5lfNqfXfgKCtx7-R8c6PY"
}
2026-05-16 03:37:50,365:DEBUG:acme.client:Storing nonce: xoZfuRf-KGy0N1Bge32POYZzwu4NrhUkQdVg3t8uWtpT9BzFU0M
2026-05-16 03:37:50,365:DEBUG:acme.client:JWS payload:
b'{}'
2026-05-16 03:37:50,367:DEBUG:acme.client:Sending POST request to https://acme-v02.api.letsencrypt.org/acme/chall/3335975146/704901274036/nM2whQ:
{
  "protected": "eyJhbGciOiAiUlMyNTYiLCAia2lkIjogImh0dHBzOi8vYWNtZS12MDIuYXBpLmxldHNlbmNyeXB0Lm9yZy9hY21lL2FjY3QvMzMzNTk3NTE0NiIsICJub25jZSI6ICJ4b1pmdVJmLUtHeTBOMUJnZTMyUE9ZWnp3dTROcmhVa1FkVmczdDh1V3RwVDlCekZVME0iLCAidXJsIjogImh0dHBzOi8vYWNtZS12MDIuYXBpLmxldHNlbmNyeXB0Lm9yZy9hY21lL2NoYWxsLzMzMzU5NzUxNDYvNzA0OTAxMjc0MDM2L25NMndoUSJ9",
  "signature": "t4yZ4Ou2jvB0RcFf8nsJIHSz-eCyBi_FKmROpK8uFHjIEfA780UX_vkYt_d6vR7VtHg1fjQoFfh-PXuI3GX0ACLnDudS5CsfB_4x3l5hbqQQhodYZkE5vhnD_RWky-M97cGYwjVS9uEd8KTNulsPC-te3H9n98kLXtiPly10oQBO7huPcoEleo1kqlmtJ1ntjqe0zDEpw5LzKEqTetlfCB84zniJTnGfKGgY7XtdAheMaqdA2UCky36kjflrQWMjA0KFn0e5Y7RieZ6Ewb5mA11J-JUSRI9eWcssBA0M2urIulnXEuYDmOFMDFl27uX6jZrJxB2_y71kIFc6dg_JmA",
  "payload": "e30"
}
2026-05-16 03:37:50,547:DEBUG:urllib3.connectionpool:https://acme-v02.api.letsencrypt.org:443 "POST /acme/chall/3335975146/704901274036/nM2whQ HTTP/1.1" 200 195
2026-05-16 03:37:50,548:DEBUG:acme.client:Received response:
HTTP 200
Server: nginx
Date: Sat, 16 May 2026 00:37:50 GMT
Content-Type: application/json
Content-Length: 195
Connection: keep-alive
Boulder-Requester: 3335975146
Cache-Control: public, max-age=0, no-cache
Link: <https://acme-v02.api.letsencrypt.org/directory>;rel="index", <https://acme-v02.api.letsencrypt.org/acme/authz/3335975146/704901274036>;rel="up"
Location: https://acme-v02.api.letsencrypt.org/acme/chall/3335975146/704901274036/nM2whQ
Replay-Nonce: CqJAX5X9rI1c98ERk6hXkL2hR2NfXezTGM00lG8Vhzz6Otff4fA
X-Frame-Options: DENY
Strict-Transport-Security: max-age=604800

{
  "type": "http-01",
  "url": "https://acme-v02.api.letsencrypt.org/acme/chall/3335975146/704901274036/nM2whQ",
  "status": "pending",
  "token": "-7uTARqtBq_F6WhhDBs-oaLFCuNt-kglSLlEtep9tYs"
}
2026-05-16 03:37:50,548:DEBUG:acme.client:Storing nonce: CqJAX5X9rI1c98ERk6hXkL2hR2NfXezTGM00lG8Vhzz6Otff4fA
2026-05-16 03:37:50,548:INFO:certbot._internal.auth_handler:Waiting for verification...
2026-05-16 03:37:51,549:DEBUG:acme.client:JWS payload:
b''
2026-05-16 03:37:51,551:DEBUG:acme.client:Sending POST request to https://acme-v02.api.letsencrypt.org/acme/authz/3335975146/704901274026:
{
  "protected": "eyJhbGciOiAiUlMyNTYiLCAia2lkIjogImh0dHBzOi8vYWNtZS12MDIuYXBpLmxldHNlbmNyeXB0Lm9yZy9hY21lL2FjY3QvMzMzNTk3NTE0NiIsICJub25jZSI6ICJDcUpBWDVYOXJJMWM5OEVSazZoWGtMMmhSMk5mWGV6VEdNMDBsRzhWaHp6Nk90ZmY0ZkEiLCAidXJsIjogImh0dHBzOi8vYWNtZS12MDIuYXBpLmxldHNlbmNyeXB0Lm9yZy9hY21lL2F1dGh6LzMzMzU5NzUxNDYvNzA0OTAxMjc0MDI2In0",
  "signature": "khSNXHi2mJrX4r_jXft3l7xFc6e-Ir7oOaqWGzIW7eaZxCYsf-LJnnRVmXxHaGQTKM7VqxcxQBxkQU1tI_NE05LI2OfB7OZIrD9VyqK5wxt1PFUm0nK1KW1PFTZtXxyc2yLATxFPPBNvJZlO-Omr_KhDRJAdPWzaVjC4FM_hJuaPuMFJ_77lSqjcFCQ2mj0F4tflJku6XiRygbz5RXAILX0TvVOQxMC40lGqo_jFjL6Z95JSgH5Zm5QAEG53bVcwGdlesogVYZ48JpxGU9Ps1nAuhmyA9WuHoGYGuAyXdCqKJPe7EZym47HqjRwBxrL5tfrZRm0Jwth0-1xYRKG1jw",
  "payload": ""
}
2026-05-16 03:37:51,728:DEBUG:urllib3.connectionpool:https://acme-v02.api.letsencrypt.org:443 "POST /acme/authz/3335975146/704901274026 HTTP/1.1" 200 821
2026-05-16 03:37:51,729:DEBUG:acme.client:Received response:
HTTP 200
Server: nginx
Date: Sat, 16 May 2026 00:37:51 GMT
Content-Type: application/json
Content-Length: 821
Connection: keep-alive
Boulder-Requester: 3335975146
Cache-Control: public, max-age=0, no-cache
Link: <https://acme-v02.api.letsencrypt.org/directory>;rel="index"
Replay-Nonce: xoZfuRf-8Bp0kBQLVq3WtiYRv0s2oGcg96S0w7dU_LYiM_wCqdk
X-Frame-Options: DENY
Strict-Transport-Security: max-age=604800

{
  "identifier": {
    "type": "dns",
    "value": "aildev.com.tr"
  },
  "status": "pending",
  "expires": "2026-05-23T00:37:48Z",
  "challenges": [
    {
      "type": "http-01",
      "url": "https://acme-v02.api.letsencrypt.org/acme/chall/3335975146/704901274026/LMuFNA",
      "status": "pending",
      "token": "Hkb3xfAzHdVWxa5-_k_kyw5lfNqfXfgKCtx7-R8c6PY"
    },
    {
      "type": "tls-alpn-01",
      "url": "https://acme-v02.api.letsencrypt.org/acme/chall/3335975146/704901274026/Li37SQ",
      "status": "pending",
      "token": "Hkb3xfAzHdVWxa5-_k_kyw5lfNqfXfgKCtx7-R8c6PY"
    },
    {
      "type": "dns-01",
      "url": "https://acme-v02.api.letsencrypt.org/acme/chall/3335975146/704901274026/YaNnZQ",
      "status": "pending",
      "token": "Hkb3xfAzHdVWxa5-_k_kyw5lfNqfXfgKCtx7-R8c6PY"
    }
  ]
}
2026-05-16 03:37:51,729:DEBUG:acme.client:Storing nonce: xoZfuRf-8Bp0kBQLVq3WtiYRv0s2oGcg96S0w7dU_LYiM_wCqdk
2026-05-16 03:37:51,729:DEBUG:acme.client:JWS payload:
b''
2026-05-16 03:37:51,730:DEBUG:acme.client:Sending POST request to https://acme-v02.api.letsencrypt.org/acme/authz/3335975146/704901274036:
{
  "protected": "eyJhbGciOiAiUlMyNTYiLCAia2lkIjogImh0dHBzOi8vYWNtZS12MDIuYXBpLmxldHNlbmNyeXB0Lm9yZy9hY21lL2FjY3QvMzMzNTk3NTE0NiIsICJub25jZSI6ICJ4b1pmdVJmLThCcDBrQlFMVnEzV3RpWVJ2MHMyb0djZzk2UzB3N2RVX0xZaU1fd0NxZGsiLCAidXJsIjogImh0dHBzOi8vYWNtZS12MDIuYXBpLmxldHNlbmNyeXB0Lm9yZy9hY21lL2F1dGh6LzMzMzU5NzUxNDYvNzA0OTAxMjc0MDM2In0",
  "signature": "vsskvb3RCTZCJEShHBbI5abBKmL5DBhJFTpGbHJ_nv067oi1OoBUZj49HXc0UtEwHsKtOuK0thGrxuVY_x2zxBTmo1tLYD8icfcmpEMcxBBM74dvhtaWibX-G6sbIBeSPqxt16CPZI9EZKvYqlXi9qzv0VJ9sbD5DlppElUULBRTZjEqkBkHYHny5RQ9xuzh20Ss_IZsRI-IiPHUdTHpwXQeHIVso_R7Xm9mUr7MkJALoWgKVFDPIqIdtPVcKp605wKzXS1cGsZxrkdvD2JArT_5oZc_A6zqilYyovBG_ymKKDKI7OyNAlYDFWAl4l3jPQSm0BJ3tXJsOAG-yNs8vw",
  "payload": ""
}
2026-05-16 03:37:51,910:DEBUG:urllib3.connectionpool:https://acme-v02.api.letsencrypt.org:443 "POST /acme/authz/3335975146/704901274036 HTTP/1.1" 200 825
2026-05-16 03:37:51,910:DEBUG:acme.client:Received response:
HTTP 200
Server: nginx
Date: Sat, 16 May 2026 00:37:51 GMT
Content-Type: application/json
Content-Length: 825
Connection: keep-alive
Boulder-Requester: 3335975146
Cache-Control: public, max-age=0, no-cache
Link: <https://acme-v02.api.letsencrypt.org/directory>;rel="index"
Replay-Nonce: xoZfuRf-5apw7LyZ6NUaZQbi3g4Nd4sjTUUYESZDlHs0NF-PDAM
X-Frame-Options: DENY
Strict-Transport-Security: max-age=604800

{
  "identifier": {
    "type": "dns",
    "value": "www.aildev.com.tr"
  },
  "status": "pending",
  "expires": "2026-05-23T00:37:48Z",
  "challenges": [
    {
      "type": "tls-alpn-01",
      "url": "https://acme-v02.api.letsencrypt.org/acme/chall/3335975146/704901274036/4odlmg",
      "status": "pending",
      "token": "-7uTARqtBq_F6WhhDBs-oaLFCuNt-kglSLlEtep9tYs"
    },
    {
      "type": "dns-01",
      "url": "https://acme-v02.api.letsencrypt.org/acme/chall/3335975146/704901274036/Ur51wg",
      "status": "pending",
      "token": "-7uTARqtBq_F6WhhDBs-oaLFCuNt-kglSLlEtep9tYs"
    },
    {
      "type": "http-01",
      "url": "https://acme-v02.api.letsencrypt.org/acme/chall/3335975146/704901274036/nM2whQ",
      "status": "pending",
      "token": "-7uTARqtBq_F6WhhDBs-oaLFCuNt-kglSLlEtep9tYs"
    }
  ]
}
2026-05-16 03:37:51,910:DEBUG:acme.client:Storing nonce: xoZfuRf-5apw7LyZ6NUaZQbi3g4Nd4sjTUUYESZDlHs0NF-PDAM
2026-05-16 03:37:54,914:DEBUG:acme.client:JWS payload:
b''
2026-05-16 03:37:54,915:DEBUG:acme.client:Sending POST request to https://acme-v02.api.letsencrypt.org/acme/authz/3335975146/704901274026:
{
  "protected": "eyJhbGciOiAiUlMyNTYiLCAia2lkIjogImh0dHBzOi8vYWNtZS12MDIuYXBpLmxldHNlbmNyeXB0Lm9yZy9hY21lL2FjY3QvMzMzNTk3NTE0NiIsICJub25jZSI6ICJ4b1pmdVJmLTVhcHc3THlaNk5VYVpRYmkzZzROZDRzalRVVVlFU1pEbEhzME5GLVBEQU0iLCAidXJsIjogImh0dHBzOi8vYWNtZS12MDIuYXBpLmxldHNlbmNyeXB0Lm9yZy9hY21lL2F1dGh6LzMzMzU5NzUxNDYvNzA0OTAxMjc0MDI2In0",
  "signature": "l0D_76ygDTzW2YVOI8mlcVllQrI8773gqRe6u7onBJVVmgxfY9JVTYjiyjpJJ9AQSHvM9BKoqIq6WyJTkA5_hv_VtmGNxI9geWeZgEUrQc_hUOjOU5w929jspR--2ADILoLAro4gdKGnbh6hOF9YEQMTrnR2oJbeA5UJLanCCwnlzdQwFv_m0m7dJt0S2XhW0wVswxZSnjZd-wLOfQadjmxYaErIW-gwFn8_JO02GiUgJNl6oT4rEQLGKXv1AFPKmzGrcW-yek-2O1QpuwhQWRheGdXGbHeS-aG29t8ar8BlPmq2vz8KNoozz15kdkJTyr9KsW4qtTVcx0OWH9170A",
  "payload": ""
}
2026-05-16 03:37:55,094:DEBUG:urllib3.connectionpool:https://acme-v02.api.letsencrypt.org:443 "POST /acme/authz/3335975146/704901274026 HTTP/1.1" 200 821
2026-05-16 03:37:55,094:DEBUG:acme.client:Received response:
HTTP 200
Server: nginx
Date: Sat, 16 May 2026 00:37:55 GMT
Content-Type: application/json
Content-Length: 821
Connection: keep-alive
Boulder-Requester: 3335975146
Cache-Control: public, max-age=0, no-cache
Link: <https://acme-v02.api.letsencrypt.org/directory>;rel="index"
Replay-Nonce: xoZfuRf-vt30bNbQP_WbRy1gBVpq__UPeOZbcR-KIzp7NG9vBxo
X-Frame-Options: DENY
Strict-Transport-Security: max-age=604800

{
  "identifier": {
    "type": "dns",
    "value": "aildev.com.tr"
  },
  "status": "pending",
  "expires": "2026-05-23T00:37:48Z",
  "challenges": [
    {
      "type": "dns-01",
      "url": "https://acme-v02.api.letsencrypt.org/acme/chall/3335975146/704901274026/YaNnZQ",
      "status": "pending",
      "token": "Hkb3xfAzHdVWxa5-_k_kyw5lfNqfXfgKCtx7-R8c6PY"
    },
    {
      "type": "tls-alpn-01",
      "url": "https://acme-v02.api.letsencrypt.org/acme/chall/3335975146/704901274026/Li37SQ",
      "status": "pending",
      "token": "Hkb3xfAzHdVWxa5-_k_kyw5lfNqfXfgKCtx7-R8c6PY"
    },
    {
      "type": "http-01",
      "url": "https://acme-v02.api.letsencrypt.org/acme/chall/3335975146/704901274026/LMuFNA",
      "status": "pending",
      "token": "Hkb3xfAzHdVWxa5-_k_kyw5lfNqfXfgKCtx7-R8c6PY"
    }
  ]
}
2026-05-16 03:37:55,094:DEBUG:acme.client:Storing nonce: xoZfuRf-vt30bNbQP_WbRy1gBVpq__UPeOZbcR-KIzp7NG9vBxo
2026-05-16 03:37:55,094:DEBUG:acme.client:JWS payload:
b''
2026-05-16 03:37:55,096:DEBUG:acme.client:Sending POST request to https://acme-v02.api.letsencrypt.org/acme/authz/3335975146/704901274036:
{
  "protected": "eyJhbGciOiAiUlMyNTYiLCAia2lkIjogImh0dHBzOi8vYWNtZS12MDIuYXBpLmxldHNlbmNyeXB0Lm9yZy9hY21lL2FjY3QvMzMzNTk3NTE0NiIsICJub25jZSI6ICJ4b1pmdVJmLXZ0MzBiTmJRUF9XYlJ5MWdCVnBxX19VUGVPWmJjUi1LSXpwN05HOXZCeG8iLCAidXJsIjogImh0dHBzOi8vYWNtZS12MDIuYXBpLmxldHNlbmNyeXB0Lm9yZy9hY21lL2F1dGh6LzMzMzU5NzUxNDYvNzA0OTAxMjc0MDM2In0",
  "signature": "arH6BaowkYly7Wn_fLzqOJCF8JLM9yESNp0K2Jutv56SpTBwNDTDwX3xR65b_gJ9M0dp5FosnvdGKMPsg7DLyPM5-5jU96EtbU5IsCkKBUYXd6zbRaWo2XUfT4Gtx8BfA_bq7COqdD0y6PvkwFfYOBXh_4e1LP8DeL5BnWmqq6_wcdMzcHKe6Tib7-xwQLicUL2OVWKGoPCsbH8kXhYqp3BfzPCDSfCChbJlP0oEqHb6LvYzPfmrXmI8PHRCgQ2Mf639fALtjgLWDQpZMrRlWjTXxMH-Z8vUqKycEU4yaemr8oCyZmNMsdFlMyFf_mJdEJg24VqJuzTGjTGFs02E5w",
  "payload": ""
}
2026-05-16 03:37:55,274:DEBUG:urllib3.connectionpool:https://acme-v02.api.letsencrypt.org:443 "POST /acme/authz/3335975146/704901274036 HTTP/1.1" 200 825
2026-05-16 03:37:55,274:DEBUG:acme.client:Received response:
HTTP 200
Server: nginx
Date: Sat, 16 May 2026 00:37:55 GMT
Content-Type: application/json
Content-Length: 825
Connection: keep-alive
Boulder-Requester: 3335975146
Cache-Control: public, max-age=0, no-cache
Link: <https://acme-v02.api.letsencrypt.org/directory>;rel="index"
Replay-Nonce: xoZfuRf-XPwibU0n4DgimPhsXIkzAq8rdQ_FyVgyJa_L7hycT2w
X-Frame-Options: DENY
Strict-Transport-Security: max-age=604800

{
  "identifier": {
    "type": "dns",
    "value": "www.aildev.com.tr"
  },
  "status": "pending",
  "expires": "2026-05-23T00:37:48Z",
  "challenges": [
    {
      "type": "tls-alpn-01",
      "url": "https://acme-v02.api.letsencrypt.org/acme/chall/3335975146/704901274036/4odlmg",
      "status": "pending",
      "token": "-7uTARqtBq_F6WhhDBs-oaLFCuNt-kglSLlEtep9tYs"
    },
    {
      "type": "dns-01",
      "url": "https://acme-v02.api.letsencrypt.org/acme/chall/3335975146/704901274036/Ur51wg",
      "status": "pending",
      "token": "-7uTARqtBq_F6WhhDBs-oaLFCuNt-kglSLlEtep9tYs"
    },
    {
      "type": "http-01",
      "url": "https://acme-v02.api.letsencrypt.org/acme/chall/3335975146/704901274036/nM2whQ",
      "status": "pending",
      "token": "-7uTARqtBq_F6WhhDBs-oaLFCuNt-kglSLlEtep9tYs"
    }
  ]
}
2026-05-16 03:37:55,274:DEBUG:acme.client:Storing nonce: xoZfuRf-XPwibU0n4DgimPhsXIkzAq8rdQ_FyVgyJa_L7hycT2w
2026-05-16 03:37:58,278:DEBUG:acme.client:JWS payload:
b''
2026-05-16 03:37:58,279:DEBUG:acme.client:Sending POST request to https://acme-v02.api.letsencrypt.org/acme/authz/3335975146/704901274026:
{
  "protected": "eyJhbGciOiAiUlMyNTYiLCAia2lkIjogImh0dHBzOi8vYWNtZS12MDIuYXBpLmxldHNlbmNyeXB0Lm9yZy9hY21lL2FjY3QvMzMzNTk3NTE0NiIsICJub25jZSI6ICJ4b1pmdVJmLVhQd2liVTBuNERnaW1QaHNYSWt6QXE4cmRRX0Z5Vmd5SmFfTDdoeWNUMnciLCAidXJsIjogImh0dHBzOi8vYWNtZS12MDIuYXBpLmxldHNlbmNyeXB0Lm9yZy9hY21lL2F1dGh6LzMzMzU5NzUxNDYvNzA0OTAxMjc0MDI2In0",
  "signature": "wb_QqXVO7RIGdp5gQ2DML47adISewKj44y4CH2VONioMKXTsU2VhyGQS5GZg7785dRbuiJTR5mz5O67rD4iomueMph_PfwvPTpQWein8qCGSAGkL2ijqKZHl0nEeiPA6RVA8k89hmeNm1rUKUNmSogiQ7qN_gkjWR3jT3LsMXKwZxP8ddEfzT2JrCMH_WOpu24vCDVJIryege_YP_W5xlDoVECAMgrvDldjZ5vv3UpE8ltFDaPuyivimelxgkLy8KEPS2QSCauyiypH5D6wqzfKBkvbEKmjhofoVrGU3ROLIVhDGS6GJ_SBM3xtc63Yw3GwFmKPtdsEFbNrlDl0--A",
  "payload": ""
}
2026-05-16 03:37:58,457:DEBUG:urllib3.connectionpool:https://acme-v02.api.letsencrypt.org:443 "POST /acme/authz/3335975146/704901274026 HTTP/1.1" 200 821
2026-05-16 03:37:58,457:DEBUG:acme.client:Received response:
HTTP 200
Server: nginx
Date: Sat, 16 May 2026 00:37:58 GMT
Content-Type: application/json
Content-Length: 821
Connection: keep-alive
Boulder-Requester: 3335975146
Cache-Control: public, max-age=0, no-cache
Link: <https://acme-v02.api.letsencrypt.org/directory>;rel="index"
Replay-Nonce: CqJAX5X9DT1RKHdmWnxM9Rv_mPoN7e6Jdp5wiRsvkJW0-RiP_2Q
X-Frame-Options: DENY
Strict-Transport-Security: max-age=604800

{
  "identifier": {
    "type": "dns",
    "value": "aildev.com.tr"
  },
  "status": "pending",
  "expires": "2026-05-23T00:37:48Z",
  "challenges": [
    {
      "type": "http-01",
      "url": "https://acme-v02.api.letsencrypt.org/acme/chall/3335975146/704901274026/LMuFNA",
      "status": "pending",
      "token": "Hkb3xfAzHdVWxa5-_k_kyw5lfNqfXfgKCtx7-R8c6PY"
    },
    {
      "type": "dns-01",
      "url": "https://acme-v02.api.letsencrypt.org/acme/chall/3335975146/704901274026/YaNnZQ",
      "status": "pending",
      "token": "Hkb3xfAzHdVWxa5-_k_kyw5lfNqfXfgKCtx7-R8c6PY"
    },
    {
      "type": "tls-alpn-01",
      "url": "https://acme-v02.api.letsencrypt.org/acme/chall/3335975146/704901274026/Li37SQ",
      "status": "pending",
      "token": "Hkb3xfAzHdVWxa5-_k_kyw5lfNqfXfgKCtx7-R8c6PY"
    }
  ]
}
2026-05-16 03:37:58,457:DEBUG:acme.client:Storing nonce: CqJAX5X9DT1RKHdmWnxM9Rv_mPoN7e6Jdp5wiRsvkJW0-RiP_2Q
2026-05-16 03:37:58,457:DEBUG:acme.client:JWS payload:
b''
2026-05-16 03:37:58,459:DEBUG:acme.client:Sending POST request to https://acme-v02.api.letsencrypt.org/acme/authz/3335975146/704901274036:
{
  "protected": "eyJhbGciOiAiUlMyNTYiLCAia2lkIjogImh0dHBzOi8vYWNtZS12MDIuYXBpLmxldHNlbmNyeXB0Lm9yZy9hY21lL2FjY3QvMzMzNTk3NTE0NiIsICJub25jZSI6ICJDcUpBWDVYOURUMVJLSGRtV254TTlSdl9tUG9ON2U2SmRwNXdpUnN2a0pXMC1SaVBfMlEiLCAidXJsIjogImh0dHBzOi8vYWNtZS12MDIuYXBpLmxldHNlbmNyeXB0Lm9yZy9hY21lL2F1dGh6LzMzMzU5NzUxNDYvNzA0OTAxMjc0MDM2In0",
  "signature": "nZZXxrDQvmY-5ybvKSyesnPxFPVuoDpTZZbx2N-VUqJwP2twV_9OGo8e3mGwqcZbImTGMk4lMRY096PxXqMC0fwSs-_D1vvS5K8xp4H1iYpBeuJvkdy2n954sbzpe64wEWIZso6X0obYqmDIPwwPAI3VNBqf6xOkAuFNLF97caKTv9Ib8hvXdnDcEKT9LBBXEqjCMUuwMR71AWUQ8HneWM1WAgiCtMuTZgfOW34kdzK-K0X332tMkMGHBOXEGQOqUYEQEPym9poWqKeHIlKGN--pb6AjdqySiRyFdHOhzvFEF9Ce1O5U62oGZ6PX3Emiqr88A7dSFoKlDkF_zBLJAg",
  "payload": ""
}
2026-05-16 03:37:58,638:DEBUG:urllib3.connectionpool:https://acme-v02.api.letsencrypt.org:443 "POST /acme/authz/3335975146/704901274036 HTTP/1.1" 200 825
2026-05-16 03:37:58,638:DEBUG:acme.client:Received response:
HTTP 200
Server: nginx
Date: Sat, 16 May 2026 00:37:58 GMT
Content-Type: application/json
Content-Length: 825
Connection: keep-alive
Boulder-Requester: 3335975146
Cache-Control: public, max-age=0, no-cache
Link: <https://acme-v02.api.letsencrypt.org/directory>;rel="index"
Replay-Nonce: xoZfuRf-ZZU-9e-THvDCk8CnPVYtrY8IKNqhb5FQBahO0XQ3KfQ
X-Frame-Options: DENY
Strict-Transport-Security: max-age=604800

{
  "identifier": {
    "type": "dns",
    "value": "www.aildev.com.tr"
  },
  "status": "pending",
  "expires": "2026-05-23T00:37:48Z",
  "challenges": [
    {
      "type": "http-01",
      "url": "https://acme-v02.api.letsencrypt.org/acme/chall/3335975146/704901274036/nM2whQ",
      "status": "pending",
      "token": "-7uTARqtBq_F6WhhDBs-oaLFCuNt-kglSLlEtep9tYs"
    },
    {
      "type": "tls-alpn-01",
      "url": "https://acme-v02.api.letsencrypt.org/acme/chall/3335975146/704901274036/4odlmg",
      "status": "pending",
      "token": "-7uTARqtBq_F6WhhDBs-oaLFCuNt-kglSLlEtep9tYs"
    },
    {
      "type": "dns-01",
      "url": "https://acme-v02.api.letsencrypt.org/acme/chall/3335975146/704901274036/Ur51wg",
      "status": "pending",
      "token": "-7uTARqtBq_F6WhhDBs-oaLFCuNt-kglSLlEtep9tYs"
    }
  ]
}
2026-05-16 03:37:58,638:DEBUG:acme.client:Storing nonce: xoZfuRf-ZZU-9e-THvDCk8CnPVYtrY8IKNqhb5FQBahO0XQ3KfQ
2026-05-16 03:38:01,642:DEBUG:acme.client:JWS payload:
b''
2026-05-16 03:38:01,643:DEBUG:acme.client:Sending POST request to https://acme-v02.api.letsencrypt.org/acme/authz/3335975146/704901274026:
{
  "protected": "eyJhbGciOiAiUlMyNTYiLCAia2lkIjogImh0dHBzOi8vYWNtZS12MDIuYXBpLmxldHNlbmNyeXB0Lm9yZy9hY21lL2FjY3QvMzMzNTk3NTE0NiIsICJub25jZSI6ICJ4b1pmdVJmLVpaVS05ZS1USHZEQ2s4Q25QVll0clk4SUtOcWhiNUZRQmFoTzBYUTNLZlEiLCAidXJsIjogImh0dHBzOi8vYWNtZS12MDIuYXBpLmxldHNlbmNyeXB0Lm9yZy9hY21lL2F1dGh6LzMzMzU5NzUxNDYvNzA0OTAxMjc0MDI2In0",
  "signature": "DfB4AXz03afi5cy5MnfPBCHocU9CeQ0gSiHaVXQULHAQklrFq4TkQRomxO0oMBLzO1HmTkpTPLZiDOIt70--xT90OIrLezSYn2FeOjBw1krEBJHOkmU-sDbhyWxNCWdOoFWWEBGxuHPHzfQmlhQjNXfPml72LIbIO36g7w66PJXYOOL0khaZ9Ux310CEXaphh3Y6rG1_kl29jotGv9o_VImFuc-SPFE1wYrW59Jbn_ofjXjCxlV3WV4JFSxUD31Zmb6GM-y83OF5w7hf4G_oZTfWl3d_dUx3k283yXTA6WKCfkwA2DCP7aJxhB4AEdnnDsMwGEYwYrkJsYKdPR2IPw",
  "payload": ""
}
2026-05-16 03:38:01,835:DEBUG:urllib3.connectionpool:https://acme-v02.api.letsencrypt.org:443 "POST /acme/authz/3335975146/704901274026 HTTP/1.1" 200 821
2026-05-16 03:38:01,835:DEBUG:acme.client:Received response:
HTTP 200
Server: nginx
Date: Sat, 16 May 2026 00:38:01 GMT
Content-Type: application/json
Content-Length: 821
Connection: keep-alive
Boulder-Requester: 3335975146
Cache-Control: public, max-age=0, no-cache
Link: <https://acme-v02.api.letsencrypt.org/directory>;rel="index"
Replay-Nonce: CqJAX5X9upZXFhPr8ulOOTGUiQy5vgCWvkzqb1Z4o-dmxuWuaYk
X-Frame-Options: DENY
Strict-Transport-Security: max-age=604800

{
  "identifier": {
    "type": "dns",
    "value": "aildev.com.tr"
  },
  "status": "pending",
  "expires": "2026-05-23T00:37:48Z",
  "challenges": [
    {
      "type": "dns-01",
      "url": "https://acme-v02.api.letsencrypt.org/acme/chall/3335975146/704901274026/YaNnZQ",
      "status": "pending",
      "token": "Hkb3xfAzHdVWxa5-_k_kyw5lfNqfXfgKCtx7-R8c6PY"
    },
    {
      "type": "http-01",
      "url": "https://acme-v02.api.letsencrypt.org/acme/chall/3335975146/704901274026/LMuFNA",
      "status": "pending",
      "token": "Hkb3xfAzHdVWxa5-_k_kyw5lfNqfXfgKCtx7-R8c6PY"
    },
    {
      "type": "tls-alpn-01",
      "url": "https://acme-v02.api.letsencrypt.org/acme/chall/3335975146/704901274026/Li37SQ",
      "status": "pending",
      "token": "Hkb3xfAzHdVWxa5-_k_kyw5lfNqfXfgKCtx7-R8c6PY"
    }
  ]
}
2026-05-16 03:38:01,835:DEBUG:acme.client:Storing nonce: CqJAX5X9upZXFhPr8ulOOTGUiQy5vgCWvkzqb1Z4o-dmxuWuaYk
2026-05-16 03:38:01,835:DEBUG:acme.client:JWS payload:
b''
2026-05-16 03:38:01,837:DEBUG:acme.client:Sending POST request to https://acme-v02.api.letsencrypt.org/acme/authz/3335975146/704901274036:
{
  "protected": "eyJhbGciOiAiUlMyNTYiLCAia2lkIjogImh0dHBzOi8vYWNtZS12MDIuYXBpLmxldHNlbmNyeXB0Lm9yZy9hY21lL2FjY3QvMzMzNTk3NTE0NiIsICJub25jZSI6ICJDcUpBWDVYOXVwWlhGaFByOHVsT09UR1VpUXk1dmdDV3ZrenFiMVo0by1kbXh1V3VhWWsiLCAidXJsIjogImh0dHBzOi8vYWNtZS12MDIuYXBpLmxldHNlbmNyeXB0Lm9yZy9hY21lL2F1dGh6LzMzMzU5NzUxNDYvNzA0OTAxMjc0MDM2In0",
  "signature": "EZy50sxxidFbjrD9q1OYgDbpb7J2iqDBVbKcXP3y8wkLf6mc3fa_3kSXLlQ45DSejqGbMJDrmENreLUBN1CT-eAq9fg06hSnE-b0e72KZ1_t01iWoTjiW_jxPoXOALA0mlBK1cyhKWsLPFlWS4y23hR1CpfEEJ_1Knvx50w-LxlgKCFFZS-RROcvQEL-ACJZndxrrcc66_2qHvuxLQbzUkssxUOC7aYbXGONOVksXYq7NzOeVL5JDoTQM7QP1dRl-nJIoRUrLqlbQxEwM_58B_VxmeDnucg07xAzssH6jeQe9xTggZ3wNsn8URr5_HUOyP6X76yq0tnPIzLgrre98w",
  "payload": ""
}
2026-05-16 03:38:02,014:DEBUG:urllib3.connectionpool:https://acme-v02.api.letsencrypt.org:443 "POST /acme/authz/3335975146/704901274036 HTTP/1.1" 200 825
2026-05-16 03:38:02,015:DEBUG:acme.client:Received response:
HTTP 200
Server: nginx
Date: Sat, 16 May 2026 00:38:01 GMT
Content-Type: application/json
Content-Length: 825
Connection: keep-alive
Boulder-Requester: 3335975146
Cache-Control: public, max-age=0, no-cache
Link: <https://acme-v02.api.letsencrypt.org/directory>;rel="index"
Replay-Nonce: CqJAX5X92WYXCwhYnACSN-57NH7yxvDt4we6a5mLSBoRiJcbF-s
X-Frame-Options: DENY
Strict-Transport-Security: max-age=604800

{
  "identifier": {
    "type": "dns",
    "value": "www.aildev.com.tr"
  },
  "status": "pending",
  "expires": "2026-05-23T00:37:48Z",
  "challenges": [
    {
      "type": "dns-01",
      "url": "https://acme-v02.api.letsencrypt.org/acme/chall/3335975146/704901274036/Ur51wg",
      "status": "pending",
      "token": "-7uTARqtBq_F6WhhDBs-oaLFCuNt-kglSLlEtep9tYs"
    },
    {
      "type": "tls-alpn-01",
      "url": "https://acme-v02.api.letsencrypt.org/acme/chall/3335975146/704901274036/4odlmg",
      "status": "pending",
      "token": "-7uTARqtBq_F6WhhDBs-oaLFCuNt-kglSLlEtep9tYs"
    },
    {
      "type": "http-01",
      "url": "https://acme-v02.api.letsencrypt.org/acme/chall/3335975146/704901274036/nM2whQ",
      "status": "pending",
      "token": "-7uTARqtBq_F6WhhDBs-oaLFCuNt-kglSLlEtep9tYs"
    }
  ]
}
2026-05-16 03:38:02,015:DEBUG:acme.client:Storing nonce: CqJAX5X92WYXCwhYnACSN-57NH7yxvDt4we6a5mLSBoRiJcbF-s
2026-05-16 03:38:05,018:DEBUG:acme.client:JWS payload:
b''
2026-05-16 03:38:05,020:DEBUG:acme.client:Sending POST request to https://acme-v02.api.letsencrypt.org/acme/authz/3335975146/704901274026:
{
  "protected": "eyJhbGciOiAiUlMyNTYiLCAia2lkIjogImh0dHBzOi8vYWNtZS12MDIuYXBpLmxldHNlbmNyeXB0Lm9yZy9hY21lL2FjY3QvMzMzNTk3NTE0NiIsICJub25jZSI6ICJDcUpBWDVYOTJXWVhDd2hZbkFDU04tNTdOSDd5eHZEdDR3ZTZhNW1MU0JvUmlKY2JGLXMiLCAidXJsIjogImh0dHBzOi8vYWNtZS12MDIuYXBpLmxldHNlbmNyeXB0Lm9yZy9hY21lL2F1dGh6LzMzMzU5NzUxNDYvNzA0OTAxMjc0MDI2In0",
  "signature": "AgCL66g0aUPP8xMGwWDFME4gEl-gRyVlWk5miyaQlP_E0K6iJgscxnKgFWtuTlx2LsVeflHjIlydBwPaxyxVFGBAKaabx5r8nd0cYfMA7cIAhpb3RNnKAISvntpFUVpHhA_YRrm8gW32FBjfWDy0PET6T-Pr6MxGNOHH_JqbkCXHTAYR77SZthDDEYGp_3XH2jKaYXI51wbYmG55gGcNsA--rL_xd8riH4ddQsRHLKIAn_BWMiyEYENBuQh3ZGns_F8xIgG5TGLnwMu2Xd8mZku2Gck39TKGZhBv3mEartJkqOj_fsmH1F3J9mdXTUFZVjnc6-deiuhtzobu8exFDg",
  "payload": ""
}
2026-05-16 03:38:05,198:DEBUG:urllib3.connectionpool:https://acme-v02.api.letsencrypt.org:443 "POST /acme/authz/3335975146/704901274026 HTTP/1.1" 200 821
2026-05-16 03:38:05,198:DEBUG:acme.client:Received response:
HTTP 200
Server: nginx
Date: Sat, 16 May 2026 00:38:05 GMT
Content-Type: application/json
Content-Length: 821
Connection: keep-alive
Boulder-Requester: 3335975146
Cache-Control: public, max-age=0, no-cache
Link: <https://acme-v02.api.letsencrypt.org/directory>;rel="index"
Replay-Nonce: CqJAX5X9oMlAOxeXFJdCJZdN5fjoY-I6dQpEJk5DGOrRKlbHH-o
X-Frame-Options: DENY
Strict-Transport-Security: max-age=604800

{
  "identifier": {
    "type": "dns",
    "value": "aildev.com.tr"
  },
  "status": "pending",
  "expires": "2026-05-23T00:37:48Z",
  "challenges": [
    {
      "type": "dns-01",
      "url": "https://acme-v02.api.letsencrypt.org/acme/chall/3335975146/704901274026/YaNnZQ",
      "status": "pending",
      "token": "Hkb3xfAzHdVWxa5-_k_kyw5lfNqfXfgKCtx7-R8c6PY"
    },
    {
      "type": "http-01",
      "url": "https://acme-v02.api.letsencrypt.org/acme/chall/3335975146/704901274026/LMuFNA",
      "status": "pending",
      "token": "Hkb3xfAzHdVWxa5-_k_kyw5lfNqfXfgKCtx7-R8c6PY"
    },
    {
      "type": "tls-alpn-01",
      "url": "https://acme-v02.api.letsencrypt.org/acme/chall/3335975146/704901274026/Li37SQ",
      "status": "pending",
      "token": "Hkb3xfAzHdVWxa5-_k_kyw5lfNqfXfgKCtx7-R8c6PY"
    }
  ]
}
2026-05-16 03:38:05,198:DEBUG:acme.client:Storing nonce: CqJAX5X9oMlAOxeXFJdCJZdN5fjoY-I6dQpEJk5DGOrRKlbHH-o
2026-05-16 03:38:05,199:DEBUG:acme.client:JWS payload:
b''
2026-05-16 03:38:05,200:DEBUG:acme.client:Sending POST request to https://acme-v02.api.letsencrypt.org/acme/authz/3335975146/704901274036:
{
  "protected": "eyJhbGciOiAiUlMyNTYiLCAia2lkIjogImh0dHBzOi8vYWNtZS12MDIuYXBpLmxldHNlbmNyeXB0Lm9yZy9hY21lL2FjY3QvMzMzNTk3NTE0NiIsICJub25jZSI6ICJDcUpBWDVYOW9NbEFPeGVYRkpkQ0paZE41ZmpvWS1JNmRRcEVKazVER09yUktsYkhILW8iLCAidXJsIjogImh0dHBzOi8vYWNtZS12MDIuYXBpLmxldHNlbmNyeXB0Lm9yZy9hY21lL2F1dGh6LzMzMzU5NzUxNDYvNzA0OTAxMjc0MDM2In0",
  "signature": "uqq0lOk4NfAxGbpYhuwXYS1g8uDIyyQQbO7QyQCsyE81NVRUqDPPgwDUWosQo8FNHYz6WU7oN590FlYcu04Yde8D1oTPN_rs8Qcl_5FO0a1wjL0LNkjSlGwH0iO8zgJPGZI2s5zoQtazPk8ioh0nOKcZ5GqtFa_N1kxxUOgFZNx_3vb3FSprWpl4EJyZqZoUjDNlGET7V6e3gpXTDgaLZb87FtUyn8SF0FfY8bnMN-RyfQF1Hb8Bmt5NMFQOsgkFMqg6kArjpC-IFNm0RIJs3-tEb-Xq_BF4j3HLwCbV20hUlYnlcLpjlGBiVJoobRbZccUDpH7a7Wx4t4YD-umm2A",
  "payload": ""
}
2026-05-16 03:38:05,378:DEBUG:urllib3.connectionpool:https://acme-v02.api.letsencrypt.org:443 "POST /acme/authz/3335975146/704901274036 HTTP/1.1" 200 825
2026-05-16 03:38:05,379:DEBUG:acme.client:Received response:
HTTP 200
Server: nginx
Date: Sat, 16 May 2026 00:38:05 GMT
Content-Type: application/json
Content-Length: 825
Connection: keep-alive
Boulder-Requester: 3335975146
Cache-Control: public, max-age=0, no-cache
Link: <https://acme-v02.api.letsencrypt.org/directory>;rel="index"
Replay-Nonce: CqJAX5X9GNtW9WAtiFh3x_RiBQ3tvvjtRDaY8wBf-hZ6b-adhe4
X-Frame-Options: DENY
Strict-Transport-Security: max-age=604800

{
  "identifier": {
    "type": "dns",
    "value": "www.aildev.com.tr"
  },
  "status": "pending",
  "expires": "2026-05-23T00:37:48Z",
  "challenges": [
    {
      "type": "dns-01",
      "url": "https://acme-v02.api.letsencrypt.org/acme/chall/3335975146/704901274036/Ur51wg",
      "status": "pending",
      "token": "-7uTARqtBq_F6WhhDBs-oaLFCuNt-kglSLlEtep9tYs"
    },
    {
      "type": "http-01",
      "url": "https://acme-v02.api.letsencrypt.org/acme/chall/3335975146/704901274036/nM2whQ",
      "status": "pending",
      "token": "-7uTARqtBq_F6WhhDBs-oaLFCuNt-kglSLlEtep9tYs"
    },
    {
      "type": "tls-alpn-01",
      "url": "https://acme-v02.api.letsencrypt.org/acme/chall/3335975146/704901274036/4odlmg",
      "status": "pending",
      "token": "-7uTARqtBq_F6WhhDBs-oaLFCuNt-kglSLlEtep9tYs"
    }
  ]
}
2026-05-16 03:38:05,379:DEBUG:acme.client:Storing nonce: CqJAX5X9GNtW9WAtiFh3x_RiBQ3tvvjtRDaY8wBf-hZ6b-adhe4
2026-05-16 03:38:08,382:DEBUG:acme.client:JWS payload:
b''
2026-05-16 03:38:08,384:DEBUG:acme.client:Sending POST request to https://acme-v02.api.letsencrypt.org/acme/authz/3335975146/704901274026:
{
  "protected": "eyJhbGciOiAiUlMyNTYiLCAia2lkIjogImh0dHBzOi8vYWNtZS12MDIuYXBpLmxldHNlbmNyeXB0Lm9yZy9hY21lL2FjY3QvMzMzNTk3NTE0NiIsICJub25jZSI6ICJDcUpBWDVYOUdOdFc5V0F0aUZoM3hfUmlCUTN0dnZqdFJEYVk4d0JmLWhaNmItYWRoZTQiLCAidXJsIjogImh0dHBzOi8vYWNtZS12MDIuYXBpLmxldHNlbmNyeXB0Lm9yZy9hY21lL2F1dGh6LzMzMzU5NzUxNDYvNzA0OTAxMjc0MDI2In0",
  "signature": "Ly_J2dRM4gDTiM2MUiy--DuAl8H_w4EuMDE2RCoTLMd_7aTYPfQOlJDqWcWJhlxcZt31kk9pQSVPlIhsZHnVfbW6da8i5sdzp2o0r2ukxTdxTYJ2fIapL34sLrmJHfHcBpA_Spiqa-rLoMHUETIv7h6Yz1HDebVF78C7l8bQtIq6sMUdXANqqTm-sPSQfANsE77ozHHbtUMJlV6rt5FOk6QoiUx_B9kCefb55uo2CWUrsxIvps7eMHT8emvkPOICoGMZ6-9josus2Oakj4F1uo_QQULhFU_crOCHO3XNPO7X6xudDDl1XYhvtVO29G5peDnxKIVEfv0ULef3Ba1vog",
  "payload": ""
}
2026-05-16 03:38:08,561:DEBUG:urllib3.connectionpool:https://acme-v02.api.letsencrypt.org:443 "POST /acme/authz/3335975146/704901274026 HTTP/1.1" 200 821
2026-05-16 03:38:08,561:DEBUG:acme.client:Received response:
HTTP 200
Server: nginx
Date: Sat, 16 May 2026 00:38:08 GMT
Content-Type: application/json
Content-Length: 821
Connection: keep-alive
Boulder-Requester: 3335975146
Cache-Control: public, max-age=0, no-cache
Link: <https://acme-v02.api.letsencrypt.org/directory>;rel="index"
Replay-Nonce: xoZfuRf-SoG7f0s8NtyI0MYSO8WesRFJ0Vi0Jar07pYTYJY_7L8
X-Frame-Options: DENY
Strict-Transport-Security: max-age=604800

{
  "identifier": {
    "type": "dns",
    "value": "aildev.com.tr"
  },
  "status": "pending",
  "expires": "2026-05-23T00:37:48Z",
  "challenges": [
    {
      "type": "http-01",
      "url": "https://acme-v02.api.letsencrypt.org/acme/chall/3335975146/704901274026/LMuFNA",
      "status": "pending",
      "token": "Hkb3xfAzHdVWxa5-_k_kyw5lfNqfXfgKCtx7-R8c6PY"
    },
    {
      "type": "tls-alpn-01",
      "url": "https://acme-v02.api.letsencrypt.org/acme/chall/3335975146/704901274026/Li37SQ",
      "status": "pending",
      "token": "Hkb3xfAzHdVWxa5-_k_kyw5lfNqfXfgKCtx7-R8c6PY"
    },
    {
      "type": "dns-01",
      "url": "https://acme-v02.api.letsencrypt.org/acme/chall/3335975146/704901274026/YaNnZQ",
      "status": "pending",
      "token": "Hkb3xfAzHdVWxa5-_k_kyw5lfNqfXfgKCtx7-R8c6PY"
    }
  ]
}
2026-05-16 03:38:08,561:DEBUG:acme.client:Storing nonce: xoZfuRf-SoG7f0s8NtyI0MYSO8WesRFJ0Vi0Jar07pYTYJY_7L8
2026-05-16 03:38:08,562:DEBUG:acme.client:JWS payload:
b''
2026-05-16 03:38:08,563:DEBUG:acme.client:Sending POST request to https://acme-v02.api.letsencrypt.org/acme/authz/3335975146/704901274036:
{
  "protected": "eyJhbGciOiAiUlMyNTYiLCAia2lkIjogImh0dHBzOi8vYWNtZS12MDIuYXBpLmxldHNlbmNyeXB0Lm9yZy9hY21lL2FjY3QvMzMzNTk3NTE0NiIsICJub25jZSI6ICJ4b1pmdVJmLVNvRzdmMHM4TnR5STBNWVNPOFdlc1JGSjBWaTBKYXIwN3BZVFlKWV83TDgiLCAidXJsIjogImh0dHBzOi8vYWNtZS12MDIuYXBpLmxldHNlbmNyeXB0Lm9yZy9hY21lL2F1dGh6LzMzMzU5NzUxNDYvNzA0OTAxMjc0MDM2In0",
  "signature": "qQMvxVNKDcd6WMHJ7bVZwRY6iUofNijvR-H5vO312GeJin8ELu3IVN5x_zd5Go0rOSV8SnImeMm1FrZFCKBTg127-e_Vy_b7lBylbOVhtqliA1ytg7GdIC_h9tziV76FJx3MH-XmiQvqeE-wXrYoi8GnKDHsrCVB4xZ_CdyPhduQQukGjsBaLzLcxxDuqCKgj608Ji4prN9Qn2w0gwHijves1covWbTKXsMcArc4kjlvv7piCOTQoveCLQkh4Y0BBwmNWFU3cRBnPFgFeZrLfwMPFZqLPSohnbXraHjjgOVmzfkI6MqDqrZ2Ja9oBqqVfQ2qsHI5R9FcWoxOKwSAkQ",
  "payload": ""
}
2026-05-16 03:38:08,753:DEBUG:urllib3.connectionpool:https://acme-v02.api.letsencrypt.org:443 "POST /acme/authz/3335975146/704901274036 HTTP/1.1" 200 825
2026-05-16 03:38:08,754:DEBUG:acme.client:Received response:
HTTP 200
Server: nginx
Date: Sat, 16 May 2026 00:38:08 GMT
Content-Type: application/json
Content-Length: 825
Connection: keep-alive
Boulder-Requester: 3335975146
Cache-Control: public, max-age=0, no-cache
Link: <https://acme-v02.api.letsencrypt.org/directory>;rel="index"
Replay-Nonce: xoZfuRf-D5ZhP-kmvqFpkTWYsZbVXGvjJhKLvc6jybceETht4d0
X-Frame-Options: DENY
Strict-Transport-Security: max-age=604800

{
  "identifier": {
    "type": "dns",
    "value": "www.aildev.com.tr"
  },
  "status": "pending",
  "expires": "2026-05-23T00:37:48Z",
  "challenges": [
    {
      "type": "http-01",
      "url": "https://acme-v02.api.letsencrypt.org/acme/chall/3335975146/704901274036/nM2whQ",
      "status": "pending",
      "token": "-7uTARqtBq_F6WhhDBs-oaLFCuNt-kglSLlEtep9tYs"
    },
    {
      "type": "dns-01",
      "url": "https://acme-v02.api.letsencrypt.org/acme/chall/3335975146/704901274036/Ur51wg",
      "status": "pending",
      "token": "-7uTARqtBq_F6WhhDBs-oaLFCuNt-kglSLlEtep9tYs"
    },
    {
      "type": "tls-alpn-01",
      "url": "https://acme-v02.api.letsencrypt.org/acme/chall/3335975146/704901274036/4odlmg",
      "status": "pending",
      "token": "-7uTARqtBq_F6WhhDBs-oaLFCuNt-kglSLlEtep9tYs"
    }
  ]
}
2026-05-16 03:38:08,754:DEBUG:acme.client:Storing nonce: xoZfuRf-D5ZhP-kmvqFpkTWYsZbVXGvjJhKLvc6jybceETht4d0
2026-05-16 03:38:11,757:DEBUG:acme.client:JWS payload:
b''
2026-05-16 03:38:11,759:DEBUG:acme.client:Sending POST request to https://acme-v02.api.letsencrypt.org/acme/authz/3335975146/704901274026:
{
  "protected": "eyJhbGciOiAiUlMyNTYiLCAia2lkIjogImh0dHBzOi8vYWNtZS12MDIuYXBpLmxldHNlbmNyeXB0Lm9yZy9hY21lL2FjY3QvMzMzNTk3NTE0NiIsICJub25jZSI6ICJ4b1pmdVJmLUQ1WmhQLWttdnFGcGtUV1lzWmJWWEd2akpoS0x2YzZqeWJjZUVUaHQ0ZDAiLCAidXJsIjogImh0dHBzOi8vYWNtZS12MDIuYXBpLmxldHNlbmNyeXB0Lm9yZy9hY21lL2F1dGh6LzMzMzU5NzUxNDYvNzA0OTAxMjc0MDI2In0",
  "signature": "Y3QsBSG2HIOhJrmvYugv9spR5CbDK_c5zb8-miEGkZZVqMrUNa7smFSwzjJ8uOKUIZK6Pdg6Ur5GECVXfW2kTxPchH0i3GAIRzup3G8Oi7wCR-mRhwRATWpj1jq1mSP3xp9dbNGwu3KlLawXEwWUSJm_-cc2NGaBGYChcZEIocSfEMdbdXz7TZb-ZjNOTml0ohmapJg0DqNS5fZfRu621rF3nIfdD1Mc_2wXeQPiwFlLnUdUjuZgIGPTujOkol9wGpmTeeShrPvmMEtSUs00EimYa2iC5M7ovw-3SaZbvi16YGxnQwesvzUciOAWGEEalZqy-nrb15ZfVLD1vxiUag",
  "payload": ""
}
2026-05-16 03:38:11,938:DEBUG:urllib3.connectionpool:https://acme-v02.api.letsencrypt.org:443 "POST /acme/authz/3335975146/704901274026 HTTP/1.1" 200 821
2026-05-16 03:38:11,938:DEBUG:acme.client:Received response:
HTTP 200
Server: nginx
Date: Sat, 16 May 2026 00:38:11 GMT
Content-Type: application/json
Content-Length: 821
Connection: keep-alive
Boulder-Requester: 3335975146
Cache-Control: public, max-age=0, no-cache
Link: <https://acme-v02.api.letsencrypt.org/directory>;rel="index"
Replay-Nonce: xoZfuRf-uOtid3TCrZQncRaBpqbUClBVZDGs2mWJtnxXu0d9VRY
X-Frame-Options: DENY
Strict-Transport-Security: max-age=604800

{
  "identifier": {
    "type": "dns",
    "value": "aildev.com.tr"
  },
  "status": "pending",
  "expires": "2026-05-23T00:37:48Z",
  "challenges": [
    {
      "type": "dns-01",
      "url": "https://acme-v02.api.letsencrypt.org/acme/chall/3335975146/704901274026/YaNnZQ",
      "status": "pending",
      "token": "Hkb3xfAzHdVWxa5-_k_kyw5lfNqfXfgKCtx7-R8c6PY"
    },
    {
      "type": "http-01",
      "url": "https://acme-v02.api.letsencrypt.org/acme/chall/3335975146/704901274026/LMuFNA",
      "status": "pending",
      "token": "Hkb3xfAzHdVWxa5-_k_kyw5lfNqfXfgKCtx7-R8c6PY"
    },
    {
      "type": "tls-alpn-01",
      "url": "https://acme-v02.api.letsencrypt.org/acme/chall/3335975146/704901274026/Li37SQ",
      "status": "pending",
      "token": "Hkb3xfAzHdVWxa5-_k_kyw5lfNqfXfgKCtx7-R8c6PY"
    }
  ]
}
2026-05-16 03:38:11,938:DEBUG:acme.client:Storing nonce: xoZfuRf-uOtid3TCrZQncRaBpqbUClBVZDGs2mWJtnxXu0d9VRY
2026-05-16 03:38:11,938:DEBUG:acme.client:JWS payload:
b''
2026-05-16 03:38:11,940:DEBUG:acme.client:Sending POST request to https://acme-v02.api.letsencrypt.org/acme/authz/3335975146/704901274036:
{
  "protected": "eyJhbGciOiAiUlMyNTYiLCAia2lkIjogImh0dHBzOi8vYWNtZS12MDIuYXBpLmxldHNlbmNyeXB0Lm9yZy9hY21lL2FjY3QvMzMzNTk3NTE0NiIsICJub25jZSI6ICJ4b1pmdVJmLXVPdGlkM1RDclpRbmNSYUJwcWJVQ2xCVlpER3MybVdKdG54WHUwZDlWUlkiLCAidXJsIjogImh0dHBzOi8vYWNtZS12MDIuYXBpLmxldHNlbmNyeXB0Lm9yZy9hY21lL2F1dGh6LzMzMzU5NzUxNDYvNzA0OTAxMjc0MDM2In0",
  "signature": "VLxjb6asyMfvGHENGACkYtSofJX16WshtUXeHWO3C1dmVIPAwHU9h1GVwp5iin1E4NHfqzvDzeqQG1RSVnPFQvnu7ycyyoxVQjmbAqivjLWopTl-3BIIX7TrtiRgWTAQm_r8T8nmgv_7M2IMNunaoGr-TUSjMS0nFyeog2TrxuhSYDaWmaeijxGBm7QTGpOt_GHkXStG6WkKzx1wtPac935xLKVdR4BMW8B2bkBi25VbwofnUJJziNl6ACCWK0Quei6QbLOOCZSSm6qIjiwxXBs6oe0TAfh5o1McooSJeDYKJKITXhDWkkKEEqTdEpGkWRc_RrwABnIHva0T7RXcNw",
  "payload": ""
}
2026-05-16 03:38:12,129:DEBUG:urllib3.connectionpool:https://acme-v02.api.letsencrypt.org:443 "POST /acme/authz/3335975146/704901274036 HTTP/1.1" 200 825
2026-05-16 03:38:12,130:DEBUG:acme.client:Received response:
HTTP 200
Server: nginx
Date: Sat, 16 May 2026 00:38:12 GMT
Content-Type: application/json
Content-Length: 825
Connection: keep-alive
Boulder-Requester: 3335975146
Cache-Control: public, max-age=0, no-cache
Link: <https://acme-v02.api.letsencrypt.org/directory>;rel="index"
Replay-Nonce: CqJAX5X9QpxxwDm9n16nGxuNZRRfHci-2bXw85Vob16FJ6kEjB0
X-Frame-Options: DENY
Strict-Transport-Security: max-age=604800

{
  "identifier": {
    "type": "dns",
    "value": "www.aildev.com.tr"
  },
  "status": "pending",
  "expires": "2026-05-23T00:37:48Z",
  "challenges": [
    {
      "type": "http-01",
      "url": "https://acme-v02.api.letsencrypt.org/acme/chall/3335975146/704901274036/nM2whQ",
      "status": "pending",
      "token": "-7uTARqtBq_F6WhhDBs-oaLFCuNt-kglSLlEtep9tYs"
    },
    {
      "type": "dns-01",
      "url": "https://acme-v02.api.letsencrypt.org/acme/chall/3335975146/704901274036/Ur51wg",
      "status": "pending",
      "token": "-7uTARqtBq_F6WhhDBs-oaLFCuNt-kglSLlEtep9tYs"
    },
    {
      "type": "tls-alpn-01",
      "url": "https://acme-v02.api.letsencrypt.org/acme/chall/3335975146/704901274036/4odlmg",
      "status": "pending",
      "token": "-7uTARqtBq_F6WhhDBs-oaLFCuNt-kglSLlEtep9tYs"
    }
  ]
}
2026-05-16 03:38:12,130:DEBUG:acme.client:Storing nonce: CqJAX5X9QpxxwDm9n16nGxuNZRRfHci-2bXw85Vob16FJ6kEjB0
2026-05-16 03:38:15,133:DEBUG:acme.client:JWS payload:
b''
2026-05-16 03:38:15,135:DEBUG:acme.client:Sending POST request to https://acme-v02.api.letsencrypt.org/acme/authz/3335975146/704901274026:
{
  "protected": "eyJhbGciOiAiUlMyNTYiLCAia2lkIjogImh0dHBzOi8vYWNtZS12MDIuYXBpLmxldHNlbmNyeXB0Lm9yZy9hY21lL2FjY3QvMzMzNTk3NTE0NiIsICJub25jZSI6ICJDcUpBWDVYOVFweHh3RG05bjE2bkd4dU5aUlJmSGNpLTJiWHc4NVZvYjE2Rko2a0VqQjAiLCAidXJsIjogImh0dHBzOi8vYWNtZS12MDIuYXBpLmxldHNlbmNyeXB0Lm9yZy9hY21lL2F1dGh6LzMzMzU5NzUxNDYvNzA0OTAxMjc0MDI2In0",
  "signature": "clHUDKRH4Jy7bH6brM8X0AwaUi3K5KYt3U9gQ2E9yz0OjyngKOVCqRFcPZTis8_oofD7aCUvHRCFVZXZUqrIFey1TkH_hkfeux8_mHDP6hpSbmSqfcfLYD8cDg8O2oK90uExTKOn5wjLUtczxSI0r-VulygB5fMWBEQO4fgkbagyEG3y6fCutmjbAHxwHnEggmPJEy5e5LHj_klI_fyhkr_-Ym_t08tOI4L-YStM0HpwsGMAVmvG1rexMBiCO1DFJgekH1LH0InHnz_ccC_lTm9wux34fFXueeMZ3nSy8M7u1IhIrzbXcupCmUdNtBln9QaezAEeTVNoKafGMCQ2tQ",
  "payload": ""
}
2026-05-16 03:38:15,313:DEBUG:urllib3.connectionpool:https://acme-v02.api.letsencrypt.org:443 "POST /acme/authz/3335975146/704901274026 HTTP/1.1" 200 821
2026-05-16 03:38:15,314:DEBUG:acme.client:Received response:
HTTP 200
Server: nginx
Date: Sat, 16 May 2026 00:38:15 GMT
Content-Type: application/json
Content-Length: 821
Connection: keep-alive
Boulder-Requester: 3335975146
Cache-Control: public, max-age=0, no-cache
Link: <https://acme-v02.api.letsencrypt.org/directory>;rel="index"
Replay-Nonce: CqJAX5X96Ead8bdjNYzMIz499jH_jpT7bouHqVaC4ToUxmM-C64
X-Frame-Options: DENY
Strict-Transport-Security: max-age=604800

{
  "identifier": {
    "type": "dns",
    "value": "aildev.com.tr"
  },
  "status": "pending",
  "expires": "2026-05-23T00:37:48Z",
  "challenges": [
    {
      "type": "tls-alpn-01",
      "url": "https://acme-v02.api.letsencrypt.org/acme/chall/3335975146/704901274026/Li37SQ",
      "status": "pending",
      "token": "Hkb3xfAzHdVWxa5-_k_kyw5lfNqfXfgKCtx7-R8c6PY"
    },
    {
      "type": "dns-01",
      "url": "https://acme-v02.api.letsencrypt.org/acme/chall/3335975146/704901274026/YaNnZQ",
      "status": "pending",
      "token": "Hkb3xfAzHdVWxa5-_k_kyw5lfNqfXfgKCtx7-R8c6PY"
    },
    {
      "type": "http-01",
      "url": "https://acme-v02.api.letsencrypt.org/acme/chall/3335975146/704901274026/LMuFNA",
      "status": "pending",
      "token": "Hkb3xfAzHdVWxa5-_k_kyw5lfNqfXfgKCtx7-R8c6PY"
    }
  ]
}
2026-05-16 03:38:15,314:DEBUG:acme.client:Storing nonce: CqJAX5X96Ead8bdjNYzMIz499jH_jpT7bouHqVaC4ToUxmM-C64
2026-05-16 03:38:15,314:DEBUG:acme.client:JWS payload:
b''
2026-05-16 03:38:15,316:DEBUG:acme.client:Sending POST request to https://acme-v02.api.letsencrypt.org/acme/authz/3335975146/704901274036:
{
  "protected": "eyJhbGciOiAiUlMyNTYiLCAia2lkIjogImh0dHBzOi8vYWNtZS12MDIuYXBpLmxldHNlbmNyeXB0Lm9yZy9hY21lL2FjY3QvMzMzNTk3NTE0NiIsICJub25jZSI6ICJDcUpBWDVYOTZFYWQ4YmRqTll6TUl6NDk5akhfanBUN2JvdUhxVmFDNFRvVXhtTS1DNjQiLCAidXJsIjogImh0dHBzOi8vYWNtZS12MDIuYXBpLmxldHNlbmNyeXB0Lm9yZy9hY21lL2F1dGh6LzMzMzU5NzUxNDYvNzA0OTAxMjc0MDM2In0",
  "signature": "jexVttLSgzzy7dTAeZ-5V6kX4Pz_vtzwB2EtwfdNBNT48aHcUCu5j-bdFyxoDq7LjtPCw59lVRUNFk9pWp37nw0TJojdyClJ5NdDl6Z1GLcM82nClP7qD0OJpzSl0t3U3PQe2xV18X5AgjNUkoUo1f0QsJP7ymJEJeVpKJUYm6BV_31-uP2FqZ8g8FeHrX3QZAQAPIsRXdcUE7MKREQ9b_ZKn0hZbLXy0aZNlFwiMlC4Av87KxoGFSt3xDilG8zvKaugBql95JRbIanfQNyEx9VR23hM_v1el-3Ub1KxbtNOCtpnu2v8PI3i7ox1H4jAQGD8I6KRWOPto4jR6TWY_A",
  "payload": ""
}
2026-05-16 03:38:15,493:DEBUG:urllib3.connectionpool:https://acme-v02.api.letsencrypt.org:443 "POST /acme/authz/3335975146/704901274036 HTTP/1.1" 200 825
2026-05-16 03:38:15,493:DEBUG:acme.client:Received response:
HTTP 200
Server: nginx
Date: Sat, 16 May 2026 00:38:15 GMT
Content-Type: application/json
Content-Length: 825
Connection: keep-alive
Boulder-Requester: 3335975146
Cache-Control: public, max-age=0, no-cache
Link: <https://acme-v02.api.letsencrypt.org/directory>;rel="index"
Replay-Nonce: xoZfuRf-Cu1LjCW4EeMJdBYKwgI3D0xqfUa71rgbCm77eX54Z0s
X-Frame-Options: DENY
Strict-Transport-Security: max-age=604800

{
  "identifier": {
    "type": "dns",
    "value": "www.aildev.com.tr"
  },
  "status": "pending",
  "expires": "2026-05-23T00:37:48Z",
  "challenges": [
    {
      "type": "tls-alpn-01",
      "url": "https://acme-v02.api.letsencrypt.org/acme/chall/3335975146/704901274036/4odlmg",
      "status": "pending",
      "token": "-7uTARqtBq_F6WhhDBs-oaLFCuNt-kglSLlEtep9tYs"
    },
    {
      "type": "http-01",
      "url": "https://acme-v02.api.letsencrypt.org/acme/chall/3335975146/704901274036/nM2whQ",
      "status": "pending",
      "token": "-7uTARqtBq_F6WhhDBs-oaLFCuNt-kglSLlEtep9tYs"
    },
    {
      "type": "dns-01",
      "url": "https://acme-v02.api.letsencrypt.org/acme/chall/3335975146/704901274036/Ur51wg",
      "status": "pending",
      "token": "-7uTARqtBq_F6WhhDBs-oaLFCuNt-kglSLlEtep9tYs"
    }
  ]
}
2026-05-16 03:38:15,494:DEBUG:acme.client:Storing nonce: xoZfuRf-Cu1LjCW4EeMJdBYKwgI3D0xqfUa71rgbCm77eX54Z0s
2026-05-16 03:38:18,497:DEBUG:acme.client:JWS payload:
b''
2026-05-16 03:38:18,498:DEBUG:acme.client:Sending POST request to https://acme-v02.api.letsencrypt.org/acme/authz/3335975146/704901274026:
{
  "protected": "eyJhbGciOiAiUlMyNTYiLCAia2lkIjogImh0dHBzOi8vYWNtZS12MDIuYXBpLmxldHNlbmNyeXB0Lm9yZy9hY21lL2FjY3QvMzMzNTk3NTE0NiIsICJub25jZSI6ICJ4b1pmdVJmLUN1MUxqQ1c0RWVNSmRCWUt3Z0kzRDB4cWZVYTcxcmdiQ203N2VYNTRaMHMiLCAidXJsIjogImh0dHBzOi8vYWNtZS12MDIuYXBpLmxldHNlbmNyeXB0Lm9yZy9hY21lL2F1dGh6LzMzMzU5NzUxNDYvNzA0OTAxMjc0MDI2In0",
  "signature": "EI6L3QVJp-GU8cYb995FhUfYUMILNNVQJU59JxmtvJSkWxwxG7zh6kGQcalaeOrNx-cUx7W4D0z0HdCsZNSFk30EMGFfsdHUPSP63los_3elU7x-5Yf7gRfw9aA9WmQWpw4s23iCV4b9LzyAyvOL_TJy9T7DPWpw4zVo8Zuk9POkSf1ZyGYreXfpIGQmb6e0RqBMKeTWRBIzVgFKYIe_naEMCVfjWhR522yOP9WoTP4GROejSHg6DCOAi1Qy4OkbFqNOU4bE2FOpaLBPSBgb2hDbW-bn6TmJEXErGOcbZcaermIJA5eCxKTR58FK_cD2svQ7UpERaXQ44Gni_5S1mg",
  "payload": ""
}
2026-05-16 03:38:18,677:DEBUG:urllib3.connectionpool:https://acme-v02.api.letsencrypt.org:443 "POST /acme/authz/3335975146/704901274026 HTTP/1.1" 200 821
2026-05-16 03:38:18,677:DEBUG:acme.client:Received response:
HTTP 200
Server: nginx
Date: Sat, 16 May 2026 00:38:18 GMT
Content-Type: application/json
Content-Length: 821
Connection: keep-alive
Boulder-Requester: 3335975146
Cache-Control: public, max-age=0, no-cache
Link: <https://acme-v02.api.letsencrypt.org/directory>;rel="index"
Replay-Nonce: CqJAX5X91e4u8rIzxAtnSeNc2Av0qzWZ9qhPwWPQRkZLqgXngAI
X-Frame-Options: DENY
Strict-Transport-Security: max-age=604800

{
  "identifier": {
    "type": "dns",
    "value": "aildev.com.tr"
  },
  "status": "pending",
  "expires": "2026-05-23T00:37:48Z",
  "challenges": [
    {
      "type": "http-01",
      "url": "https://acme-v02.api.letsencrypt.org/acme/chall/3335975146/704901274026/LMuFNA",
      "status": "pending",
      "token": "Hkb3xfAzHdVWxa5-_k_kyw5lfNqfXfgKCtx7-R8c6PY"
    },
    {
      "type": "tls-alpn-01",
      "url": "https://acme-v02.api.letsencrypt.org/acme/chall/3335975146/704901274026/Li37SQ",
      "status": "pending",
      "token": "Hkb3xfAzHdVWxa5-_k_kyw5lfNqfXfgKCtx7-R8c6PY"
    },
    {
      "type": "dns-01",
      "url": "https://acme-v02.api.letsencrypt.org/acme/chall/3335975146/704901274026/YaNnZQ",
      "status": "pending",
      "token": "Hkb3xfAzHdVWxa5-_k_kyw5lfNqfXfgKCtx7-R8c6PY"
    }
  ]
}
2026-05-16 03:38:18,678:DEBUG:acme.client:Storing nonce: CqJAX5X91e4u8rIzxAtnSeNc2Av0qzWZ9qhPwWPQRkZLqgXngAI
2026-05-16 03:38:18,678:DEBUG:acme.client:JWS payload:
b''
2026-05-16 03:38:18,679:DEBUG:acme.client:Sending POST request to https://acme-v02.api.letsencrypt.org/acme/authz/3335975146/704901274036:
{
  "protected": "eyJhbGciOiAiUlMyNTYiLCAia2lkIjogImh0dHBzOi8vYWNtZS12MDIuYXBpLmxldHNlbmNyeXB0Lm9yZy9hY21lL2FjY3QvMzMzNTk3NTE0NiIsICJub25jZSI6ICJDcUpBWDVYOTFlNHU4ckl6eEF0blNlTmMyQXYwcXpXWjlxaFB3V1BRUmtaTHFnWG5nQUkiLCAidXJsIjogImh0dHBzOi8vYWNtZS12MDIuYXBpLmxldHNlbmNyeXB0Lm9yZy9hY21lL2F1dGh6LzMzMzU5NzUxNDYvNzA0OTAxMjc0MDM2In0",
  "signature": "YojMRawKFt1zaan44sEA95zIRmmSTzKFYUa1GdcMJd6wS9TdEdq6TI0fEhxoQeSSuxiKjQsp_ae3HKhiNZUuXzev4eD5GZUS_F65lYvNA5NuO1y1nRgE8oF8tHdIIadr9qUACA5AY2kVYNeTpkIHZ8gyZgm2pCWpWrVvLnN-f0cWz3Jpd-0I3YmZcQwNT2FGqnaT1bvLAaSYMg16eb1TaTdHnSr5n8M9bdPn6Le9ltkCgDIO0cREshEzyS08MAtud29jGoM_XhA8P9eX2eyvCSudrNO1H9_cV3rgxbAknmxD0v-_qF6gjcMKKlXoeGBZcaAOkOwGu8kjuE8V2w2HLg",
  "payload": ""
}
2026-05-16 03:38:18,857:DEBUG:urllib3.connectionpool:https://acme-v02.api.letsencrypt.org:443 "POST /acme/authz/3335975146/704901274036 HTTP/1.1" 200 825
2026-05-16 03:38:18,857:DEBUG:acme.client:Received response:
HTTP 200
Server: nginx
Date: Sat, 16 May 2026 00:38:18 GMT
Content-Type: application/json
Content-Length: 825
Connection: keep-alive
Boulder-Requester: 3335975146
Cache-Control: public, max-age=0, no-cache
Link: <https://acme-v02.api.letsencrypt.org/directory>;rel="index"
Replay-Nonce: CqJAX5X9ZzHLZoR7HPijxaXhX4Dg2v_RAwg977ROkLuFhz29pIo
X-Frame-Options: DENY
Strict-Transport-Security: max-age=604800

{
  "identifier": {
    "type": "dns",
    "value": "www.aildev.com.tr"
  },
  "status": "pending",
  "expires": "2026-05-23T00:37:48Z",
  "challenges": [
    {
      "type": "http-01",
      "url": "https://acme-v02.api.letsencrypt.org/acme/chall/3335975146/704901274036/nM2whQ",
      "status": "pending",
      "token": "-7uTARqtBq_F6WhhDBs-oaLFCuNt-kglSLlEtep9tYs"
    },
    {
      "type": "dns-01",
      "url": "https://acme-v02.api.letsencrypt.org/acme/chall/3335975146/704901274036/Ur51wg",
      "status": "pending",
      "token": "-7uTARqtBq_F6WhhDBs-oaLFCuNt-kglSLlEtep9tYs"
    },
    {
      "type": "tls-alpn-01",
      "url": "https://acme-v02.api.letsencrypt.org/acme/chall/3335975146/704901274036/4odlmg",
      "status": "pending",
      "token": "-7uTARqtBq_F6WhhDBs-oaLFCuNt-kglSLlEtep9tYs"
    }
  ]
}
2026-05-16 03:38:18,857:DEBUG:acme.client:Storing nonce: CqJAX5X9ZzHLZoR7HPijxaXhX4Dg2v_RAwg977ROkLuFhz29pIo
2026-05-16 03:38:21,861:DEBUG:acme.client:JWS payload:
b''
2026-05-16 03:38:21,862:DEBUG:acme.client:Sending POST request to https://acme-v02.api.letsencrypt.org/acme/authz/3335975146/704901274026:
{
  "protected": "eyJhbGciOiAiUlMyNTYiLCAia2lkIjogImh0dHBzOi8vYWNtZS12MDIuYXBpLmxldHNlbmNyeXB0Lm9yZy9hY21lL2FjY3QvMzMzNTk3NTE0NiIsICJub25jZSI6ICJDcUpBWDVYOVp6SExab1I3SFBpanhhWGhYNERnMnZfUkF3Zzk3N1JPa0x1Rmh6MjlwSW8iLCAidXJsIjogImh0dHBzOi8vYWNtZS12MDIuYXBpLmxldHNlbmNyeXB0Lm9yZy9hY21lL2F1dGh6LzMzMzU5NzUxNDYvNzA0OTAxMjc0MDI2In0",
  "signature": "gz4aHWVEsupl4s_QFbSu9UCSmbhDrmSQQCo-pnWQ-U2dh9QGr_jIfI5LYAZWFoTx_GxMdqQJqDS0h9qca7d7pAtXLuN5-9Vwa2BaSiLSJaeb9MauZEQq2bDecfcnvggiOzfwpqn_v8oxlt81zInIbYqcN30xfn-qFfT22aVIrufh1yuWusEEzIvwQCQ1NtMhRsxYcOhkacppLzBRR3H1SMtDTSA45zljT9088SrGobtsovo17Pgl-AC4_r7o0Tl7z47yHTP-60l7H0aAtbWVq_ZahojvTKXvGFDfTvewjO9lQhCJ6lcTq4EyijHpvQ6Uz2GBh2ETCWrRvRT0qTQBiA",
  "payload": ""
}
2026-05-16 03:38:22,042:DEBUG:urllib3.connectionpool:https://acme-v02.api.letsencrypt.org:443 "POST /acme/authz/3335975146/704901274026 HTTP/1.1" 200 662
2026-05-16 03:38:22,042:DEBUG:acme.client:Received response:
HTTP 200
Server: nginx
Date: Sat, 16 May 2026 00:38:21 GMT
Content-Type: application/json
Content-Length: 662
Connection: keep-alive
Boulder-Requester: 3335975146
Cache-Control: public, max-age=0, no-cache
Link: <https://acme-v02.api.letsencrypt.org/directory>;rel="index"
Replay-Nonce: CqJAX5X9rqQtDogyvga7u_L8yhQjWgHTHyX-kctoSQ_680yZHJw
X-Frame-Options: DENY
Strict-Transport-Security: max-age=604800

{
  "identifier": {
    "type": "dns",
    "value": "aildev.com.tr"
  },
  "status": "invalid",
  "expires": "2026-05-23T00:37:48Z",
  "challenges": [
    {
      "type": "http-01",
      "url": "https://acme-v02.api.letsencrypt.org/acme/chall/3335975146/704901274026/LMuFNA",
      "status": "invalid",
      "validated": "2026-05-16T00:37:50Z",
      "error": {
        "type": "urn:ietf:params:acme:error:dns",
        "detail": "DNS problem: query timed out looking up A for aildev.com.tr; DNS problem: query timed out looking up AAAA for aildev.com.tr",
        "status": 400
      },
      "token": "Hkb3xfAzHdVWxa5-_k_kyw5lfNqfXfgKCtx7-R8c6PY"
    }
  ]
}
2026-05-16 03:38:22,042:DEBUG:acme.client:Storing nonce: CqJAX5X9rqQtDogyvga7u_L8yhQjWgHTHyX-kctoSQ_680yZHJw
2026-05-16 03:38:22,042:DEBUG:acme.client:JWS payload:
b''
2026-05-16 03:38:22,044:DEBUG:acme.client:Sending POST request to https://acme-v02.api.letsencrypt.org/acme/authz/3335975146/704901274036:
{
  "protected": "eyJhbGciOiAiUlMyNTYiLCAia2lkIjogImh0dHBzOi8vYWNtZS12MDIuYXBpLmxldHNlbmNyeXB0Lm9yZy9hY21lL2FjY3QvMzMzNTk3NTE0NiIsICJub25jZSI6ICJDcUpBWDVYOXJxUXREb2d5dmdhN3VfTDh5aFFqV2dIVEh5WC1rY3RvU1FfNjgweVpISnciLCAidXJsIjogImh0dHBzOi8vYWNtZS12MDIuYXBpLmxldHNlbmNyeXB0Lm9yZy9hY21lL2F1dGh6LzMzMzU5NzUxNDYvNzA0OTAxMjc0MDM2In0",
  "signature": "qUWidwt_2zvfqLr21VYh4IZpv4Ly7Hd73y5eGMT6GpUb-BNcVe0D3rg7Ah3SebMGmP9nJz0piO8yaxgJaVBtKg-FHQlmZ912zqk0ZnZ6OsNMU1Fy99I8hDUUgrcGSajgx69ydOSAWRIl24XwbU4dixUTHYE5bKoiM2YGliMujA22awPVIA9xURQE2DrdBrDNb0YYooriyW0nkGw6ahX-RRHDrRRDcN1jsN3_DVDGOxxaLj0OzEQlrJMpcOjtne4B9wWgmgvRKn7ogZGDpPA66PF3O9R6lm1m8PFA3GcPenoJZgBWVRn2ugR4C73KtXggFcfRWgn1EAYgsV1WrlPUIw",
  "payload": ""
}
2026-05-16 03:38:22,222:DEBUG:urllib3.connectionpool:https://acme-v02.api.letsencrypt.org:443 "POST /acme/authz/3335975146/704901274036 HTTP/1.1" 200 674
2026-05-16 03:38:22,222:DEBUG:acme.client:Received response:
HTTP 200
Server: nginx
Date: Sat, 16 May 2026 00:38:22 GMT
Content-Type: application/json
Content-Length: 674
Connection: keep-alive
Boulder-Requester: 3335975146
Cache-Control: public, max-age=0, no-cache
Link: <https://acme-v02.api.letsencrypt.org/directory>;rel="index"
Replay-Nonce: xoZfuRf-ayDOy1XAeOeRWgxWuHqo7rPc_akw8Jl2qoDKRjKY3TU
X-Frame-Options: DENY
Strict-Transport-Security: max-age=604800

{
  "identifier": {
    "type": "dns",
    "value": "www.aildev.com.tr"
  },
  "status": "invalid",
  "expires": "2026-05-23T00:37:48Z",
  "challenges": [
    {
      "type": "http-01",
      "url": "https://acme-v02.api.letsencrypt.org/acme/chall/3335975146/704901274036/nM2whQ",
      "status": "invalid",
      "validated": "2026-05-16T00:37:50Z",
      "error": {
        "type": "urn:ietf:params:acme:error:dns",
        "detail": "DNS problem: query timed out looking up A for www.aildev.com.tr; DNS problem: query timed out looking up AAAA for www.aildev.com.tr",
        "status": 400
      },
      "token": "-7uTARqtBq_F6WhhDBs-oaLFCuNt-kglSLlEtep9tYs"
    }
  ]
}
2026-05-16 03:38:22,223:DEBUG:acme.client:Storing nonce: xoZfuRf-ayDOy1XAeOeRWgxWuHqo7rPc_akw8Jl2qoDKRjKY3TU
2026-05-16 03:38:22,223:INFO:certbot._internal.auth_handler:Challenge failed for domain aildev.com.tr
2026-05-16 03:38:22,223:INFO:certbot._internal.auth_handler:Challenge failed for domain www.aildev.com.tr
2026-05-16 03:38:22,223:INFO:certbot._internal.auth_handler:http-01 challenge for aildev.com.tr
2026-05-16 03:38:22,223:INFO:certbot._internal.auth_handler:http-01 challenge for www.aildev.com.tr
2026-05-16 03:38:22,223:DEBUG:certbot._internal.display.obj:Notifying user: 
Certbot failed to authenticate some domains (authenticator: nginx). The Certificate Authority reported these problems:
  Domain: aildev.com.tr
  Type:   dns
  Detail: DNS problem: query timed out looking up A for aildev.com.tr; DNS problem: query timed out looking up AAAA for aildev.com.tr

  Domain: www.aildev.com.tr
  Type:   dns
  Detail: DNS problem: query timed out looking up A for www.aildev.com.tr; DNS problem: query timed out looking up AAAA for www.aildev.com.tr

Hint: The Certificate Authority failed to verify the temporary nginx configuration changes made by Certbot. Ensure the listed domains point to this nginx server and that it is accessible from the internet.

2026-05-16 03:38:22,224:DEBUG:certbot._internal.error_handler:Encountered exception:
Traceback (most recent call last):
  File "/usr/lib/python3.9/site-packages/certbot/_internal/auth_handler.py", line 108, in handle_authorizations
    self._poll_authorizations(authzrs, max_retries, max_time_mins, best_effort)
  File "/usr/lib/python3.9/site-packages/certbot/_internal/auth_handler.py", line 212, in _poll_authorizations
    raise errors.AuthorizationError('Some challenges have failed.')
certbot.errors.AuthorizationError: Some challenges have failed.

2026-05-16 03:38:22,224:DEBUG:certbot._internal.error_handler:Calling registered functions
2026-05-16 03:38:22,224:INFO:certbot._internal.auth_handler:Cleaning up challenges
2026-05-16 03:38:23,307:DEBUG:certbot._internal.log:Exiting abnormally:
Traceback (most recent call last):
  File "/bin/certbot", line 8, in <module>
    sys.exit(main())
  File "/usr/lib/python3.9/site-packages/certbot/main.py", line 19, in main
    return internal_main.main(cli_args)
  File "/usr/lib/python3.9/site-packages/certbot/_internal/main.py", line 1873, in main
    return config.func(config, plugins)
  File "/usr/lib/python3.9/site-packages/certbot/_internal/main.py", line 1429, in run
    new_lineage = _get_and_save_cert(le_client, config, domains,
  File "/usr/lib/python3.9/site-packages/certbot/_internal/main.py", line 142, in _get_and_save_cert
    lineage = le_client.obtain_and_enroll_certificate(domains, certname)
  File "/usr/lib/python3.9/site-packages/certbot/_internal/client.py", line 518, in obtain_and_enroll_certificate
    cert, chain, key, _ = self.obtain_certificate(domains)
  File "/usr/lib/python3.9/site-packages/certbot/_internal/client.py", line 429, in obtain_certificate
    orderr = self._get_order_and_authorizations(csr.data, self.config.allow_subset_of_names)
  File "/usr/lib/python3.9/site-packages/certbot/_internal/client.py", line 497, in _get_order_and_authorizations
    authzr = self.auth_handler.handle_authorizations(orderr, self.config, best_effort)
  File "/usr/lib/python3.9/site-packages/certbot/_internal/auth_handler.py", line 108, in handle_authorizations
    self._poll_authorizations(authzrs, max_retries, max_time_mins, best_effort)
  File "/usr/lib/python3.9/site-packages/certbot/_internal/auth_handler.py", line 212, in _poll_authorizations
    raise errors.AuthorizationError('Some challenges have failed.')
certbot.errors.AuthorizationError: Some challenges have failed.
2026-05-16 03:38:23,308:ERROR:certbot._internal.log:Some challenges have failed.
